planner_type,candidate_id,seed,runtime_sec,failure_mode,total_cost,total_time,small_science_value,params
simulated_annealing,0,0,1.1357325999997556,0,307.0,3.85,0,"{'horizon': 9, 'iterations': 76, 'initial_temp': 28.57071488588757, 'cooling': 0.9524791518535967}"
simulated_annealing,0,1,2.3849318999564275,0,299.0,3.75,3,"{'horizon': 9, 'iterations': 76, 'initial_temp': 28.57071488588757, 'cooling': 0.9524791518535967}"
simulated_annealing,0,2,24.270807000109926,0,1646.0,20.6,0,"{'horizon': 9, 'iterations': 76, 'initial_temp': 28.57071488588757, 'cooling': 0.9524791518535967}"
simulated_annealing,0,3,1.5484864000463858,0,303.0,3.8000000000000003,0,"{'horizon': 9, 'iterations': 76, 'initial_temp': 28.57071488588757, 'cooling': 0.9524791518535967}"
simulated_annealing,0,4,5.203048099996522,0,471.0,5.9,10,"{'horizon': 9, 'iterations': 76, 'initial_temp': 28.57071488588757, 'cooling': 0.9524791518535967}"
simulated_annealing,0,5,0.14674479991663247,0,255.0,3.2,0,"{'horizon': 9, 'iterations': 76, 'initial_temp': 28.57071488588757, 'cooling': 0.9524791518535967}"
simulated_annealing,0,6,19.21135860006325,1,5000.0,62.5,0,"{'horizon': 9, 'iterations': 76, 'initial_temp': 28.57071488588757, 'cooling': 0.9524791518535967}"
simulated_annealing,0,7,1.7058075000531971,0,344.0,4.3500000000000005,0,"{'horizon': 9, 'iterations': 76, 'initial_temp': 28.57071488588757, 'cooling': 0.9524791518535967}"
simulated_annealing,0,8,5.484155399957672,0,379.0,4.75,3,"{'horizon': 9, 'iterations': 76, 'initial_temp': 28.57071488588757, 'cooling': 0.9524791518535967}"
simulated_annealing,0,9,5.736198299913667,0,765.0,9.600000000000001,2,"{'horizon': 9, 'iterations': 76, 'initial_temp': 28.57071488588757, 'cooling': 0.9524791518535967}"
simulated_annealing,0,10,4.043546800035983,0,315.0,3.95,1,"{'horizon': 9, 'iterations': 76, 'initial_temp': 28.57071488588757, 'cooling': 0.9524791518535967}"
simulated_annealing,0,11,4.768096100073308,0,359.0,4.5,11,"{'horizon': 9, 'iterations': 76, 'initial_temp': 28.57071488588757, 'cooling': 0.9524791518535967}"
simulated_annealing,0,12,86.11425470001996,-1,1000000000.0,1000000000.0,0.0,"{'horizon': 9, 'iterations': 76, 'initial_temp': 28.57071488588757, 'cooling': 0.9524791518535967}"
simulated_annealing,0,13,12.413289699936286,0,1097.0,14.100000000000001,13,"{'horizon': 9, 'iterations': 76, 'initial_temp': 28.57071488588757, 'cooling': 0.9524791518535967}"
simulated_annealing,0,14,3.0910662999376655,0,586.0,7.7,0,"{'horizon': 9, 'iterations': 76, 'initial_temp': 28.57071488588757, 'cooling': 0.9524791518535967}"
simulated_annealing,1,0,0.6030923000071198,0,279.0,3.5,0,"{'horizon': 15, 'iterations': 45, 'initial_temp': 5.524540572830659, 'cooling': 0.8718392328470683}"
simulated_annealing,1,1,3.9384295999770984,0,871.0,10.9,3,"{'horizon': 15, 'iterations': 45, 'initial_temp': 5.524540572830659, 'cooling': 0.8718392328470683}"
simulated_annealing,1,2,1.8186844000592828,0,363.0,4.55,4,"{'horizon': 15, 'iterations': 45, 'initial_temp': 5.524540572830659, 'cooling': 0.8718392328470683}"
simulated_annealing,1,3,1.0710855999495834,0,315.0,3.95,0,"{'horizon': 15, 'iterations': 45, 'initial_temp': 5.524540572830659, 'cooling': 0.8718392328470683}"
simulated_annealing,1,4,5.868075200007297,0,1400.0,17.6,16,"{'horizon': 15, 'iterations': 45, 'initial_temp': 5.524540572830659, 'cooling': 0.8718392328470683}"
simulated_annealing,1,5,0.1538682000245899,0,255.0,3.2,0,"{'horizon': 15, 'iterations': 45, 'initial_temp': 5.524540572830659, 'cooling': 0.8718392328470683}"
simulated_annealing,1,6,1.396917499951087,0,291.0,3.6500000000000004,3,"{'horizon': 15, 'iterations': 45, 'initial_temp': 5.524540572830659, 'cooling': 0.8718392328470683}"
simulated_annealing,1,7,0.7744209000375122,0,295.0,3.7,0,"{'horizon': 15, 'iterations': 45, 'initial_temp': 5.524540572830659, 'cooling': 0.8718392328470683}"
simulated_annealing,1,8,3.4031202999176458,0,403.0,5.050000000000001,13,"{'horizon': 15, 'iterations': 45, 'initial_temp': 5.524540572830659, 'cooling': 0.8718392328470683}"
simulated_annealing,1,9,1.2292142000515014,0,303.0,3.8000000000000003,0,"{'horizon': 15, 'iterations': 45, 'initial_temp': 5.524540572830659, 'cooling': 0.8718392328470683}"
simulated_annealing,1,10,2.4818189999787137,0,371.0,4.65,0,"{'horizon': 15, 'iterations': 45, 'initial_temp': 5.524540572830659, 'cooling': 0.8718392328470683}"
simulated_annealing,1,11,2.5725270999828354,0,295.0,3.7,11,"{'horizon': 15, 'iterations': 45, 'initial_temp': 5.524540572830659, 'cooling': 0.8718392328470683}"
simulated_annealing,1,12,2.7233344999840483,0,559.0,7.0,6,"{'horizon': 15, 'iterations': 45, 'initial_temp': 5.524540572830659, 'cooling': 0.8718392328470683}"
simulated_annealing,1,13,57.59330750000663,1,5002.0,70.05,5,"{'horizon': 15, 'iterations': 45, 'initial_temp': 5.524540572830659, 'cooling': 0.8718392328470683}"
simulated_annealing,1,14,2.128460600040853,0,491.0,6.15,0,"{'horizon': 15, 'iterations': 45, 'initial_temp': 5.524540572830659, 'cooling': 0.8718392328470683}"
simulated_annealing,2,0,1.0075072000036016,0,299.0,3.75,0,"{'horizon': 13, 'iterations': 99, 'initial_temp': 26.11910822747312, 'cooling': 0.9341561016440492}"
simulated_annealing,2,1,3.158272900036536,0,263.0,3.3000000000000003,3,"{'horizon': 13, 'iterations': 99, 'initial_temp': 26.11910822747312, 'cooling': 0.9341561016440492}"
simulated_annealing,2,2,15.119537799968384,0,703.0,8.8,8,"{'horizon': 13, 'iterations': 99, 'initial_temp': 26.11910822747312, 'cooling': 0.9341561016440492}"
simulated_annealing,2,3,1.1206212999532,0,299.0,3.75,0,"{'horizon': 13, 'iterations': 99, 'initial_temp': 26.11910822747312, 'cooling': 0.9341561016440492}"
simulated_annealing,2,4,7.486115999985486,0,383.0,4.800000000000001,9,"{'horizon': 13, 'iterations': 99, 'initial_temp': 26.11910822747312, 'cooling': 0.9341561016440492}"
simulated_annealing,2,5,0.14791579998563975,0,255.0,3.2,0,"{'horizon': 13, 'iterations': 99, 'initial_temp': 26.11910822747312, 'cooling': 0.9341561016440492}"
simulated_annealing,2,6,23.338252800051123,1,5000.0,62.5,0,"{'horizon': 13, 'iterations': 99, 'initial_temp': 26.11910822747312, 'cooling': 0.9341561016440492}"
simulated_annealing,2,7,0.6685137000167742,0,263.0,3.3000000000000003,4,"{'horizon': 13, 'iterations': 99, 'initial_temp': 26.11910822747312, 'cooling': 0.9341561016440492}"
simulated_annealing,2,8,4.502860200009309,0,351.0,4.4,3,"{'horizon': 13, 'iterations': 99, 'initial_temp': 26.11910822747312, 'cooling': 0.9341561016440492}"
simulated_annealing,2,9,1.5807148000458255,0,267.0,3.35,0,"{'horizon': 13, 'iterations': 99, 'initial_temp': 26.11910822747312, 'cooling': 0.9341561016440492}"
simulated_annealing,2,10,11.929490600014105,0,407.0,5.1000000000000005,1,"{'horizon': 13, 'iterations': 99, 'initial_temp': 26.11910822747312, 'cooling': 0.9341561016440492}"
simulated_annealing,2,11,5.025203499943018,0,331.0,4.15,8,"{'horizon': 13, 'iterations': 99, 'initial_temp': 26.11910822747312, 'cooling': 0.9341561016440492}"
simulated_annealing,2,12,2.2757203999208286,0,343.0,4.3,9,"{'horizon': 13, 'iterations': 99, 'initial_temp': 26.11910822747312, 'cooling': 0.9341561016440492}"
simulated_annealing,2,13,9.228198500000872,0,655.0,8.200000000000001,8,"{'horizon': 13, 'iterations': 99, 'initial_temp': 26.11910822747312, 'cooling': 0.9341561016440492}"
simulated_annealing,2,14,5.865254099946469,0,427.0,5.3500000000000005,1,"{'horizon': 13, 'iterations': 99, 'initial_temp': 26.11910822747312, 'cooling': 0.9341561016440492}"
simulated_annealing,3,0,16.11673259991221,0,398.0,5.050000000000001,5,"{'horizon': 10, 'iterations': 27, 'initial_temp': 1.596950334578271, 'cooling': 0.9857873793026792}"
simulated_annealing,3,1,0.8639520999277011,0,251.0,3.1500000000000004,3,"{'horizon': 10, 'iterations': 27, 'initial_temp': 1.596950334578271, 'cooling': 0.9857873793026792}"
simulated_annealing,3,2,5.936098599922843,0,819.0,10.25,4,"{'horizon': 10, 'iterations': 27, 'initial_temp': 1.596950334578271, 'cooling': 0.9857873793026792}"
simulated_annealing,3,3,1.0616255999775603,0,339.0,4.25,0,"{'horizon': 10, 'iterations': 27, 'initial_temp': 1.596950334578271, 'cooling': 0.9857873793026792}"
simulated_annealing,3,4,4.343092600000091,0,1455.0,18.25,6,"{'horizon': 10, 'iterations': 27, 'initial_temp': 1.596950334578271, 'cooling': 0.9857873793026792}"
simulated_annealing,3,5,0.15001119999215007,0,255.0,3.2,0,"{'horizon': 10, 'iterations': 27, 'initial_temp': 1.596950334578271, 'cooling': 0.9857873793026792}"
simulated_annealing,3,6,1.8787720000836998,0,719.0,9.0,0,"{'horizon': 10, 'iterations': 27, 'initial_temp': 1.596950334578271, 'cooling': 0.9857873793026792}"
simulated_annealing,3,7,0.5798829999985173,0,295.0,3.7,0,"{'horizon': 10, 'iterations': 27, 'initial_temp': 1.596950334578271, 'cooling': 0.9857873793026792}"
simulated_annealing,3,8,3.0291384999873117,0,467.0,5.8500000000000005,0,"{'horizon': 10, 'iterations': 27, 'initial_temp': 1.596950334578271, 'cooling': 0.9857873793026792}"
simulated_annealing,3,9,0.74745859997347,0,289.0,3.6500000000000004,0,"{'horizon': 10, 'iterations': 27, 'initial_temp': 1.596950334578271, 'cooling': 0.9857873793026792}"
simulated_annealing,3,10,18.200311599997804,0,3219.0,40.25,3,"{'horizon': 10, 'iterations': 27, 'initial_temp': 1.596950334578271, 'cooling': 0.9857873793026792}"
simulated_annealing,3,11,2.0850445999531075,0,341.0,4.3,11,"{'horizon': 10, 'iterations': 27, 'initial_temp': 1.596950334578271, 'cooling': 0.9857873793026792}"
simulated_annealing,3,12,1.86598140001297,0,607.0,7.6000000000000005,11,"{'horizon': 10, 'iterations': 27, 'initial_temp': 1.596950334578271, 'cooling': 0.9857873793026792}"
simulated_annealing,3,13,46.60807419999037,1,5001.0,70.0,4,"{'horizon': 10, 'iterations': 27, 'initial_temp': 1.596950334578271, 'cooling': 0.9857873793026792}"
simulated_annealing,3,14,1.6036505999509245,0,335.0,4.2,4,"{'horizon': 10, 'iterations': 27, 'initial_temp': 1.596950334578271, 'cooling': 0.9857873793026792}"
simulated_annealing,4,0,3.392544300062582,0,515.0,6.45,7,"{'horizon': 14, 'iterations': 54, 'initial_temp': 7.157834209670009, 'cooling': 0.875455495408994}"
simulated_annealing,4,1,2.244941100012511,0,259.0,3.25,3,"{'horizon': 14, 'iterations': 54, 'initial_temp': 7.157834209670009, 'cooling': 0.875455495408994}"
simulated_annealing,4,2,24.49997479992453,1,5000.0,66.2,2,"{'horizon': 14, 'iterations': 54, 'initial_temp': 7.157834209670009, 'cooling': 0.875455495408994}"
simulated_annealing,4,3,1.4268506000516936,0,311.0,3.9000000000000004,0,"{'horizon': 14, 'iterations': 54, 'initial_temp': 7.157834209670009, 'cooling': 0.875455495408994}"
simulated_annealing,4,4,3.0797920000040904,0,355.0,4.45,4,"{'horizon': 14, 'iterations': 54, 'initial_temp': 7.157834209670009, 'cooling': 0.875455495408994}"
simulated_annealing,4,5,0.14817150007002056,0,255.0,3.2,0,"{'horizon': 14, 'iterations': 54, 'initial_temp': 7.157834209670009, 'cooling': 0.875455495408994}"
simulated_annealing,4,6,1.860405399929732,0,407.0,5.1000000000000005,3,"{'horizon': 14, 'iterations': 54, 'initial_temp': 7.157834209670009, 'cooling': 0.875455495408994}"
simulated_annealing,4,7,1.3008241000352427,0,370.0,4.7,0,"{'horizon': 14, 'iterations': 54, 'initial_temp': 7.157834209670009, 'cooling': 0.875455495408994}"
simulated_annealing,4,8,2.5031912000849843,0,327.0,4.1000000000000005,10,"{'horizon': 14, 'iterations': 54, 'initial_temp': 7.157834209670009, 'cooling': 0.875455495408994}"
simulated_annealing,4,9,1.6108166999183595,0,291.0,3.6500000000000004,2,"{'horizon': 14, 'iterations': 54, 'initial_temp': 7.157834209670009, 'cooling': 0.875455495408994}"
simulated_annealing,4,10,15.988091100007296,0,2403.0,30.05,3,"{'horizon': 14, 'iterations': 54, 'initial_temp': 7.157834209670009, 'cooling': 0.875455495408994}"
simulated_annealing,4,11,28.369908900000155,0,317.0,4.0,11,"{'horizon': 14, 'iterations': 54, 'initial_temp': 7.157834209670009, 'cooling': 0.875455495408994}"
simulated_annealing,4,12,1.3385601000627503,0,339.0,4.25,6,"{'horizon': 14, 'iterations': 54, 'initial_temp': 7.157834209670009, 'cooling': 0.875455495408994}"
simulated_annealing,4,13,7.166841799975373,0,1148.0,14.55,4,"{'horizon': 14, 'iterations': 54, 'initial_temp': 7.157834209670009, 'cooling': 0.875455495408994}"
simulated_annealing,4,14,4.991499499999918,0,487.0,6.1000000000000005,0,"{'horizon': 14, 'iterations': 54, 'initial_temp': 7.157834209670009, 'cooling': 0.875455495408994}"
simulated_annealing,5,0,1.7081951000727713,0,403.0,5.050000000000001,4,"{'horizon': 7, 'iterations': 57, 'initial_temp': 9.823025045826594, 'cooling': 0.9234659004285133}"
simulated_annealing,5,1,3.41283739998471,0,319.0,4.0,3,"{'horizon': 7, 'iterations': 57, 'initial_temp': 9.823025045826594, 'cooling': 0.9234659004285133}"
simulated_annealing,5,2,16.16196850000415,0,1223.0,15.4,0,"{'horizon': 7, 'iterations': 57, 'initial_temp': 9.823025045826594, 'cooling': 0.9234659004285133}"
simulated_annealing,5,3,1.291547300061211,0,319.0,4.0,0,"{'horizon': 7, 'iterations': 57, 'initial_temp': 9.823025045826594, 'cooling': 0.9234659004285133}"
simulated_annealing,5,4,2.8744129999540746,0,299.0,3.75,8,"{'horizon': 7, 'iterations': 57, 'initial_temp': 9.823025045826594, 'cooling': 0.9234659004285133}"
simulated_annealing,5,5,0.15288470010273159,0,255.0,3.2,0,"{'horizon': 7, 'iterations': 57, 'initial_temp': 9.823025045826594, 'cooling': 0.9234659004285133}"
simulated_annealing,5,6,16.122914499952458,1,5000.0,62.5,0,"{'horizon': 7, 'iterations': 57, 'initial_temp': 9.823025045826594, 'cooling': 0.9234659004285133}"
simulated_annealing,5,7,0.9111308000283316,0,295.0,3.7,3,"{'horizon': 7, 'iterations': 57, 'initial_temp': 9.823025045826594, 'cooling': 0.9234659004285133}"
simulated_annealing,5,8,2.9298845999874175,0,339.0,4.25,3,"{'horizon': 7, 'iterations': 57, 'initial_temp': 9.823025045826594, 'cooling': 0.9234659004285133}"
simulated_annealing,5,9,4.678658799966797,0,350.0,4.4,2,"{'horizon': 7, 'iterations': 57, 'initial_temp': 9.823025045826594, 'cooling': 0.9234659004285133}"
simulated_annealing,5,10,6.862984800012782,0,327.0,4.1000000000000005,7,"{'horizon': 7, 'iterations': 57, 'initial_temp': 9.823025045826594, 'cooling': 0.9234659004285133}"
simulated_annealing,5,11,5.550797599949874,0,323.0,4.05,11,"{'horizon': 7, 'iterations': 57, 'initial_temp': 9.823025045826594, 'cooling': 0.9234659004285133}"
simulated_annealing,5,12,6.081372799933888,0,996.0,12.9,4,"{'horizon': 7, 'iterations': 57, 'initial_temp': 9.823025045826594, 'cooling': 0.9234659004285133}"
simulated_annealing,5,13,5.72263189998921,0,587.0,7.3500000000000005,4,"{'horizon': 7, 'iterations': 57, 'initial_temp': 9.823025045826594, 'cooling': 0.9234659004285133}"
simulated_annealing,5,14,3.5828063999069855,0,519.0,6.800000000000001,4,"{'horizon': 7, 'iterations': 57, 'initial_temp': 9.823025045826594, 'cooling': 0.9234659004285133}"
simulated_annealing,6,0,0.6613920000381768,0,287.0,3.6,0,"{'horizon': 14, 'iterations': 73, 'initial_temp': 16.218465147493283, 'cooling': 0.9059805360401357}"
simulated_annealing,6,1,1.6937648999737576,0,255.0,3.2,3,"{'horizon': 14, 'iterations': 73, 'initial_temp': 16.218465147493283, 'cooling': 0.9059805360401357}"
simulated_annealing,6,2,3.2497763000428677,0,319.0,4.0,0,"{'horizon': 14, 'iterations': 73, 'initial_temp': 16.218465147493283, 'cooling': 0.9059805360401357}"
simulated_annealing,6,3,2.102251200005412,0,347.0,4.3500000000000005,2,"{'horizon': 14, 'iterations': 73, 'initial_temp': 16.218465147493283, 'cooling': 0.9059805360401357}"
simulated_annealing,6,4,3.515701900003478,0,363.0,4.55,16,"{'horizon': 14, 'iterations': 73, 'initial_temp': 16.218465147493283, 'cooling': 0.9059805360401357}"
simulated_annealing,6,5,0.1427085999166593,0,255.0,3.2,0,"{'horizon': 14, 'iterations': 73, 'initial_temp': 16.218465147493283, 'cooling': 0.9059805360401357}"
simulated_annealing,6,6,2.086946399998851,0,315.0,3.95,6,"{'horizon': 14, 'iterations': 73, 'initial_temp': 16.218465147493283, 'cooling': 0.9059805360401357}"
simulated_annealing,6,7,1.5354072999907658,0,399.0,5.15,1,"{'horizon': 14, 'iterations': 73, 'initial_temp': 16.218465147493283, 'cooling': 0.9059805360401357}"
simulated_annealing,6,8,3.4922667000209913,0,355.0,4.45,10,"{'horizon': 14, 'iterations': 73, 'initial_temp': 16.218465147493283, 'cooling': 0.9059805360401357}"
simulated_annealing,6,9,3.5827429000055417,0,427.0,5.3500000000000005,2,"{'horizon': 14, 'iterations': 73, 'initial_temp': 16.218465147493283, 'cooling': 0.9059805360401357}"
simulated_annealing,6,10,6.222357499995269,0,355.0,4.45,1,"{'horizon': 14, 'iterations': 73, 'initial_temp': 16.218465147493283, 'cooling': 0.9059805360401357}"
simulated_annealing,6,11,4.11110760003794,0,359.0,4.5,11,"{'horizon': 14, 'iterations': 73, 'initial_temp': 16.218465147493283, 'cooling': 0.9059805360401357}"
simulated_annealing,6,12,3.3082808000035584,0,503.0,6.300000000000001,9,"{'horizon': 14, 'iterations': 73, 'initial_temp': 16.218465147493283, 'cooling': 0.9059805360401357}"
simulated_annealing,6,13,6.416915699956007,0,619.0,7.75,5,"{'horizon': 14, 'iterations': 73, 'initial_temp': 16.218465147493283, 'cooling': 0.9059805360401357}"
simulated_annealing,6,14,3.3794416999444366,0,347.0,4.3500000000000005,2,"{'horizon': 14, 'iterations': 73, 'initial_temp': 16.218465147493283, 'cooling': 0.9059805360401357}"
simulated_annealing,7,0,0.7782047999789938,0,287.0,3.6,0,"{'horizon': 14, 'iterations': 84, 'initial_temp': 11.62449345551706, 'cooling': 0.913849797790385}"
simulated_annealing,7,1,1.8849849000107497,0,259.0,3.25,3,"{'horizon': 14, 'iterations': 84, 'initial_temp': 11.62449345551706, 'cooling': 0.913849797790385}"
simulated_annealing,7,2,9.919297999935225,0,419.0,5.25,4,"{'horizon': 14, 'iterations': 84, 'initial_temp': 11.62449345551706, 'cooling': 0.913849797790385}"
simulated_annealing,7,3,71.7094497999642,-1,1000000000.0,1000000000.0,0.0,"{'horizon': 14, 'iterations': 84, 'initial_temp': 11.62449345551706, 'cooling': 0.913849797790385}"
simulated_annealing,7,4,4.22232130006887,0,315.0,3.95,9,"{'horizon': 14, 'iterations': 84, 'initial_temp': 11.62449345551706, 'cooling': 0.913849797790385}"
simulated_annealing,7,5,0.15032770007383078,0,255.0,3.2,0,"{'horizon': 14, 'iterations': 84, 'initial_temp': 11.62449345551706, 'cooling': 0.913849797790385}"
simulated_annealing,7,6,5.2330818000482395,0,631.0,8.15,7,"{'horizon': 14, 'iterations': 84, 'initial_temp': 11.62449345551706, 'cooling': 0.913849797790385}"
simulated_annealing,7,7,1.0604392999084666,0,299.0,3.75,3,"{'horizon': 14, 'iterations': 84, 'initial_temp': 11.62449345551706, 'cooling': 0.913849797790385}"
simulated_annealing,7,8,4.176440699957311,0,371.0,4.65,7,"{'horizon': 14, 'iterations': 84, 'initial_temp': 11.62449345551706, 'cooling': 0.913849797790385}"
simulated_annealing,7,9,14.329723399947397,0,939.0,11.75,2,"{'horizon': 14, 'iterations': 84, 'initial_temp': 11.62449345551706, 'cooling': 0.913849797790385}"
simulated_annealing,7,10,7.385863199946471,0,371.0,4.65,5,"{'horizon': 14, 'iterations': 84, 'initial_temp': 11.62449345551706, 'cooling': 0.913849797790385}"
simulated_annealing,7,11,3.9030173000646755,0,311.0,3.9000000000000004,11,"{'horizon': 14, 'iterations': 84, 'initial_temp': 11.62449345551706, 'cooling': 0.913849797790385}"
simulated_annealing,7,12,2.1622668000636622,0,370.0,4.65,9,"{'horizon': 14, 'iterations': 84, 'initial_temp': 11.62449345551706, 'cooling': 0.913849797790385}"
simulated_annealing,7,13,8.607437500031665,0,599.0,7.5,7,"{'horizon': 14, 'iterations': 84, 'initial_temp': 11.62449345551706, 'cooling': 0.913849797790385}"
simulated_annealing,7,14,2.6186754000373185,0,331.0,4.15,1,"{'horizon': 14, 'iterations': 84, 'initial_temp': 11.62449345551706, 'cooling': 0.913849797790385}"
simulated_annealing,8,0,0.5217078999849036,0,255.0,3.2,0,"{'horizon': 5, 'iterations': 79, 'initial_temp': 29.513695688396858, 'cooling': 0.9153468050547172}"
simulated_annealing,8,1,2.112739200005308,0,255.0,3.2,3,"{'horizon': 5, 'iterations': 79, 'initial_temp': 29.513695688396858, 'cooling': 0.9153468050547172}"
simulated_annealing,8,2,44.49761409999337,0,4299.0,53.75,0,"{'horizon': 5, 'iterations': 79, 'initial_temp': 29.513695688396858, 'cooling': 0.9153468050547172}"
simulated_annealing,8,3,1.073900799965486,0,283.0,3.5500000000000003,2,"{'horizon': 5, 'iterations': 79, 'initial_temp': 29.513695688396858, 'cooling': 0.9153468050547172}"
simulated_annealing,8,4,5.894041800056584,0,699.0,8.75,17,"{'horizon': 5, 'iterations': 79, 'initial_temp': 29.513695688396858, 'cooling': 0.9153468050547172}"
simulated_annealing,8,5,0.17367350007407367,0,255.0,3.2,0,"{'horizon': 5, 'iterations': 79, 'initial_temp': 29.513695688396858, 'cooling': 0.9153468050547172}"
simulated_annealing,8,6,21.45056360005401,1,5000.0,62.5,0,"{'horizon': 5, 'iterations': 79, 'initial_temp': 29.513695688396858, 'cooling': 0.9153468050547172}"
simulated_annealing,8,7,0.8701114000286907,0,263.0,3.3000000000000003,4,"{'horizon': 5, 'iterations': 79, 'initial_temp': 29.513695688396858, 'cooling': 0.9153468050547172}"
simulated_annealing,8,8,4.913424300029874,0,455.0,5.7,10,"{'horizon': 5, 'iterations': 79, 'initial_temp': 29.513695688396858, 'cooling': 0.9153468050547172}"
simulated_annealing,8,9,1.5391887000296265,0,298.0,3.75,2,"{'horizon': 5, 'iterations': 79, 'initial_temp': 29.513695688396858, 'cooling': 0.9153468050547172}"
simulated_annealing,8,10,2.8644376000156626,0,279.0,3.5,6,"{'horizon': 5, 'iterations': 79, 'initial_temp': 29.513695688396858, 'cooling': 0.9153468050547172}"
simulated_annealing,8,11,3.5970443000551313,0,303.0,3.8000000000000003,11,"{'horizon': 5, 'iterations': 79, 'initial_temp': 29.513695688396858, 'cooling': 0.9153468050547172}"
simulated_annealing,8,12,2.625769699923694,0,383.0,4.800000000000001,9,"{'horizon': 5, 'iterations': 79, 'initial_temp': 29.513695688396858, 'cooling': 0.9153468050547172}"
simulated_annealing,8,13,10.685707499971613,0,743.0,9.3,5,"{'horizon': 5, 'iterations': 79, 'initial_temp': 29.513695688396858, 'cooling': 0.9153468050547172}"
simulated_annealing,8,14,4.859093200066127,0,467.0,5.8500000000000005,0,"{'horizon': 5, 'iterations': 79, 'initial_temp': 29.513695688396858, 'cooling': 0.9153468050547172}"
simulated_annealing,9,0,0.7657362000318244,0,271.0,3.4000000000000004,4,"{'horizon': 7, 'iterations': 75, 'initial_temp': 20.72891861904561, 'cooling': 0.913069895275736}"
simulated_annealing,9,1,3.712239300017245,0,315.0,3.95,3,"{'horizon': 7, 'iterations': 75, 'initial_temp': 20.72891861904561, 'cooling': 0.913069895275736}"
simulated_annealing,9,2,22.93402479996439,0,1591.0,19.900000000000002,0,"{'horizon': 7, 'iterations': 75, 'initial_temp': 20.72891861904561, 'cooling': 0.913069895275736}"
simulated_annealing,9,3,1.078212199965492,0,283.0,3.5500000000000003,2,"{'horizon': 7, 'iterations': 75, 'initial_temp': 20.72891861904561, 'cooling': 0.913069895275736}"
simulated_annealing,9,4,9.60774219990708,0,1323.0,16.55,9,"{'horizon': 7, 'iterations': 75, 'initial_temp': 20.72891861904561, 'cooling': 0.913069895275736}"
simulated_annealing,9,5,0.14698439999483526,0,255.0,3.2,0,"{'horizon': 7, 'iterations': 75, 'initial_temp': 20.72891861904561, 'cooling': 0.913069895275736}"
simulated_annealing,9,6,2.2381159000797197,0,303.0,3.8000000000000003,6,"{'horizon': 7, 'iterations': 75, 'initial_temp': 20.72891861904561, 'cooling': 0.913069895275736}"
simulated_annealing,9,7,0.9486295999959111,0,299.0,3.75,3,"{'horizon': 7, 'iterations': 75, 'initial_temp': 20.72891861904561, 'cooling': 0.913069895275736}"
simulated_annealing,9,8,84.67290090001188,-1,1000000000.0,1000000000.0,0.0,"{'horizon': 7, 'iterations': 75, 'initial_temp': 20.72891861904561, 'cooling': 0.913069895275736}"
simulated_annealing,9,9,3.1653110999614,0,303.0,3.8000000000000003,2,"{'horizon': 7, 'iterations': 75, 'initial_temp': 20.72891861904561, 'cooling': 0.913069895275736}"
simulated_annealing,9,10,11.06594249990303,0,439.0,5.5,1,"{'horizon': 7, 'iterations': 75, 'initial_temp': 20.72891861904561, 'cooling': 0.913069895275736}"
simulated_annealing,9,11,7.180315100005828,0,299.0,3.75,14,"{'horizon': 7, 'iterations': 75, 'initial_temp': 20.72891861904561, 'cooling': 0.913069895275736}"
simulated_annealing,9,12,3.9801111000124365,0,567.0,7.1000000000000005,9,"{'horizon': 7, 'iterations': 75, 'initial_temp': 20.72891861904561, 'cooling': 0.913069895275736}"
simulated_annealing,9,13,8.19996210001409,0,959.0,12.0,4,"{'horizon': 7, 'iterations': 75, 'initial_temp': 20.72891861904561, 'cooling': 0.913069895275736}"
simulated_annealing,9,14,2.410614399937913,0,355.0,4.45,1,"{'horizon': 7, 'iterations': 75, 'initial_temp': 20.72891861904561, 'cooling': 0.913069895275736}"
simulated_annealing,10,0,1.1913487000856549,0,415.0,5.2,0,"{'horizon': 4, 'iterations': 28, 'initial_temp': 28.32385091486073, 'cooling': 0.9288603504983755}"
simulated_annealing,10,1,4.169409400084987,0,680.0,8.75,1,"{'horizon': 4, 'iterations': 28, 'initial_temp': 28.32385091486073, 'cooling': 0.9288603504983755}"
simulated_annealing,10,2,2.5518517999444157,0,443.0,5.550000000000001,6,"{'horizon': 4, 'iterations': 28, 'initial_temp': 28.32385091486073, 'cooling': 0.9288603504983755}"
simulated_annealing,10,3,0.7526645000325516,0,315.0,3.95,2,"{'horizon': 4, 'iterations': 28, 'initial_temp': 28.32385091486073, 'cooling': 0.9288603504983755}"
simulated_annealing,10,4,2.1070839000167325,0,311.0,3.9000000000000004,11,"{'horizon': 4, 'iterations': 28, 'initial_temp': 28.32385091486073, 'cooling': 0.9288603504983755}"
simulated_annealing,10,5,0.15531859989278018,0,255.0,3.2,0,"{'horizon': 4, 'iterations': 28, 'initial_temp': 28.32385091486073, 'cooling': 0.9288603504983755}"
simulated_annealing,10,6,1.359408300020732,0,322.0,4.05,3,"{'horizon': 4, 'iterations': 28, 'initial_temp': 28.32385091486073, 'cooling': 0.9288603504983755}"
simulated_annealing,10,7,0.5069130000192672,0,267.0,3.35,0,"{'horizon': 4, 'iterations': 28, 'initial_temp': 28.32385091486073, 'cooling': 0.9288603504983755}"
simulated_annealing,10,8,2.999201700091362,0,551.0,6.9,4,"{'horizon': 4, 'iterations': 28, 'initial_temp': 28.32385091486073, 'cooling': 0.9288603504983755}"
simulated_annealing,10,9,1.1318498000036925,0,367.0,4.6000000000000005,2,"{'horizon': 4, 'iterations': 28, 'initial_temp': 28.32385091486073, 'cooling': 0.9288603504983755}"
simulated_annealing,10,10,2.6921587000833824,0,307.0,3.85,1,"{'horizon': 4, 'iterations': 28, 'initial_temp': 28.32385091486073, 'cooling': 0.9288603504983755}"
simulated_annealing,10,11,4.887719499995001,0,427.0,5.3500000000000005,3,"{'horizon': 4, 'iterations': 28, 'initial_temp': 28.32385091486073, 'cooling': 0.9288603504983755}"
simulated_annealing,10,12,10.009146299911663,0,3150.0,41.800000000000004,4,"{'horizon': 4, 'iterations': 28, 'initial_temp': 28.32385091486073, 'cooling': 0.9288603504983755}"
simulated_annealing,10,13,6.332967499969527,0,591.0,7.4,10,"{'horizon': 4, 'iterations': 28, 'initial_temp': 28.32385091486073, 'cooling': 0.9288603504983755}"
simulated_annealing,10,14,1.7264847999904305,0,367.0,4.6000000000000005,1,"{'horizon': 4, 'iterations': 28, 'initial_temp': 28.32385091486073, 'cooling': 0.9288603504983755}"
simulated_annealing,11,0,0.47188059997279197,0,279.0,3.5,0,"{'horizon': 12, 'iterations': 33, 'initial_temp': 1.4630213143862116, 'cooling': 0.8823251355871008}"
simulated_annealing,11,1,2.753790899994783,0,351.0,4.4,3,"{'horizon': 12, 'iterations': 33, 'initial_temp': 1.4630213143862116, 'cooling': 0.8823251355871008}"
simulated_annealing,11,2,4.088952000020072,0,487.0,6.1000000000000005,0,"{'horizon': 12, 'iterations': 33, 'initial_temp': 1.4630213143862116, 'cooling': 0.8823251355871008}"
simulated_annealing,11,3,0.7454780000261962,0,299.0,3.75,0,"{'horizon': 12, 'iterations': 33, 'initial_temp': 1.4630213143862116, 'cooling': 0.8823251355871008}"
simulated_annealing,11,4,2.3856211999664083,0,275.0,3.45,4,"{'horizon': 12, 'iterations': 33, 'initial_temp': 1.4630213143862116, 'cooling': 0.8823251355871008}"
simulated_annealing,11,5,0.15594249998684973,0,255.0,3.2,0,"{'horizon': 12, 'iterations': 33, 'initial_temp': 1.4630213143862116, 'cooling': 0.8823251355871008}"
simulated_annealing,11,6,1.6770815999479964,0,363.0,4.55,6,"{'horizon': 12, 'iterations': 33, 'initial_temp': 1.4630213143862116, 'cooling': 0.8823251355871008}"
simulated_annealing,11,7,0.671576900058426,0,291.0,3.6500000000000004,0,"{'horizon': 12, 'iterations': 33, 'initial_temp': 1.4630213143862116, 'cooling': 0.8823251355871008}"
simulated_annealing,11,8,2.6603130999719724,0,343.0,4.3,6,"{'horizon': 12, 'iterations': 33, 'initial_temp': 1.4630213143862116, 'cooling': 0.8823251355871008}"
simulated_annealing,11,9,21.141531099914573,1,5000.0,62.5,0,"{'horizon': 12, 'iterations': 33, 'initial_temp': 1.4630213143862116, 'cooling': 0.8823251355871008}"
simulated_annealing,11,10,2.5179675999097526,0,327.0,4.1000000000000005,6,"{'horizon': 12, 'iterations': 33, 'initial_temp': 1.4630213143862116, 'cooling': 0.8823251355871008}"
simulated_annealing,11,11,4.819204400060698,0,307.0,3.85,11,"{'horizon': 12, 'iterations': 33, 'initial_temp': 1.4630213143862116, 'cooling': 0.8823251355871008}"
simulated_annealing,11,12,1.313399099977687,0,315.0,3.95,1,"{'horizon': 12, 'iterations': 33, 'initial_temp': 1.4630213143862116, 'cooling': 0.8823251355871008}"
simulated_annealing,11,13,5.332039300003089,0,623.0,7.800000000000001,7,"{'horizon': 12, 'iterations': 33, 'initial_temp': 1.4630213143862116, 'cooling': 0.8823251355871008}"
simulated_annealing,11,14,4.195460899965838,0,1535.0,19.200000000000003,1,"{'horizon': 12, 'iterations': 33, 'initial_temp': 1.4630213143862116, 'cooling': 0.8823251355871008}"
simulated_annealing,12,0,0.8115672999992967,0,287.0,3.6,0,"{'horizon': 14, 'iterations': 84, 'initial_temp': 4.539108810498586, 'cooling': 0.9193247674155778}"
simulated_annealing,12,1,2.080054499907419,0,259.0,3.25,3,"{'horizon': 14, 'iterations': 84, 'initial_temp': 4.539108810498586, 'cooling': 0.9193247674155778}"
simulated_annealing,12,2,9.213499399949796,0,951.0,11.9,0,"{'horizon': 14, 'iterations': 84, 'initial_temp': 4.539108810498586, 'cooling': 0.9193247674155778}"
simulated_annealing,12,3,1.740791599964723,0,311.0,3.9000000000000004,0,"{'horizon': 14, 'iterations': 84, 'initial_temp': 4.539108810498586, 'cooling': 0.9193247674155778}"
simulated_annealing,12,4,8.484946300042793,0,831.0,10.4,14,"{'horizon': 14, 'iterations': 84, 'initial_temp': 4.539108810498586, 'cooling': 0.9193247674155778}"
simulated_annealing,12,5,0.15424039994832128,0,255.0,3.2,0,"{'horizon': 14, 'iterations': 84, 'initial_temp': 4.539108810498586, 'cooling': 0.9193247674155778}"
simulated_annealing,12,6,3.612983900005929,0,371.0,4.65,7,"{'horizon': 14, 'iterations': 84, 'initial_temp': 4.539108810498586, 'cooling': 0.9193247674155778}"
simulated_annealing,12,7,1.1192233000183478,0,287.0,3.6,4,"{'horizon': 14, 'iterations': 84, 'initial_temp': 4.539108810498586, 'cooling': 0.9193247674155778}"
simulated_annealing,12,8,3.950656200060621,0,327.0,4.1000000000000005,8,"{'horizon': 14, 'iterations': 84, 'initial_temp': 4.539108810498586, 'cooling': 0.9193247674155778}"
simulated_annealing,12,9,19.840852099936455,0,1579.0,19.75,2,"{'horizon': 14, 'iterations': 84, 'initial_temp': 4.539108810498586, 'cooling': 0.9193247674155778}"
simulated_annealing,12,10,8.321884200093336,0,355.0,4.45,1,"{'horizon': 14, 'iterations': 84, 'initial_temp': 4.539108810498586, 'cooling': 0.9193247674155778}"
simulated_annealing,12,11,4.251779199927114,0,307.0,3.85,11,"{'horizon': 14, 'iterations': 84, 'initial_temp': 4.539108810498586, 'cooling': 0.9193247674155778}"
simulated_annealing,12,12,1.6171894000144675,0,291.0,3.6500000000000004,4,"{'horizon': 14, 'iterations': 84, 'initial_temp': 4.539108810498586, 'cooling': 0.9193247674155778}"
simulated_annealing,12,13,9.739293099963106,0,571.0,7.15,4,"{'horizon': 14, 'iterations': 84, 'initial_temp': 4.539108810498586, 'cooling': 0.9193247674155778}"
simulated_annealing,12,14,3.167150599998422,0,359.0,4.5,1,"{'horizon': 14, 'iterations': 84, 'initial_temp': 4.539108810498586, 'cooling': 0.9193247674155778}"
simulated_annealing,13,0,1.2519633999327198,0,387.0,4.8500000000000005,0,"{'horizon': 5, 'iterations': 60, 'initial_temp': 6.284846545853807, 'cooling': 0.9557505974444713}"
simulated_annealing,13,1,2.0738541999598965,0,255.0,3.2,3,"{'horizon': 5, 'iterations': 60, 'initial_temp': 6.284846545853807, 'cooling': 0.9557505974444713}"
simulated_annealing,13,2,9.74066390004009,0,595.0,7.45,0,"{'horizon': 5, 'iterations': 60, 'initial_temp': 6.284846545853807, 'cooling': 0.9557505974444713}"
simulated_annealing,13,3,1.6210290000308305,0,299.0,3.75,2,"{'horizon': 5, 'iterations': 60, 'initial_temp': 6.284846545853807, 'cooling': 0.9557505974444713}"
simulated_annealing,13,4,3.632783600012772,0,375.0,4.7,10,"{'horizon': 5, 'iterations': 60, 'initial_temp': 6.284846545853807, 'cooling': 0.9557505974444713}"
simulated_annealing,13,5,0.16700040001887828,0,255.0,3.2,0,"{'horizon': 5, 'iterations': 60, 'initial_temp': 6.284846545853807, 'cooling': 0.9557505974444713}"
simulated_annealing,13,6,71.61356410000008,-1,1000000000.0,1000000000.0,0.0,"{'horizon': 5, 'iterations': 60, 'initial_temp': 6.284846545853807, 'cooling': 0.9557505974444713}"
simulated_annealing,13,7,131.6087912999792,-1,1000000000.0,1000000000.0,0.0,"{'horizon': 5, 'iterations': 60, 'initial_temp': 6.284846545853807, 'cooling': 0.9557505974444713}"
simulated_annealing,13,8,4.101065199938603,0,327.0,4.1000000000000005,3,"{'horizon': 5, 'iterations': 60, 'initial_temp': 6.284846545853807, 'cooling': 0.9557505974444713}"
simulated_annealing,13,9,1.6267575999954715,0,291.0,3.6500000000000004,2,"{'horizon': 5, 'iterations': 60, 'initial_temp': 6.284846545853807, 'cooling': 0.9557505974444713}"
simulated_annealing,13,10,3.5972422000486404,0,371.0,4.65,1,"{'horizon': 5, 'iterations': 60, 'initial_temp': 6.284846545853807, 'cooling': 0.9557505974444713}"
simulated_annealing,13,11,4.413374299998395,0,446.0,5.7,11,"{'horizon': 5, 'iterations': 60, 'initial_temp': 6.284846545853807, 'cooling': 0.9557505974444713}"
simulated_annealing,13,12,2.0196299999952316,0,303.0,3.8000000000000003,4,"{'horizon': 5, 'iterations': 60, 'initial_temp': 6.284846545853807, 'cooling': 0.9557505974444713}"
simulated_annealing,13,13,8.773631199961528,0,739.0,9.25,0,"{'horizon': 5, 'iterations': 60, 'initial_temp': 6.284846545853807, 'cooling': 0.9557505974444713}"
simulated_annealing,13,14,7.461158400052227,0,743.0,9.3,0,"{'horizon': 5, 'iterations': 60, 'initial_temp': 6.284846545853807, 'cooling': 0.9557505974444713}"
simulated_annealing,14,0,0.6541597000323236,0,259.0,3.25,0,"{'horizon': 8, 'iterations': 78, 'initial_temp': 16.85459810095511, 'cooling': 0.8758796237735738}"
simulated_annealing,14,1,62.62982209993061,-1,1000000000.0,1000000000.0,0.0,"{'horizon': 8, 'iterations': 78, 'initial_temp': 16.85459810095511, 'cooling': 0.8758796237735738}"
simulated_annealing,14,2,8.744712699903175,0,615.0,7.9,4,"{'horizon': 8, 'iterations': 78, 'initial_temp': 16.85459810095511, 'cooling': 0.8758796237735738}"
simulated_annealing,14,3,3.103689600015059,0,347.0,4.3500000000000005,0,"{'horizon': 8, 'iterations': 78, 'initial_temp': 16.85459810095511, 'cooling': 0.8758796237735738}"
simulated_annealing,14,4,5.525151200010441,0,347.0,4.3500000000000005,4,"{'horizon': 8, 'iterations': 78, 'initial_temp': 16.85459810095511, 'cooling': 0.8758796237735738}"
simulated_annealing,14,5,0.1615439000306651,0,255.0,3.2,0,"{'horizon': 8, 'iterations': 78, 'initial_temp': 16.85459810095511, 'cooling': 0.8758796237735738}"
simulated_annealing,14,6,1.978599700029008,0,279.0,3.5,5,"{'horizon': 8, 'iterations': 78, 'initial_temp': 16.85459810095511, 'cooling': 0.8758796237735738}"
simulated_annealing,14,7,1.28532950009685,0,335.0,4.25,1,"{'horizon': 8, 'iterations': 78, 'initial_temp': 16.85459810095511, 'cooling': 0.8758796237735738}"
simulated_annealing,14,8,5.136969799990766,0,335.0,4.2,10,"{'horizon': 8, 'iterations': 78, 'initial_temp': 16.85459810095511, 'cooling': 0.8758796237735738}"
simulated_annealing,14,9,3.4726603000890464,0,279.0,3.5,2,"{'horizon': 8, 'iterations': 78, 'initial_temp': 16.85459810095511, 'cooling': 0.8758796237735738}"
simulated_annealing,14,10,20.55482459999621,0,843.0,10.55,5,"{'horizon': 8, 'iterations': 78, 'initial_temp': 16.85459810095511, 'cooling': 0.8758796237735738}"
simulated_annealing,14,11,6.971736200037412,0,371.0,4.65,14,"{'horizon': 8, 'iterations': 78, 'initial_temp': 16.85459810095511, 'cooling': 0.8758796237735738}"
simulated_annealing,14,12,24.11008800007403,0,3289.0,43.95,8,"{'horizon': 8, 'iterations': 78, 'initial_temp': 16.85459810095511, 'cooling': 0.8758796237735738}"
simulated_annealing,14,13,13.153071300010197,0,1155.0,14.950000000000001,5,"{'horizon': 8, 'iterations': 78, 'initial_temp': 16.85459810095511, 'cooling': 0.8758796237735738}"
simulated_annealing,14,14,14.554096299922094,0,943.0,11.8,10,"{'horizon': 8, 'iterations': 78, 'initial_temp': 16.85459810095511, 'cooling': 0.8758796237735738}"
simulated_annealing,15,0,0.6494397000642493,0,275.0,3.45,0,"{'horizon': 4, 'iterations': 68, 'initial_temp': 28.245469305361485, 'cooling': 0.9752758290598709}"
simulated_annealing,15,1,2.068500200053677,0,367.0,4.6000000000000005,3,"{'horizon': 4, 'iterations': 68, 'initial_temp': 28.245469305361485, 'cooling': 0.9752758290598709}"
simulated_annealing,15,2,36.562898400006816,0,3539.0,44.25,0,"{'horizon': 4, 'iterations': 68, 'initial_temp': 28.245469305361485, 'cooling': 0.9752758290598709}"
simulated_annealing,15,3,1.0021346000721678,0,299.0,3.75,2,"{'horizon': 4, 'iterations': 68, 'initial_temp': 28.245469305361485, 'cooling': 0.9752758290598709}"
simulated_annealing,15,4,4.5186020999681205,0,455.0,5.7,14,"{'horizon': 4, 'iterations': 68, 'initial_temp': 28.245469305361485, 'cooling': 0.9752758290598709}"
simulated_annealing,15,5,0.16640660003758967,0,255.0,3.2,0,"{'horizon': 4, 'iterations': 68, 'initial_temp': 28.245469305361485, 'cooling': 0.9752758290598709}"
simulated_annealing,15,6,4.400606199982576,0,387.0,4.8500000000000005,7,"{'horizon': 4, 'iterations': 68, 'initial_temp': 28.245469305361485, 'cooling': 0.9752758290598709}"
simulated_annealing,15,7,0.7615283000050113,0,271.0,3.4000000000000004,4,"{'horizon': 4, 'iterations': 68, 'initial_temp': 28.245469305361485, 'cooling': 0.9752758290598709}"
simulated_annealing,15,8,3.1049110000021756,0,335.0,4.2,0,"{'horizon': 4, 'iterations': 68, 'initial_temp': 28.245469305361485, 'cooling': 0.9752758290598709}"
simulated_annealing,15,9,1.40584060002584,0,255.0,3.2,2,"{'horizon': 4, 'iterations': 68, 'initial_temp': 28.245469305361485, 'cooling': 0.9752758290598709}"
simulated_annealing,15,10,5.255953599931672,0,368.0,4.7,6,"{'horizon': 4, 'iterations': 68, 'initial_temp': 28.245469305361485, 'cooling': 0.9752758290598709}"
simulated_annealing,15,11,5.1837219999870285,0,339.0,4.25,8,"{'horizon': 4, 'iterations': 68, 'initial_temp': 28.245469305361485, 'cooling': 0.9752758290598709}"
simulated_annealing,15,12,2.1195186999393627,0,307.0,3.85,9,"{'horizon': 4, 'iterations': 68, 'initial_temp': 28.245469305361485, 'cooling': 0.9752758290598709}"
simulated_annealing,15,13,10.775435600080527,0,931.0,11.65,5,"{'horizon': 4, 'iterations': 68, 'initial_temp': 28.245469305361485, 'cooling': 0.9752758290598709}"
simulated_annealing,15,14,3.0162299999501556,0,327.0,4.1000000000000005,0,"{'horizon': 4, 'iterations': 68, 'initial_temp': 28.245469305361485, 'cooling': 0.9752758290598709}"
simulated_annealing,16,0,1.8903176999883726,0,347.0,4.3500000000000005,0,"{'horizon': 10, 'iterations': 86, 'initial_temp': 10.434579592134666, 'cooling': 0.9044148205565274}"
simulated_annealing,16,1,63.79246199992485,-1,1000000000.0,1000000000.0,0.0,"{'horizon': 10, 'iterations': 86, 'initial_temp': 10.434579592134666, 'cooling': 0.9044148205565274}"
simulated_annealing,16,2,6.6455950000090525,0,387.0,4.8500000000000005,4,"{'horizon': 10, 'iterations': 86, 'initial_temp': 10.434579592134666, 'cooling': 0.9044148205565274}"
simulated_annealing,16,3,2.556258499971591,0,327.0,4.1000000000000005,0,"{'horizon': 10, 'iterations': 86, 'initial_temp': 10.434579592134666, 'cooling': 0.9044148205565274}"
simulated_annealing,16,4,4.535258000018075,0,339.0,4.25,0,"{'horizon': 10, 'iterations': 86, 'initial_temp': 10.434579592134666, 'cooling': 0.9044148205565274}"
simulated_annealing,16,5,0.1593779999529943,0,255.0,3.2,0,"{'horizon': 10, 'iterations': 86, 'initial_temp': 10.434579592134666, 'cooling': 0.9044148205565274}"
simulated_annealing,16,6,3.0512324000010267,0,450.0,5.75,5,"{'horizon': 10, 'iterations': 86, 'initial_temp': 10.434579592134666, 'cooling': 0.9044148205565274}"
simulated_annealing,16,7,1.279061899986118,0,295.0,3.7,3,"{'horizon': 10, 'iterations': 86, 'initial_temp': 10.434579592134666, 'cooling': 0.9044148205565274}"
simulated_annealing,16,8,3.832679400104098,0,323.0,4.05,7,"{'horizon': 10, 'iterations': 86, 'initial_temp': 10.434579592134666, 'cooling': 0.9044148205565274}"
simulated_annealing,16,9,2.162742199958302,0,307.0,3.85,2,"{'horizon': 10, 'iterations': 86, 'initial_temp': 10.434579592134666, 'cooling': 0.9044148205565274}"
simulated_annealing,16,10,8.875475900014862,0,395.0,4.95,0,"{'horizon': 10, 'iterations': 86, 'initial_temp': 10.434579592134666, 'cooling': 0.9044148205565274}"
simulated_annealing,16,11,4.761551499948837,0,319.0,4.0,11,"{'horizon': 10, 'iterations': 86, 'initial_temp': 10.434579592134666, 'cooling': 0.9044148205565274}"
simulated_annealing,16,12,1.357252600020729,0,291.0,3.6500000000000004,4,"{'horizon': 10, 'iterations': 86, 'initial_temp': 10.434579592134666, 'cooling': 0.9044148205565274}"
simulated_annealing,16,13,12.061023299931549,0,707.0,8.85,1,"{'horizon': 10, 'iterations': 86, 'initial_temp': 10.434579592134666, 'cooling': 0.9044148205565274}"
simulated_annealing,16,14,5.806888099992648,0,487.0,6.1000000000000005,4,"{'horizon': 10, 'iterations': 86, 'initial_temp': 10.434579592134666, 'cooling': 0.9044148205565274}"
simulated_annealing,17,0,2.845789899933152,0,479.0,6.0,0,"{'horizon': 4, 'iterations': 77, 'initial_temp': 18.015783804251598, 'cooling': 0.9851357430169794}"
simulated_annealing,17,1,2.08713080000598,0,275.0,3.45,3,"{'horizon': 4, 'iterations': 77, 'initial_temp': 18.015783804251598, 'cooling': 0.9851357430169794}"
simulated_annealing,17,2,44.91872850002255,1,5000.0,62.5,0,"{'horizon': 4, 'iterations': 77, 'initial_temp': 18.015783804251598, 'cooling': 0.9851357430169794}"
simulated_annealing,17,3,1.6282593999058008,0,319.0,4.0,0,"{'horizon': 4, 'iterations': 77, 'initial_temp': 18.015783804251598, 'cooling': 0.9851357430169794}"
simulated_annealing,17,4,3.3464425000129268,0,303.0,3.8000000000000003,4,"{'horizon': 4, 'iterations': 77, 'initial_temp': 18.015783804251598, 'cooling': 0.9851357430169794}"
simulated_annealing,17,5,0.1613702999893576,0,255.0,3.2,0,"{'horizon': 4, 'iterations': 77, 'initial_temp': 18.015783804251598, 'cooling': 0.9851357430169794}"
simulated_annealing,17,6,3.7504942999221385,0,523.0,6.550000000000001,2,"{'horizon': 4, 'iterations': 77, 'initial_temp': 18.015783804251598, 'cooling': 0.9851357430169794}"
simulated_annealing,17,7,1.0359748000046238,0,279.0,3.5,0,"{'horizon': 4, 'iterations': 77, 'initial_temp': 18.015783804251598, 'cooling': 0.9851357430169794}"
simulated_annealing,17,8,3.9933563000522554,0,359.0,4.5,7,"{'horizon': 4, 'iterations': 77, 'initial_temp': 18.015783804251598, 'cooling': 0.9851357430169794}"
simulated_annealing,17,9,1.6584902999456972,0,275.0,3.45,2,"{'horizon': 4, 'iterations': 77, 'initial_temp': 18.015783804251598, 'cooling': 0.9851357430169794}"
simulated_annealing,17,10,5.056992399971932,0,299.0,3.75,6,"{'horizon': 4, 'iterations': 77, 'initial_temp': 18.015783804251598, 'cooling': 0.9851357430169794}"
simulated_annealing,17,11,9.78782839991618,0,351.0,4.4,11,"{'horizon': 4, 'iterations': 77, 'initial_temp': 18.015783804251598, 'cooling': 0.9851357430169794}"
simulated_annealing,17,12,5.010527900070883,0,535.0,6.7,4,"{'horizon': 4, 'iterations': 77, 'initial_temp': 18.015783804251598, 'cooling': 0.9851357430169794}"
simulated_annealing,17,13,54.14305880002212,1,5003.0,69.0,7,"{'horizon': 4, 'iterations': 77, 'initial_temp': 18.015783804251598, 'cooling': 0.9851357430169794}"
simulated_annealing,17,14,2.791749900090508,0,343.0,4.3,0,"{'horizon': 4, 'iterations': 77, 'initial_temp': 18.015783804251598, 'cooling': 0.9851357430169794}"
simulated_annealing,18,0,0.7666656000073999,0,279.0,3.5,0,"{'horizon': 14, 'iterations': 65, 'initial_temp': 9.59193166541839, 'cooling': 0.8731373714688203}"
simulated_annealing,18,1,1.6175840999931097,0,255.0,3.2,3,"{'horizon': 14, 'iterations': 65, 'initial_temp': 9.59193166541839, 'cooling': 0.8731373714688203}"
simulated_annealing,18,2,9.963427899987437,0,487.0,6.1000000000000005,2,"{'horizon': 14, 'iterations': 65, 'initial_temp': 9.59193166541839, 'cooling': 0.8731373714688203}"
simulated_annealing,18,3,1.3546243000309914,0,311.0,3.9000000000000004,0,"{'horizon': 14, 'iterations': 65, 'initial_temp': 9.59193166541839, 'cooling': 0.8731373714688203}"
simulated_annealing,18,4,3.0642484999261796,0,295.0,3.7,6,"{'horizon': 14, 'iterations': 65, 'initial_temp': 9.59193166541839, 'cooling': 0.8731373714688203}"
simulated_annealing,18,5,0.15757869998924434,0,255.0,3.2,0,"{'horizon': 14, 'iterations': 65, 'initial_temp': 9.59193166541839, 'cooling': 0.8731373714688203}"
simulated_annealing,18,6,1.8653201999841258,0,299.0,3.75,3,"{'horizon': 14, 'iterations': 65, 'initial_temp': 9.59193166541839, 'cooling': 0.8731373714688203}"
simulated_annealing,18,7,0.4820590000599623,0,263.0,3.3000000000000003,4,"{'horizon': 14, 'iterations': 65, 'initial_temp': 9.59193166541839, 'cooling': 0.8731373714688203}"
simulated_annealing,18,8,4.015519900014624,0,391.0,4.9,7,"{'horizon': 14, 'iterations': 65, 'initial_temp': 9.59193166541839, 'cooling': 0.8731373714688203}"
simulated_annealing,18,9,3.54794049996417,0,287.0,3.6,6,"{'horizon': 14, 'iterations': 65, 'initial_temp': 9.59193166541839, 'cooling': 0.8731373714688203}"
simulated_annealing,18,10,6.8181779000442475,0,415.0,5.2,1,"{'horizon': 14, 'iterations': 65, 'initial_temp': 9.59193166541839, 'cooling': 0.8731373714688203}"
simulated_annealing,18,11,4.220531500061043,0,383.0,4.800000000000001,0,"{'horizon': 14, 'iterations': 65, 'initial_temp': 9.59193166541839, 'cooling': 0.8731373714688203}"
simulated_annealing,18,12,1.5997072999598458,0,311.0,3.9000000000000004,1,"{'horizon': 14, 'iterations': 65, 'initial_temp': 9.59193166541839, 'cooling': 0.8731373714688203}"
simulated_annealing,18,13,11.054594099987298,0,1043.0,13.05,17,"{'horizon': 14, 'iterations': 65, 'initial_temp': 9.59193166541839, 'cooling': 0.8731373714688203}"
simulated_annealing,18,14,3.3853474999777973,0,355.0,4.45,0,"{'horizon': 14, 'iterations': 65, 'initial_temp': 9.59193166541839, 'cooling': 0.8731373714688203}"
simulated_annealing,19,0,0.9775493999477476,0,283.0,3.5500000000000003,0,"{'horizon': 11, 'iterations': 95, 'initial_temp': 13.278642940484719, 'cooling': 0.9052834125445798}"
simulated_annealing,19,1,3.640479600057006,0,279.0,3.5,3,"{'horizon': 11, 'iterations': 95, 'initial_temp': 13.278642940484719, 'cooling': 0.9052834125445798}"
simulated_annealing,19,2,9.326368000009097,0,539.0,6.75,0,"{'horizon': 11, 'iterations': 95, 'initial_temp': 13.278642940484719, 'cooling': 0.9052834125445798}"
simulated_annealing,19,3,3.9318817000603303,0,343.0,4.3,0,"{'horizon': 11, 'iterations': 95, 'initial_temp': 13.278642940484719, 'cooling': 0.9052834125445798}"
simulated_annealing,19,4,7.345836200052872,0,307.0,3.85,4,"{'horizon': 11, 'iterations': 95, 'initial_temp': 13.278642940484719, 'cooling': 0.9052834125445798}"
simulated_annealing,19,5,0.15788579999934882,0,255.0,3.2,0,"{'horizon': 11, 'iterations': 95, 'initial_temp': 13.278642940484719, 'cooling': 0.9052834125445798}"
simulated_annealing,19,6,2.0879239999921992,0,303.0,3.8000000000000003,6,"{'horizon': 11, 'iterations': 95, 'initial_temp': 13.278642940484719, 'cooling': 0.9052834125445798}"
simulated_annealing,19,7,1.7370741000631824,0,329.0,4.2,0,"{'horizon': 11, 'iterations': 95, 'initial_temp': 13.278642940484719, 'cooling': 0.9052834125445798}"
simulated_annealing,19,8,5.102677899994887,0,363.0,4.55,0,"{'horizon': 11, 'iterations': 95, 'initial_temp': 13.278642940484719, 'cooling': 0.9052834125445798}"
simulated_annealing,19,9,2.9755383000010625,0,347.0,4.3500000000000005,0,"{'horizon': 11, 'iterations': 95, 'initial_temp': 13.278642940484719, 'cooling': 0.9052834125445798}"
simulated_annealing,19,10,6.4327017000177875,0,331.0,4.15,1,"{'horizon': 11, 'iterations': 95, 'initial_temp': 13.278642940484719, 'cooling': 0.9052834125445798}"
simulated_annealing,19,11,4.284634100040421,0,291.0,3.6500000000000004,11,"{'horizon': 11, 'iterations': 95, 'initial_temp': 13.278642940484719, 'cooling': 0.9052834125445798}"
simulated_annealing,19,12,2.064785600057803,0,311.0,3.9000000000000004,9,"{'horizon': 11, 'iterations': 95, 'initial_temp': 13.278642940484719, 'cooling': 0.9052834125445798}"
simulated_annealing,19,13,12.050492000067607,0,886.0,11.15,3,"{'horizon': 11, 'iterations': 95, 'initial_temp': 13.278642940484719, 'cooling': 0.9052834125445798}"
simulated_annealing,19,14,10.881647400092334,0,703.0,8.8,3,"{'horizon': 11, 'iterations': 95, 'initial_temp': 13.278642940484719, 'cooling': 0.9052834125445798}"
cross_entropy,0,0,1.4518196999561042,0,279.0,3.5,4,"{'horizon': 13, 'num_samples': 32, 'num_elites': 26, 'iterations': 4, 'smoothing': 0.7241144063085703}"
cross_entropy,0,1,5.858117299969308,0,355.0,4.45,1,"{'horizon': 13, 'num_samples': 32, 'num_elites': 26, 'iterations': 4, 'smoothing': 0.7241144063085703}"
cross_entropy,0,2,6.4482772999908775,0,319.0,4.0,2,"{'horizon': 13, 'num_samples': 32, 'num_elites': 26, 'iterations': 4, 'smoothing': 0.7241144063085703}"
cross_entropy,0,3,2.0851449999026954,0,315.0,3.95,0,"{'horizon': 13, 'num_samples': 32, 'num_elites': 26, 'iterations': 4, 'smoothing': 0.7241144063085703}"
cross_entropy,0,4,7.048844299977645,0,323.0,4.05,9,"{'horizon': 13, 'num_samples': 32, 'num_elites': 26, 'iterations': 4, 'smoothing': 0.7241144063085703}"
cross_entropy,0,5,0.1566998999333009,0,255.0,3.2,0,"{'horizon': 13, 'num_samples': 32, 'num_elites': 26, 'iterations': 4, 'smoothing': 0.7241144063085703}"
cross_entropy,0,6,8.72354840009939,0,540.0,6.800000000000001,0,"{'horizon': 13, 'num_samples': 32, 'num_elites': 26, 'iterations': 4, 'smoothing': 0.7241144063085703}"
cross_entropy,0,7,2.222614499973133,0,307.0,3.85,0,"{'horizon': 13, 'num_samples': 32, 'num_elites': 26, 'iterations': 4, 'smoothing': 0.7241144063085703}"
cross_entropy,0,8,8.957895800005645,0,351.0,4.4,4,"{'horizon': 13, 'num_samples': 32, 'num_elites': 26, 'iterations': 4, 'smoothing': 0.7241144063085703}"
cross_entropy,0,9,5.816512999939732,0,411.0,5.15,0,"{'horizon': 13, 'num_samples': 32, 'num_elites': 26, 'iterations': 4, 'smoothing': 0.7241144063085703}"
cross_entropy,0,10,9.093911500065587,0,311.0,3.9000000000000004,1,"{'horizon': 13, 'num_samples': 32, 'num_elites': 26, 'iterations': 4, 'smoothing': 0.7241144063085703}"
cross_entropy,0,11,10.199120700010099,0,363.0,4.55,8,"{'horizon': 13, 'num_samples': 32, 'num_elites': 26, 'iterations': 4, 'smoothing': 0.7241144063085703}"
cross_entropy,0,12,3.251545100007206,0,359.0,4.5,6,"{'horizon': 13, 'num_samples': 32, 'num_elites': 26, 'iterations': 4, 'smoothing': 0.7241144063085703}"
cross_entropy,0,13,10.496228300035,0,567.0,7.1000000000000005,5,"{'horizon': 13, 'num_samples': 32, 'num_elites': 26, 'iterations': 4, 'smoothing': 0.7241144063085703}"
cross_entropy,0,14,6.002554100006819,0,555.0,6.95,5,"{'horizon': 13, 'num_samples': 32, 'num_elites': 26, 'iterations': 4, 'smoothing': 0.7241144063085703}"
cross_entropy,1,0,5.198868400068022,0,387.0,4.8500000000000005,0,"{'horizon': 3, 'num_samples': 59, 'num_elites': 5, 'iterations': 6, 'smoothing': 0.8557805271080094}"
cross_entropy,1,1,5.885496500064619,0,331.0,4.15,3,"{'horizon': 3, 'num_samples': 59, 'num_elites': 5, 'iterations': 6, 'smoothing': 0.8557805271080094}"
cross_entropy,1,2,67.9227332000155,-1,1000000000.0,1000000000.0,0.0,"{'horizon': 3, 'num_samples': 59, 'num_elites': 5, 'iterations': 6, 'smoothing': 0.8557805271080094}"
cross_entropy,1,3,1.4321598999667913,0,299.0,3.75,2,"{'horizon': 3, 'num_samples': 59, 'num_elites': 5, 'iterations': 6, 'smoothing': 0.8557805271080094}"
cross_entropy,1,4,8.025003299931996,0,419.0,5.25,11,"{'horizon': 3, 'num_samples': 59, 'num_elites': 5, 'iterations': 6, 'smoothing': 0.8557805271080094}"
cross_entropy,1,5,0.14649179996922612,0,255.0,3.2,0,"{'horizon': 3, 'num_samples': 59, 'num_elites': 5, 'iterations': 6, 'smoothing': 0.8557805271080094}"
cross_entropy,1,6,86.77148500003386,1,5000.0,62.5,0,"{'horizon': 3, 'num_samples': 59, 'num_elites': 5, 'iterations': 6, 'smoothing': 0.8557805271080094}"
cross_entropy,1,7,74.19814789993688,1,5000.0,62.5,4,"{'horizon': 3, 'num_samples': 59, 'num_elites': 5, 'iterations': 6, 'smoothing': 0.8557805271080094}"
cross_entropy,1,8,8.70128289994318,0,424.0,5.3500000000000005,7,"{'horizon': 3, 'num_samples': 59, 'num_elites': 5, 'iterations': 6, 'smoothing': 0.8557805271080094}"
cross_entropy,1,9,3.173912800033577,0,255.0,3.2,2,"{'horizon': 3, 'num_samples': 59, 'num_elites': 5, 'iterations': 6, 'smoothing': 0.8557805271080094}"
cross_entropy,1,10,105.56790500006173,1,5002.0,65.65,6,"{'horizon': 3, 'num_samples': 59, 'num_elites': 5, 'iterations': 6, 'smoothing': 0.8557805271080094}"
cross_entropy,1,11,9.09629000001587,0,383.0,4.800000000000001,8,"{'horizon': 3, 'num_samples': 59, 'num_elites': 5, 'iterations': 6, 'smoothing': 0.8557805271080094}"
cross_entropy,1,12,3.406604400021024,0,291.0,3.6500000000000004,9,"{'horizon': 3, 'num_samples': 59, 'num_elites': 5, 'iterations': 6, 'smoothing': 0.8557805271080094}"
cross_entropy,1,13,167.57075190008618,-1,1000000000.0,1000000000.0,0.0,"{'horizon': 3, 'num_samples': 59, 'num_elites': 5, 'iterations': 6, 'smoothing': 0.8557805271080094}"
cross_entropy,1,14,55.266752399969846,0,349.0,4.45,2,"{'horizon': 3, 'num_samples': 59, 'num_elites': 5, 'iterations': 6, 'smoothing': 0.8557805271080094}"
cross_entropy,2,0,1.5355501000303775,0,259.0,3.25,0,"{'horizon': 9, 'num_samples': 65, 'num_elites': 30, 'iterations': 10, 'smoothing': 0.6739788760965348}"
cross_entropy,2,1,63.61849349993281,-1,1000000000.0,1000000000.0,0.0,"{'horizon': 9, 'num_samples': 65, 'num_elites': 30, 'iterations': 10, 'smoothing': 0.6739788760965348}"
cross_entropy,2,2,123.63014810008463,-1,1000000000.0,1000000000.0,0.0,"{'horizon': 9, 'num_samples': 65, 'num_elites': 30, 'iterations': 10, 'smoothing': 0.6739788760965348}"
cross_entropy,2,3,7.5395869999192655,0,331.0,4.15,2,"{'horizon': 9, 'num_samples': 65, 'num_elites': 30, 'iterations': 10, 'smoothing': 0.6739788760965348}"
cross_entropy,2,4,12.84656850004103,0,295.0,3.7,9,"{'horizon': 9, 'num_samples': 65, 'num_elites': 30, 'iterations': 10, 'smoothing': 0.6739788760965348}"
cross_entropy,2,5,0.15666869992855936,0,255.0,3.2,0,"{'horizon': 9, 'num_samples': 65, 'num_elites': 30, 'iterations': 10, 'smoothing': 0.6739788760965348}"
cross_entropy,2,6,183.5877787999343,-1,1000000000.0,1000000000.0,0.0,"{'horizon': 9, 'num_samples': 65, 'num_elites': 30, 'iterations': 10, 'smoothing': 0.6739788760965348}"
cross_entropy,2,7,225.21785730007105,0,4986.0,70.10000000000001,0,"{'horizon': 9, 'num_samples': 65, 'num_elites': 30, 'iterations': 10, 'smoothing': 0.6739788760965348}"
cross_entropy,2,8,18.523005999973975,0,399.0,5.0,7,"{'horizon': 9, 'num_samples': 65, 'num_elites': 30, 'iterations': 10, 'smoothing': 0.6739788760965348}"
cross_entropy,2,9,17.17439729999751,0,462.0,5.800000000000001,2,"{'horizon': 9, 'num_samples': 65, 'num_elites': 30, 'iterations': 10, 'smoothing': 0.6739788760965348}"
cross_entropy,2,10,258.86106849997304,1,5000.0,62.5,0,"{'horizon': 9, 'num_samples': 65, 'num_elites': 30, 'iterations': 10, 'smoothing': 0.6739788760965348}"
cross_entropy,2,11,25.332764699938707,0,311.0,3.9000000000000004,8,"{'horizon': 9, 'num_samples': 65, 'num_elites': 30, 'iterations': 10, 'smoothing': 0.6739788760965348}"
cross_entropy,2,12,8.075952299986966,0,311.0,3.9000000000000004,9,"{'horizon': 9, 'num_samples': 65, 'num_elites': 30, 'iterations': 10, 'smoothing': 0.6739788760965348}"
cross_entropy,2,13,282.1737572000129,1,5000.0,70.45,8,"{'horizon': 9, 'num_samples': 65, 'num_elites': 30, 'iterations': 10, 'smoothing': 0.6739788760965348}"
cross_entropy,2,14,30.099611200043,0,663.0,8.3,1,"{'horizon': 9, 'num_samples': 65, 'num_elites': 30, 'iterations': 10, 'smoothing': 0.6739788760965348}"
cross_entropy,3,0,11.735086500062607,0,475.0,5.95,0,"{'horizon': 9, 'num_samples': 58, 'num_elites': 3, 'iterations': 8, 'smoothing': 0.7013047515981644}"
cross_entropy,3,1,4.608482499956153,0,243.0,3.0500000000000003,3,"{'horizon': 9, 'num_samples': 58, 'num_elites': 3, 'iterations': 8, 'smoothing': 0.7013047515981644}"
cross_entropy,3,2,73.75790219998453,-1,1000000000.0,1000000000.0,0.0,"{'horizon': 9, 'num_samples': 58, 'num_elites': 3, 'iterations': 8, 'smoothing': 0.7013047515981644}"
cross_entropy,3,3,3.9427330000326037,0,315.0,3.95,2,"{'horizon': 9, 'num_samples': 58, 'num_elites': 3, 'iterations': 8, 'smoothing': 0.7013047515981644}"
cross_entropy,3,4,13.60277200001292,0,359.0,4.5,10,"{'horizon': 9, 'num_samples': 58, 'num_elites': 3, 'iterations': 8, 'smoothing': 0.7013047515981644}"
cross_entropy,3,5,0.1439327000407502,0,255.0,3.2,0,"{'horizon': 9, 'num_samples': 58, 'num_elites': 3, 'iterations': 8, 'smoothing': 0.7013047515981644}"
cross_entropy,3,6,133.71240910002962,-1,1000000000.0,1000000000.0,0.0,"{'horizon': 9, 'num_samples': 58, 'num_elites': 3, 'iterations': 8, 'smoothing': 0.7013047515981644}"
cross_entropy,3,7,12.773913800017908,0,499.0,6.65,0,"{'horizon': 9, 'num_samples': 58, 'num_elites': 3, 'iterations': 8, 'smoothing': 0.7013047515981644}"
cross_entropy,3,8,11.851214400026947,0,347.0,4.3500000000000005,7,"{'horizon': 9, 'num_samples': 58, 'num_elites': 3, 'iterations': 8, 'smoothing': 0.7013047515981644}"
cross_entropy,3,9,5.176034600008279,0,255.0,3.2,2,"{'horizon': 9, 'num_samples': 58, 'num_elites': 3, 'iterations': 8, 'smoothing': 0.7013047515981644}"
cross_entropy,3,10,193.65475029998925,-1,1000000000.0,1000000000.0,0.0,"{'horizon': 9, 'num_samples': 58, 'num_elites': 3, 'iterations': 8, 'smoothing': 0.7013047515981644}"
cross_entropy,3,11,20.23743779992219,0,379.0,4.75,8,"{'horizon': 9, 'num_samples': 58, 'num_elites': 3, 'iterations': 8, 'smoothing': 0.7013047515981644}"
cross_entropy,3,12,17.0482090000296,0,575.0,7.2,9,"{'horizon': 9, 'num_samples': 58, 'num_elites': 3, 'iterations': 8, 'smoothing': 0.7013047515981644}"
cross_entropy,3,13,253.60894639999606,-1,1000000000.0,1000000000.0,0.0,"{'horizon': 9, 'num_samples': 58, 'num_elites': 3, 'iterations': 8, 'smoothing': 0.7013047515981644}"
cross_entropy,3,14,27.015580000006594,0,771.0,9.65,2,"{'horizon': 9, 'num_samples': 58, 'num_elites': 3, 'iterations': 8, 'smoothing': 0.7013047515981644}"
cross_entropy,4,0,5.065356899984181,0,319.0,4.0,0,"{'horizon': 14, 'num_samples': 61, 'num_elites': 5, 'iterations': 9, 'smoothing': 0.46483307579403854}"
cross_entropy,4,1,4.327014300040901,0,355.0,4.45,3,"{'horizon': 14, 'num_samples': 61, 'num_elites': 5, 'iterations': 9, 'smoothing': 0.46483307579403854}"
cross_entropy,4,2,17.360083700041287,0,467.0,5.8500000000000005,7,"{'horizon': 14, 'num_samples': 61, 'num_elites': 5, 'iterations': 9, 'smoothing': 0.46483307579403854}"
cross_entropy,4,3,3.730477700009942,0,299.0,3.75,2,"{'horizon': 14, 'num_samples': 61, 'num_elites': 5, 'iterations': 9, 'smoothing': 0.46483307579403854}"
cross_entropy,4,4,18.237571500008926,0,383.0,4.800000000000001,5,"{'horizon': 14, 'num_samples': 61, 'num_elites': 5, 'iterations': 9, 'smoothing': 0.46483307579403854}"
cross_entropy,4,5,0.14581639994867146,0,255.0,3.2,0,"{'horizon': 14, 'num_samples': 61, 'num_elites': 5, 'iterations': 9, 'smoothing': 0.46483307579403854}"
cross_entropy,4,6,80.2280340999132,-1,1000000000.0,1000000000.0,0.0,"{'horizon': 14, 'num_samples': 61, 'num_elites': 5, 'iterations': 9, 'smoothing': 0.46483307579403854}"
cross_entropy,4,7,3.617227599956095,0,275.0,3.45,0,"{'horizon': 14, 'num_samples': 61, 'num_elites': 5, 'iterations': 9, 'smoothing': 0.46483307579403854}"
cross_entropy,4,8,140.208677199902,-1,1000000000.0,1000000000.0,0.0,"{'horizon': 14, 'num_samples': 61, 'num_elites': 5, 'iterations': 9, 'smoothing': 0.46483307579403854}"
cross_entropy,4,9,5.284886099980213,0,255.0,3.2,2,"{'horizon': 14, 'num_samples': 61, 'num_elites': 5, 'iterations': 9, 'smoothing': 0.46483307579403854}"
cross_entropy,4,10,126.04995130002499,0,1955.0,24.450000000000003,1,"{'horizon': 14, 'num_samples': 61, 'num_elites': 5, 'iterations': 9, 'smoothing': 0.46483307579403854}"
cross_entropy,4,11,200.17052170005627,-1,1000000000.0,1000000000.0,0.0,"{'horizon': 14, 'num_samples': 61, 'num_elites': 5, 'iterations': 9, 'smoothing': 0.46483307579403854}"
cross_entropy,4,12,48.193028400070034,0,1035.0,12.950000000000001,9,"{'horizon': 14, 'num_samples': 61, 'num_elites': 5, 'iterations': 9, 'smoothing': 0.46483307579403854}"
cross_entropy,4,13,68.30399270006455,0,1803.0,22.55,0,"{'horizon': 14, 'num_samples': 61, 'num_elites': 5, 'iterations': 9, 'smoothing': 0.46483307579403854}"
cross_entropy,4,14,23.21635270002298,0,587.0,7.3500000000000005,0,"{'horizon': 14, 'num_samples': 61, 'num_elites': 5, 'iterations': 9, 'smoothing': 0.46483307579403854}"
cross_entropy,5,0,7.32401680003386,0,499.0,6.25,0,"{'horizon': 5, 'num_samples': 59, 'num_elites': 3, 'iterations': 6, 'smoothing': 0.8830272572334623}"
cross_entropy,5,1,3.677750200033188,0,255.0,3.2,3,"{'horizon': 5, 'num_samples': 59, 'num_elites': 3, 'iterations': 6, 'smoothing': 0.8830272572334623}"
cross_entropy,5,2,69.36661520006601,-1,1000000000.0,1000000000.0,0.0,"{'horizon': 5, 'num_samples': 59, 'num_elites': 3, 'iterations': 6, 'smoothing': 0.8830272572334623}"
cross_entropy,5,3,1.9903049999848008,0,299.0,3.75,2,"{'horizon': 5, 'num_samples': 59, 'num_elites': 3, 'iterations': 6, 'smoothing': 0.8830272572334623}"
cross_entropy,5,4,4.826256699976511,0,335.0,4.2,4,"{'horizon': 5, 'num_samples': 59, 'num_elites': 3, 'iterations': 6, 'smoothing': 0.8830272572334623}"
cross_entropy,5,5,0.151199399959296,0,255.0,3.2,0,"{'horizon': 5, 'num_samples': 59, 'num_elites': 3, 'iterations': 6, 'smoothing': 0.8830272572334623}"
cross_entropy,5,6,129.32128190004732,-1,1000000000.0,1000000000.0,0.0,"{'horizon': 5, 'num_samples': 59, 'num_elites': 3, 'iterations': 6, 'smoothing': 0.8830272572334623}"
cross_entropy,5,7,73.87316940003075,1,5000.0,62.5,4,"{'horizon': 5, 'num_samples': 59, 'num_elites': 3, 'iterations': 6, 'smoothing': 0.8830272572334623}"
cross_entropy,5,8,7.022600700031035,0,379.0,4.75,4,"{'horizon': 5, 'num_samples': 59, 'num_elites': 3, 'iterations': 6, 'smoothing': 0.8830272572334623}"
cross_entropy,5,9,3.9869156000204384,0,274.0,3.45,4,"{'horizon': 5, 'num_samples': 59, 'num_elites': 3, 'iterations': 6, 'smoothing': 0.8830272572334623}"
cross_entropy,5,10,107.14933789998759,1,5000.0,62.5,0,"{'horizon': 5, 'num_samples': 59, 'num_elites': 3, 'iterations': 6, 'smoothing': 0.8830272572334623}"
cross_entropy,5,11,96.80859420006163,1,5000.0,62.5,1,"{'horizon': 5, 'num_samples': 59, 'num_elites': 3, 'iterations': 6, 'smoothing': 0.8830272572334623}"
cross_entropy,5,12,3.5615314000751823,0,295.0,3.7,9,"{'horizon': 5, 'num_samples': 59, 'num_elites': 3, 'iterations': 6, 'smoothing': 0.8830272572334623}"
cross_entropy,5,13,33.3598089000443,0,1415.0,17.7,0,"{'horizon': 5, 'num_samples': 59, 'num_elites': 3, 'iterations': 6, 'smoothing': 0.8830272572334623}"
cross_entropy,5,14,4.184559600078501,0,327.0,4.1000000000000005,0,"{'horizon': 5, 'num_samples': 59, 'num_elites': 3, 'iterations': 6, 'smoothing': 0.8830272572334623}"
cross_entropy,6,0,0.7773039999883622,0,263.0,3.3000000000000003,0,"{'horizon': 7, 'num_samples': 27, 'num_elites': 3, 'iterations': 11, 'smoothing': 0.44159095184937347}"
cross_entropy,6,1,4.3295979999238625,0,263.0,3.3000000000000003,3,"{'horizon': 7, 'num_samples': 27, 'num_elites': 3, 'iterations': 11, 'smoothing': 0.44159095184937347}"
cross_entropy,6,2,66.33361279999372,-1,1000000000.0,1000000000.0,0.0,"{'horizon': 7, 'num_samples': 27, 'num_elites': 3, 'iterations': 11, 'smoothing': 0.44159095184937347}"
cross_entropy,6,3,1.7717806999571621,0,299.0,3.75,2,"{'horizon': 7, 'num_samples': 27, 'num_elites': 3, 'iterations': 11, 'smoothing': 0.44159095184937347}"
cross_entropy,6,4,126.33782190002967,-1,1000000000.0,1000000000.0,0.0,"{'horizon': 7, 'num_samples': 27, 'num_elites': 3, 'iterations': 11, 'smoothing': 0.44159095184937347}"
cross_entropy,6,5,0.15586129995062947,0,255.0,3.2,0,"{'horizon': 7, 'num_samples': 27, 'num_elites': 3, 'iterations': 11, 'smoothing': 0.44159095184937347}"
cross_entropy,6,6,7.134472199948505,0,501.0,6.3500000000000005,2,"{'horizon': 7, 'num_samples': 27, 'num_elites': 3, 'iterations': 11, 'smoothing': 0.44159095184937347}"
cross_entropy,6,7,37.950665200012736,0,1094.0,15.0,0,"{'horizon': 7, 'num_samples': 27, 'num_elites': 3, 'iterations': 11, 'smoothing': 0.44159095184937347}"
cross_entropy,6,8,6.3982119000284,0,323.0,4.05,7,"{'horizon': 7, 'num_samples': 27, 'num_elites': 3, 'iterations': 11, 'smoothing': 0.44159095184937347}"
cross_entropy,6,9,3.5449191000079736,0,287.0,3.6,2,"{'horizon': 7, 'num_samples': 27, 'num_elites': 3, 'iterations': 11, 'smoothing': 0.44159095184937347}"
cross_entropy,6,10,94.41206830006558,0,1431.0,17.900000000000002,6,"{'horizon': 7, 'num_samples': 27, 'num_elites': 3, 'iterations': 11, 'smoothing': 0.44159095184937347}"
cross_entropy,6,11,11.0690639000386,0,311.0,3.9000000000000004,8,"{'horizon': 7, 'num_samples': 27, 'num_elites': 3, 'iterations': 11, 'smoothing': 0.44159095184937347}"
cross_entropy,6,12,186.20708940003533,-1,1000000000.0,1000000000.0,0.0,"{'horizon': 7, 'num_samples': 27, 'num_elites': 3, 'iterations': 11, 'smoothing': 0.44159095184937347}"
cross_entropy,6,13,32.5646204999648,0,787.0,9.850000000000001,3,"{'horizon': 7, 'num_samples': 27, 'num_elites': 3, 'iterations': 11, 'smoothing': 0.44159095184937347}"
cross_entropy,6,14,5.493093900033273,0,311.0,3.9000000000000004,1,"{'horizon': 7, 'num_samples': 27, 'num_elites': 3, 'iterations': 11, 'smoothing': 0.44159095184937347}"
cross_entropy,7,0,60.46616820001509,-1,1000000000.0,1000000000.0,0.0,"{'horizon': 13, 'num_samples': 38, 'num_elites': 9, 'iterations': 10, 'smoothing': 0.7263977338114724}"
cross_entropy,7,1,30.00908949994482,0,311.0,3.9000000000000004,3,"{'horizon': 13, 'num_samples': 38, 'num_elites': 9, 'iterations': 10, 'smoothing': 0.7263977338114724}"
cross_entropy,7,2,120.44321699999273,-1,1000000000.0,1000000000.0,0.0,"{'horizon': 13, 'num_samples': 38, 'num_elites': 9, 'iterations': 10, 'smoothing': 0.7263977338114724}"
cross_entropy,7,3,3.3116280999965966,0,291.0,3.6500000000000004,2,"{'horizon': 13, 'num_samples': 38, 'num_elites': 9, 'iterations': 10, 'smoothing': 0.7263977338114724}"
cross_entropy,7,4,51.26687510008924,0,307.0,3.85,9,"{'horizon': 13, 'num_samples': 38, 'num_elites': 9, 'iterations': 10, 'smoothing': 0.7263977338114724}"
cross_entropy,7,5,0.18523110006935894,0,255.0,3.2,0,"{'horizon': 13, 'num_samples': 38, 'num_elites': 9, 'iterations': 10, 'smoothing': 0.7263977338114724}"
cross_entropy,7,6,180.35786570003256,-1,1000000000.0,1000000000.0,0.0,"{'horizon': 13, 'num_samples': 38, 'num_elites': 9, 'iterations': 10, 'smoothing': 0.7263977338114724}"
cross_entropy,7,7,240.3657610999653,-1,1000000000.0,1000000000.0,0.0,"{'horizon': 13, 'num_samples': 38, 'num_elites': 9, 'iterations': 10, 'smoothing': 0.7263977338114724}"
cross_entropy,7,8,52.068246499984525,0,359.0,4.5,7,"{'horizon': 13, 'num_samples': 38, 'num_elites': 9, 'iterations': 10, 'smoothing': 0.7263977338114724}"
cross_entropy,7,9,10.15862040000502,0,255.0,3.2,2,"{'horizon': 13, 'num_samples': 38, 'num_elites': 9, 'iterations': 10, 'smoothing': 0.7263977338114724}"
cross_entropy,7,10,170.37168909993488,0,819.0,10.25,1,"{'horizon': 13, 'num_samples': 38, 'num_elites': 9, 'iterations': 10, 'smoothing': 0.7263977338114724}"
cross_entropy,7,11,50.27433879999444,0,323.0,4.05,11,"{'horizon': 13, 'num_samples': 38, 'num_elites': 9, 'iterations': 10, 'smoothing': 0.7263977338114724}"
cross_entropy,7,12,5.781003099982627,0,283.0,3.5500000000000003,4,"{'horizon': 13, 'num_samples': 38, 'num_elites': 9, 'iterations': 10, 'smoothing': 0.7263977338114724}"
cross_entropy,7,13,90.48350059997756,0,983.0,12.3,4,"{'horizon': 13, 'num_samples': 38, 'num_elites': 9, 'iterations': 10, 'smoothing': 0.7263977338114724}"
cross_entropy,7,14,21.534393699956127,0,307.0,3.85,0,"{'horizon': 13, 'num_samples': 38, 'num_elites': 9, 'iterations': 10, 'smoothing': 0.7263977338114724}"
cross_entropy,8,0,10.150821299990639,0,431.0,5.4,0,"{'horizon': 15, 'num_samples': 66, 'num_elites': 30, 'iterations': 4, 'smoothing': 0.31885751141204055}"
cross_entropy,8,1,52.654726000037044,0,427.0,5.3500000000000005,7,"{'horizon': 15, 'num_samples': 66, 'num_elites': 30, 'iterations': 4, 'smoothing': 0.31885751141204055}"
cross_entropy,8,2,23.13805389998015,0,355.0,4.45,0,"{'horizon': 15, 'num_samples': 66, 'num_elites': 30, 'iterations': 4, 'smoothing': 0.31885751141204055}"
cross_entropy,8,3,114.78239479998592,-1,1000000000.0,1000000000.0,0.0,"{'horizon': 15, 'num_samples': 66, 'num_elites': 30, 'iterations': 4, 'smoothing': 0.31885751141204055}"
cross_entropy,8,4,26.155963499913923,0,339.0,4.25,7,"{'horizon': 15, 'num_samples': 66, 'num_elites': 30, 'iterations': 4, 'smoothing': 0.31885751141204055}"
cross_entropy,8,5,0.16184670000802726,0,255.0,3.2,0,"{'horizon': 15, 'num_samples': 66, 'num_elites': 30, 'iterations': 4, 'smoothing': 0.31885751141204055}"
cross_entropy,8,6,42.82244779996108,0,463.0,5.800000000000001,10,"{'horizon': 15, 'num_samples': 66, 'num_elites': 30, 'iterations': 4, 'smoothing': 0.31885751141204055}"
cross_entropy,8,7,84.00129410007503,0,1468.0,20.150000000000002,0,"{'horizon': 15, 'num_samples': 66, 'num_elites': 30, 'iterations': 4, 'smoothing': 0.31885751141204055}"
cross_entropy,8,8,49.06636270007584,0,543.0,6.800000000000001,10,"{'horizon': 15, 'num_samples': 66, 'num_elites': 30, 'iterations': 4, 'smoothing': 0.31885751141204055}"
cross_entropy,8,9,8.821195199969225,0,331.0,4.15,2,"{'horizon': 15, 'num_samples': 66, 'num_elites': 30, 'iterations': 4, 'smoothing': 0.31885751141204055}"
cross_entropy,8,10,174.62491470004898,-1,1000000000.0,1000000000.0,0.0,"{'horizon': 15, 'num_samples': 66, 'num_elites': 30, 'iterations': 4, 'smoothing': 0.31885751141204055}"
cross_entropy,8,11,234.62537499994505,-1,1000000000.0,1000000000.0,0.0,"{'horizon': 15, 'num_samples': 66, 'num_elites': 30, 'iterations': 4, 'smoothing': 0.31885751141204055}"
cross_entropy,8,12,23.286750800092705,0,495.0,6.2,9,"{'horizon': 15, 'num_samples': 66, 'num_elites': 30, 'iterations': 4, 'smoothing': 0.31885751141204055}"
cross_entropy,8,13,47.07127670000773,0,679.0,8.5,6,"{'horizon': 15, 'num_samples': 66, 'num_elites': 30, 'iterations': 4, 'smoothing': 0.31885751141204055}"
cross_entropy,8,14,20.779201800003648,0,359.0,4.5,0,"{'horizon': 15, 'num_samples': 66, 'num_elites': 30, 'iterations': 4, 'smoothing': 0.31885751141204055}"
cross_entropy,9,0,17.514924900024198,0,599.0,7.5,0,"{'horizon': 7, 'num_samples': 76, 'num_elites': 6, 'iterations': 8, 'smoothing': 0.6626504275666905}"
cross_entropy,9,1,16.151419800007716,0,399.0,5.0,4,"{'horizon': 7, 'num_samples': 76, 'num_elites': 6, 'iterations': 8, 'smoothing': 0.6626504275666905}"
cross_entropy,9,2,79.41591770004015,-1,1000000000.0,1000000000.0,0.0,"{'horizon': 7, 'num_samples': 76, 'num_elites': 6, 'iterations': 8, 'smoothing': 0.6626504275666905}"
cross_entropy,9,3,3.6873981000389904,0,299.0,3.75,2,"{'horizon': 7, 'num_samples': 76, 'num_elites': 6, 'iterations': 8, 'smoothing': 0.6626504275666905}"
cross_entropy,9,4,10.797487700008787,0,291.0,3.6500000000000004,13,"{'horizon': 7, 'num_samples': 76, 'num_elites': 6, 'iterations': 8, 'smoothing': 0.6626504275666905}"
cross_entropy,9,5,0.14932880003470927,0,255.0,3.2,0,"{'horizon': 7, 'num_samples': 76, 'num_elites': 6, 'iterations': 8, 'smoothing': 0.6626504275666905}"
cross_entropy,9,6,139.33935080002993,-1,1000000000.0,1000000000.0,0.0,"{'horizon': 7, 'num_samples': 76, 'num_elites': 6, 'iterations': 8, 'smoothing': 0.6626504275666905}"
cross_entropy,9,7,2.6973361000418663,0,271.0,3.4000000000000004,0,"{'horizon': 7, 'num_samples': 76, 'num_elites': 6, 'iterations': 8, 'smoothing': 0.6626504275666905}"
cross_entropy,9,8,11.758439099998213,0,355.0,4.45,7,"{'horizon': 7, 'num_samples': 76, 'num_elites': 6, 'iterations': 8, 'smoothing': 0.6626504275666905}"
cross_entropy,9,9,6.766855900059454,0,271.0,3.4000000000000004,6,"{'horizon': 7, 'num_samples': 76, 'num_elites': 6, 'iterations': 8, 'smoothing': 0.6626504275666905}"
cross_entropy,9,10,27.821271499968134,0,443.0,5.550000000000001,6,"{'horizon': 7, 'num_samples': 76, 'num_elites': 6, 'iterations': 8, 'smoothing': 0.6626504275666905}"
cross_entropy,9,11,11.40491889999248,0,279.0,3.5,8,"{'horizon': 7, 'num_samples': 76, 'num_elites': 6, 'iterations': 8, 'smoothing': 0.6626504275666905}"
cross_entropy,9,12,199.23334799997974,-1,1000000000.0,1000000000.0,0.0,"{'horizon': 7, 'num_samples': 76, 'num_elites': 6, 'iterations': 8, 'smoothing': 0.6626504275666905}"
cross_entropy,9,13,53.578444299986586,0,1483.0,18.55,1,"{'horizon': 7, 'num_samples': 76, 'num_elites': 6, 'iterations': 8, 'smoothing': 0.6626504275666905}"
cross_entropy,9,14,7.795642799930647,0,315.0,3.95,2,"{'horizon': 7, 'num_samples': 76, 'num_elites': 6, 'iterations': 8, 'smoothing': 0.6626504275666905}"
cross_entropy,10,0,1.1588515000184998,0,275.0,3.45,0,"{'horizon': 15, 'num_samples': 39, 'num_elites': 13, 'iterations': 5, 'smoothing': 0.8657121423347887}"
cross_entropy,10,1,8.601379500003532,0,295.0,3.7,3,"{'horizon': 15, 'num_samples': 39, 'num_elites': 13, 'iterations': 5, 'smoothing': 0.8657121423347887}"
cross_entropy,10,2,16.430154800065793,0,567.0,7.1000000000000005,4,"{'horizon': 15, 'num_samples': 39, 'num_elites': 13, 'iterations': 5, 'smoothing': 0.8657121423347887}"
cross_entropy,10,3,3.542160600074567,0,331.0,4.15,2,"{'horizon': 15, 'num_samples': 39, 'num_elites': 13, 'iterations': 5, 'smoothing': 0.8657121423347887}"
cross_entropy,10,4,57.47282869997434,1,5000.0,62.5,11,"{'horizon': 15, 'num_samples': 39, 'num_elites': 13, 'iterations': 5, 'smoothing': 0.8657121423347887}"
cross_entropy,10,5,0.14196980011183769,0,255.0,3.2,0,"{'horizon': 15, 'num_samples': 39, 'num_elites': 13, 'iterations': 5, 'smoothing': 0.8657121423347887}"
cross_entropy,10,6,4.713015199988149,0,315.0,3.95,3,"{'horizon': 15, 'num_samples': 39, 'num_elites': 13, 'iterations': 5, 'smoothing': 0.8657121423347887}"
cross_entropy,10,7,2.956456399988383,0,335.0,4.2,4,"{'horizon': 15, 'num_samples': 39, 'num_elites': 13, 'iterations': 5, 'smoothing': 0.8657121423347887}"
cross_entropy,10,8,8.140593499992974,0,435.0,5.45,7,"{'horizon': 15, 'num_samples': 39, 'num_elites': 13, 'iterations': 5, 'smoothing': 0.8657121423347887}"
cross_entropy,10,9,10.154781499993987,0,834.0,10.450000000000001,2,"{'horizon': 15, 'num_samples': 39, 'num_elites': 13, 'iterations': 5, 'smoothing': 0.8657121423347887}"
cross_entropy,10,10,8.627556000021286,0,386.0,4.8500000000000005,1,"{'horizon': 15, 'num_samples': 39, 'num_elites': 13, 'iterations': 5, 'smoothing': 0.8657121423347887}"
cross_entropy,10,11,113.93835010007024,1,5000.0,62.5,1,"{'horizon': 15, 'num_samples': 39, 'num_elites': 13, 'iterations': 5, 'smoothing': 0.8657121423347887}"
cross_entropy,10,12,17.533696400001645,0,1431.0,17.900000000000002,4,"{'horizon': 15, 'num_samples': 39, 'num_elites': 13, 'iterations': 5, 'smoothing': 0.8657121423347887}"
cross_entropy,10,13,16.919874600018375,0,1067.0,13.350000000000001,0,"{'horizon': 15, 'num_samples': 39, 'num_elites': 13, 'iterations': 5, 'smoothing': 0.8657121423347887}"
cross_entropy,10,14,5.462262500077486,0,395.0,4.95,0,"{'horizon': 15, 'num_samples': 39, 'num_elites': 13, 'iterations': 5, 'smoothing': 0.8657121423347887}"
cross_entropy,11,0,2.879654600052163,0,283.0,3.5500000000000003,0,"{'horizon': 5, 'num_samples': 95, 'num_elites': 29, 'iterations': 7, 'smoothing': 0.8282807034091546}"
cross_entropy,11,1,18.396660799975507,0,355.0,4.45,3,"{'horizon': 5, 'num_samples': 95, 'num_elites': 29, 'iterations': 7, 'smoothing': 0.8282807034091546}"
cross_entropy,11,2,80.39853010000661,-1,1000000000.0,1000000000.0,0.0,"{'horizon': 5, 'num_samples': 95, 'num_elites': 29, 'iterations': 7, 'smoothing': 0.8282807034091546}"
cross_entropy,11,3,3.1931005999213085,0,303.0,3.8000000000000003,2,"{'horizon': 5, 'num_samples': 95, 'num_elites': 29, 'iterations': 7, 'smoothing': 0.8282807034091546}"
cross_entropy,11,4,14.719707099953666,0,394.0,4.95,6,"{'horizon': 5, 'num_samples': 95, 'num_elites': 29, 'iterations': 7, 'smoothing': 0.8282807034091546}"
cross_entropy,11,5,0.1558406000258401,0,255.0,3.2,0,"{'horizon': 5, 'num_samples': 95, 'num_elites': 29, 'iterations': 7, 'smoothing': 0.8282807034091546}"
cross_entropy,11,6,140.34421609994024,-1,1000000000.0,1000000000.0,0.0,"{'horizon': 5, 'num_samples': 95, 'num_elites': 29, 'iterations': 7, 'smoothing': 0.8282807034091546}"
cross_entropy,11,7,61.59728589991573,0,1465.0,19.450000000000003,0,"{'horizon': 5, 'num_samples': 95, 'num_elites': 29, 'iterations': 7, 'smoothing': 0.8282807034091546}"
cross_entropy,11,8,17.74898489995394,0,455.0,5.7,7,"{'horizon': 5, 'num_samples': 95, 'num_elites': 29, 'iterations': 7, 'smoothing': 0.8282807034091546}"
cross_entropy,11,9,27.164670699974522,0,669.0,8.4,0,"{'horizon': 5, 'num_samples': 95, 'num_elites': 29, 'iterations': 7, 'smoothing': 0.8282807034091546}"
cross_entropy,11,10,200.2789542999817,-1,1000000000.0,1000000000.0,0.0,"{'horizon': 5, 'num_samples': 95, 'num_elites': 29, 'iterations': 7, 'smoothing': 0.8282807034091546}"
cross_entropy,11,11,205.49845350009855,1,5000.0,62.5,3,"{'horizon': 5, 'num_samples': 95, 'num_elites': 29, 'iterations': 7, 'smoothing': 0.8282807034091546}"
cross_entropy,11,12,6.166433000005782,0,287.0,3.6,4,"{'horizon': 5, 'num_samples': 95, 'num_elites': 29, 'iterations': 7, 'smoothing': 0.8282807034091546}"
cross_entropy,11,13,44.60074560006615,0,1243.0,15.55,9,"{'horizon': 5, 'num_samples': 95, 'num_elites': 29, 'iterations': 7, 'smoothing': 0.8282807034091546}"
cross_entropy,11,14,214.2966921000043,1,5000.0,67.85000000000001,7,"{'horizon': 5, 'num_samples': 95, 'num_elites': 29, 'iterations': 7, 'smoothing': 0.8282807034091546}"
cross_entropy,12,0,6.873581900028512,0,387.0,4.8500000000000005,0,"{'horizon': 11, 'num_samples': 66, 'num_elites': 15, 'iterations': 6, 'smoothing': 0.8228763541126307}"
cross_entropy,12,1,10.489393699914217,0,267.0,3.35,3,"{'horizon': 11, 'num_samples': 66, 'num_elites': 15, 'iterations': 6, 'smoothing': 0.8228763541126307}"
cross_entropy,12,2,72.47801740001887,-1,1000000000.0,1000000000.0,0.0,"{'horizon': 11, 'num_samples': 66, 'num_elites': 15, 'iterations': 6, 'smoothing': 0.8228763541126307}"
cross_entropy,12,3,3.918141799978912,0,295.0,3.7,2,"{'horizon': 11, 'num_samples': 66, 'num_elites': 15, 'iterations': 6, 'smoothing': 0.8228763541126307}"
cross_entropy,12,4,14.236295400070958,0,291.0,3.6500000000000004,9,"{'horizon': 11, 'num_samples': 66, 'num_elites': 15, 'iterations': 6, 'smoothing': 0.8228763541126307}"
cross_entropy,12,5,0.1556265999097377,0,255.0,3.2,0,"{'horizon': 11, 'num_samples': 66, 'num_elites': 15, 'iterations': 6, 'smoothing': 0.8228763541126307}"
cross_entropy,12,6,115.99000380001962,1,5000.0,62.5,0,"{'horizon': 11, 'num_samples': 66, 'num_elites': 15, 'iterations': 6, 'smoothing': 0.8228763541126307}"
cross_entropy,12,7,177.95728700002655,-1,1000000000.0,1000000000.0,0.0,"{'horizon': 11, 'num_samples': 66, 'num_elites': 15, 'iterations': 6, 'smoothing': 0.8228763541126307}"
cross_entropy,12,8,11.220409099943936,0,392.0,4.95,7,"{'horizon': 11, 'num_samples': 66, 'num_elites': 15, 'iterations': 6, 'smoothing': 0.8228763541126307}"
cross_entropy,12,9,6.354134600027464,0,287.0,3.6,2,"{'horizon': 11, 'num_samples': 66, 'num_elites': 15, 'iterations': 6, 'smoothing': 0.8228763541126307}"
cross_entropy,12,10,85.19683619996067,0,1135.0,14.200000000000001,1,"{'horizon': 11, 'num_samples': 66, 'num_elites': 15, 'iterations': 6, 'smoothing': 0.8228763541126307}"
cross_entropy,12,11,142.20005490002222,1,5000.0,62.5,6,"{'horizon': 11, 'num_samples': 66, 'num_elites': 15, 'iterations': 6, 'smoothing': 0.8228763541126307}"
cross_entropy,12,12,4.700427300063893,0,279.0,3.5,4,"{'horizon': 11, 'num_samples': 66, 'num_elites': 15, 'iterations': 6, 'smoothing': 0.8228763541126307}"
cross_entropy,12,13,34.11174449999817,0,955.0,11.950000000000001,0,"{'horizon': 11, 'num_samples': 66, 'num_elites': 15, 'iterations': 6, 'smoothing': 0.8228763541126307}"
cross_entropy,12,14,39.45906379993539,0,1287.0,16.1,1,"{'horizon': 11, 'num_samples': 66, 'num_elites': 15, 'iterations': 6, 'smoothing': 0.8228763541126307}"
cross_entropy,13,0,24.49817349994555,0,1079.0,13.5,0,"{'horizon': 14, 'num_samples': 52, 'num_elites': 14, 'iterations': 5, 'smoothing': 0.8355353990939867}"
cross_entropy,13,1,8.576565099996515,0,471.0,5.9,3,"{'horizon': 14, 'num_samples': 52, 'num_elites': 14, 'iterations': 5, 'smoothing': 0.8355353990939867}"
cross_entropy,13,2,16.497865100041963,0,467.0,5.8500000000000005,4,"{'horizon': 14, 'num_samples': 52, 'num_elites': 14, 'iterations': 5, 'smoothing': 0.8355353990939867}"
cross_entropy,13,3,6.2261351000051945,0,323.0,4.05,2,"{'horizon': 14, 'num_samples': 52, 'num_elites': 14, 'iterations': 5, 'smoothing': 0.8355353990939867}"
cross_entropy,13,4,15.570170700084418,0,311.0,3.9000000000000004,9,"{'horizon': 14, 'num_samples': 52, 'num_elites': 14, 'iterations': 5, 'smoothing': 0.8355353990939867}"
cross_entropy,13,5,0.16762580000795424,0,255.0,3.2,0,"{'horizon': 14, 'num_samples': 52, 'num_elites': 14, 'iterations': 5, 'smoothing': 0.8355353990939867}"
cross_entropy,13,6,29.255751100019552,0,1519.0,19.0,0,"{'horizon': 14, 'num_samples': 52, 'num_elites': 14, 'iterations': 5, 'smoothing': 0.8355353990939867}"
cross_entropy,13,7,34.43036280001979,0,1556.0,21.200000000000003,0,"{'horizon': 14, 'num_samples': 52, 'num_elites': 14, 'iterations': 5, 'smoothing': 0.8355353990939867}"
cross_entropy,13,8,13.202197200036608,0,419.0,5.25,7,"{'horizon': 14, 'num_samples': 52, 'num_elites': 14, 'iterations': 5, 'smoothing': 0.8355353990939867}"
cross_entropy,13,9,24.68062140000984,0,1100.0,13.8,2,"{'horizon': 14, 'num_samples': 52, 'num_elites': 14, 'iterations': 5, 'smoothing': 0.8355353990939867}"
cross_entropy,13,10,96.37352049991023,-1,1000000000.0,1000000000.0,0.0,"{'horizon': 14, 'num_samples': 52, 'num_elites': 14, 'iterations': 5, 'smoothing': 0.8355353990939867}"
cross_entropy,13,11,156.37007890001405,-1,1000000000.0,1000000000.0,0.0,"{'horizon': 14, 'num_samples': 52, 'num_elites': 14, 'iterations': 5, 'smoothing': 0.8355353990939867}"
cross_entropy,13,12,74.12711929995567,0,289.0,3.6500000000000004,4,"{'horizon': 14, 'num_samples': 52, 'num_elites': 14, 'iterations': 5, 'smoothing': 0.8355353990939867}"
cross_entropy,13,13,107.76834399998188,1,5000.0,62.5,0,"{'horizon': 14, 'num_samples': 52, 'num_elites': 14, 'iterations': 5, 'smoothing': 0.8355353990939867}"
cross_entropy,13,14,6.307770900079049,0,371.0,4.65,4,"{'horizon': 14, 'num_samples': 52, 'num_elites': 14, 'iterations': 5, 'smoothing': 0.8355353990939867}"
cross_entropy,14,0,14.645766400033608,0,387.0,4.8500000000000005,0,"{'horizon': 9, 'num_samples': 99, 'num_elites': 28, 'iterations': 10, 'smoothing': 0.49080208498311834}"
cross_entropy,14,1,22.161065299995244,0,327.0,4.1000000000000005,3,"{'horizon': 9, 'num_samples': 99, 'num_elites': 28, 'iterations': 10, 'smoothing': 0.49080208498311834}"
cross_entropy,14,2,83.91385490004905,-1,1000000000.0,1000000000.0,0.0,"{'horizon': 9, 'num_samples': 99, 'num_elites': 28, 'iterations': 10, 'smoothing': 0.49080208498311834}"
cross_entropy,14,3,4.915816699969582,0,315.0,3.95,0,"{'horizon': 9, 'num_samples': 99, 'num_elites': 28, 'iterations': 10, 'smoothing': 0.49080208498311834}"
cross_entropy,14,4,14.282065900042653,0,259.0,3.25,8,"{'horizon': 9, 'num_samples': 99, 'num_elites': 28, 'iterations': 10, 'smoothing': 0.49080208498311834}"
cross_entropy,14,5,0.17766109993681312,0,255.0,3.2,0,"{'horizon': 9, 'num_samples': 99, 'num_elites': 28, 'iterations': 10, 'smoothing': 0.49080208498311834}"
cross_entropy,14,6,143.8539040000178,-1,1000000000.0,1000000000.0,0.0,"{'horizon': 9, 'num_samples': 99, 'num_elites': 28, 'iterations': 10, 'smoothing': 0.49080208498311834}"
cross_entropy,14,7,28.308493899996392,0,539.0,7.2,0,"{'horizon': 9, 'num_samples': 99, 'num_elites': 28, 'iterations': 10, 'smoothing': 0.49080208498311834}"
cross_entropy,14,8,25.657637100084685,0,403.0,5.050000000000001,7,"{'horizon': 9, 'num_samples': 99, 'num_elites': 28, 'iterations': 10, 'smoothing': 0.49080208498311834}"
cross_entropy,14,9,9.11318750004284,0,267.0,3.35,2,"{'horizon': 9, 'num_samples': 99, 'num_elites': 28, 'iterations': 10, 'smoothing': 0.49080208498311834}"
cross_entropy,14,10,145.64411700004712,0,1743.0,21.8,1,"{'horizon': 9, 'num_samples': 99, 'num_elites': 28, 'iterations': 10, 'smoothing': 0.49080208498311834}"
cross_entropy,14,11,23.61574139993172,0,339.0,4.25,11,"{'horizon': 9, 'num_samples': 99, 'num_elites': 28, 'iterations': 10, 'smoothing': 0.49080208498311834}"
cross_entropy,14,12,207.46954449999612,-1,1000000000.0,1000000000.0,0.0,"{'horizon': 9, 'num_samples': 99, 'num_elites': 28, 'iterations': 10, 'smoothing': 0.49080208498311834}"
cross_entropy,14,13,34.82929729996249,0,639.0,8.0,4,"{'horizon': 9, 'num_samples': 99, 'num_elites': 28, 'iterations': 10, 'smoothing': 0.49080208498311834}"
cross_entropy,14,14,12.390350600006059,0,303.0,3.8000000000000003,2,"{'horizon': 9, 'num_samples': 99, 'num_elites': 28, 'iterations': 10, 'smoothing': 0.49080208498311834}"
cross_entropy,15,0,4.1766026999102905,0,343.0,4.3,4,"{'horizon': 15, 'num_samples': 25, 'num_elites': 22, 'iterations': 10, 'smoothing': 0.4828687548948174}"
cross_entropy,15,1,13.86743970005773,0,395.0,4.95,3,"{'horizon': 15, 'num_samples': 25, 'num_elites': 22, 'iterations': 10, 'smoothing': 0.4828687548948174}"
cross_entropy,15,2,13.19504440005403,0,327.0,4.1000000000000005,4,"{'horizon': 15, 'num_samples': 25, 'num_elites': 22, 'iterations': 10, 'smoothing': 0.4828687548948174}"
cross_entropy,15,3,1.6423728000372648,0,299.0,3.75,0,"{'horizon': 15, 'num_samples': 25, 'num_elites': 22, 'iterations': 10, 'smoothing': 0.4828687548948174}"
cross_entropy,15,4,5.406875700107776,0,279.0,3.5,9,"{'horizon': 15, 'num_samples': 25, 'num_elites': 22, 'iterations': 10, 'smoothing': 0.4828687548948174}"
cross_entropy,15,5,0.1571047999896109,0,255.0,3.2,0,"{'horizon': 15, 'num_samples': 25, 'num_elites': 22, 'iterations': 10, 'smoothing': 0.4828687548948174}"
cross_entropy,15,6,5.949675599928014,0,319.0,4.0,3,"{'horizon': 15, 'num_samples': 25, 'num_elites': 22, 'iterations': 10, 'smoothing': 0.4828687548948174}"
cross_entropy,15,7,4.313619100023061,0,319.0,4.0,0,"{'horizon': 15, 'num_samples': 25, 'num_elites': 22, 'iterations': 10, 'smoothing': 0.4828687548948174}"
cross_entropy,15,8,12.268847899977118,0,391.0,4.9,9,"{'horizon': 15, 'num_samples': 25, 'num_elites': 22, 'iterations': 10, 'smoothing': 0.4828687548948174}"
cross_entropy,15,9,13.71933489991352,0,383.0,4.800000000000001,2,"{'horizon': 15, 'num_samples': 25, 'num_elites': 22, 'iterations': 10, 'smoothing': 0.4828687548948174}"
cross_entropy,15,10,12.303720699972473,0,383.0,4.800000000000001,0,"{'horizon': 15, 'num_samples': 25, 'num_elites': 22, 'iterations': 10, 'smoothing': 0.4828687548948174}"
cross_entropy,15,11,28.2663875001017,0,427.0,5.3500000000000005,8,"{'horizon': 15, 'num_samples': 25, 'num_elites': 22, 'iterations': 10, 'smoothing': 0.4828687548948174}"
cross_entropy,15,12,4.33820289990399,0,323.0,4.05,6,"{'horizon': 15, 'num_samples': 25, 'num_elites': 22, 'iterations': 10, 'smoothing': 0.4828687548948174}"
cross_entropy,15,13,25.339573899982497,0,803.0,10.05,8,"{'horizon': 15, 'num_samples': 25, 'num_elites': 22, 'iterations': 10, 'smoothing': 0.4828687548948174}"
cross_entropy,15,14,16.94466649997048,0,495.0,6.2,1,"{'horizon': 15, 'num_samples': 25, 'num_elites': 22, 'iterations': 10, 'smoothing': 0.4828687548948174}"
cross_entropy,16,0,12.680416899966076,0,363.0,4.55,0,"{'horizon': 13, 'num_samples': 94, 'num_elites': 10, 'iterations': 10, 'smoothing': 0.59089798281539}"
cross_entropy,16,1,29.92226160003338,0,407.0,5.1000000000000005,9,"{'horizon': 13, 'num_samples': 94, 'num_elites': 10, 'iterations': 10, 'smoothing': 0.59089798281539}"
cross_entropy,16,2,91.79802470002323,-1,1000000000.0,1000000000.0,0.0,"{'horizon': 13, 'num_samples': 94, 'num_elites': 10, 'iterations': 10, 'smoothing': 0.59089798281539}"
cross_entropy,16,3,4.474160899990238,0,291.0,3.6500000000000004,2,"{'horizon': 13, 'num_samples': 94, 'num_elites': 10, 'iterations': 10, 'smoothing': 0.59089798281539}"
cross_entropy,16,4,18.131687900051475,0,287.0,3.6,13,"{'horizon': 13, 'num_samples': 94, 'num_elites': 10, 'iterations': 10, 'smoothing': 0.59089798281539}"
cross_entropy,16,5,0.16400360001716763,0,255.0,3.2,0,"{'horizon': 13, 'num_samples': 94, 'num_elites': 10, 'iterations': 10, 'smoothing': 0.59089798281539}"
cross_entropy,16,6,151.74246619991027,-1,1000000000.0,1000000000.0,0.0,"{'horizon': 13, 'num_samples': 94, 'num_elites': 10, 'iterations': 10, 'smoothing': 0.59089798281539}"
cross_entropy,16,7,211.7473679999821,-1,1000000000.0,1000000000.0,0.0,"{'horizon': 13, 'num_samples': 94, 'num_elites': 10, 'iterations': 10, 'smoothing': 0.59089798281539}"
cross_entropy,16,8,20.10829460003879,0,347.0,4.3500000000000005,7,"{'horizon': 13, 'num_samples': 94, 'num_elites': 10, 'iterations': 10, 'smoothing': 0.59089798281539}"
cross_entropy,16,9,6.700943300034851,0,255.0,3.2,2,"{'horizon': 13, 'num_samples': 94, 'num_elites': 10, 'iterations': 10, 'smoothing': 0.59089798281539}"
cross_entropy,16,10,271.7120723000262,-1,1000000000.0,1000000000.0,0.0,"{'horizon': 13, 'num_samples': 94, 'num_elites': 10, 'iterations': 10, 'smoothing': 0.59089798281539}"
cross_entropy,16,11,24.67764350003563,0,331.0,4.15,11,"{'horizon': 13, 'num_samples': 94, 'num_elites': 10, 'iterations': 10, 'smoothing': 0.59089798281539}"
cross_entropy,16,12,11.499289299943484,0,311.0,3.9000000000000004,9,"{'horizon': 13, 'num_samples': 94, 'num_elites': 10, 'iterations': 10, 'smoothing': 0.59089798281539}"
cross_entropy,16,13,60.161371499998495,0,1091.0,13.65,4,"{'horizon': 13, 'num_samples': 94, 'num_elites': 10, 'iterations': 10, 'smoothing': 0.59089798281539}"
cross_entropy,16,14,85.34446090005804,0,1251.0,15.65,0,"{'horizon': 13, 'num_samples': 94, 'num_elites': 10, 'iterations': 10, 'smoothing': 0.59089798281539}"
cross_entropy,17,0,5.576998100033961,0,311.0,3.9000000000000004,0,"{'horizon': 14, 'num_samples': 75, 'num_elites': 12, 'iterations': 9, 'smoothing': 0.8657458223475116}"
cross_entropy,17,1,7.890125299920328,0,279.0,3.5,3,"{'horizon': 14, 'num_samples': 75, 'num_elites': 12, 'iterations': 9, 'smoothing': 0.8657458223475116}"
cross_entropy,17,2,69.80650589999277,-1,1000000000.0,1000000000.0,0.0,"{'horizon': 14, 'num_samples': 75, 'num_elites': 12, 'iterations': 9, 'smoothing': 0.8657458223475116}"
cross_entropy,17,3,11.610065700020641,0,387.0,4.8500000000000005,2,"{'horizon': 14, 'num_samples': 75, 'num_elites': 12, 'iterations': 9, 'smoothing': 0.8657458223475116}"
cross_entropy,17,4,15.133101599989459,0,275.0,3.45,9,"{'horizon': 14, 'num_samples': 75, 'num_elites': 12, 'iterations': 9, 'smoothing': 0.8657458223475116}"
cross_entropy,17,5,0.16594450001139194,0,255.0,3.2,0,"{'horizon': 14, 'num_samples': 75, 'num_elites': 12, 'iterations': 9, 'smoothing': 0.8657458223475116}"
cross_entropy,17,6,129.75261480000336,-1,1000000000.0,1000000000.0,0.0,"{'horizon': 14, 'num_samples': 75, 'num_elites': 12, 'iterations': 9, 'smoothing': 0.8657458223475116}"
cross_entropy,17,7,189.77796580002178,-1,1000000000.0,1000000000.0,0.0,"{'horizon': 14, 'num_samples': 75, 'num_elites': 12, 'iterations': 9, 'smoothing': 0.8657458223475116}"
cross_entropy,17,8,36.113177000079304,0,526.0,6.6000000000000005,7,"{'horizon': 14, 'num_samples': 75, 'num_elites': 12, 'iterations': 9, 'smoothing': 0.8657458223475116}"
cross_entropy,17,9,7.534461700008251,0,255.0,3.2,2,"{'horizon': 14, 'num_samples': 75, 'num_elites': 12, 'iterations': 9, 'smoothing': 0.8657458223475116}"
cross_entropy,17,10,53.03824360005092,0,599.0,7.5,1,"{'horizon': 14, 'num_samples': 75, 'num_elites': 12, 'iterations': 9, 'smoothing': 0.8657458223475116}"
cross_entropy,17,11,244.42325150000397,1,5000.0,62.5,4,"{'horizon': 14, 'num_samples': 75, 'num_elites': 12, 'iterations': 9, 'smoothing': 0.8657458223475116}"
cross_entropy,17,12,197.44579950009938,0,4107.0,51.35,4,"{'horizon': 14, 'num_samples': 75, 'num_elites': 12, 'iterations': 9, 'smoothing': 0.8657458223475116}"
cross_entropy,17,13,298.9699438000098,1,5000.0,70.55,12,"{'horizon': 14, 'num_samples': 75, 'num_elites': 12, 'iterations': 9, 'smoothing': 0.8657458223475116}"
cross_entropy,17,14,16.034664000035264,0,407.0,5.1000000000000005,1,"{'horizon': 14, 'num_samples': 75, 'num_elites': 12, 'iterations': 9, 'smoothing': 0.8657458223475116}"
cross_entropy,18,0,6.979382899939083,0,419.0,5.25,0,"{'horizon': 11, 'num_samples': 56, 'num_elites': 26, 'iterations': 5, 'smoothing': 0.5181777614275764}"
cross_entropy,18,1,17.33924580004532,0,455.0,5.7,8,"{'horizon': 11, 'num_samples': 56, 'num_elites': 26, 'iterations': 5, 'smoothing': 0.5181777614275764}"
cross_entropy,18,2,28.43354969995562,0,579.0,7.25,0,"{'horizon': 11, 'num_samples': 56, 'num_elites': 26, 'iterations': 5, 'smoothing': 0.5181777614275764}"
cross_entropy,18,3,3.1050046000164,0,307.0,3.85,2,"{'horizon': 11, 'num_samples': 56, 'num_elites': 26, 'iterations': 5, 'smoothing': 0.5181777614275764}"
cross_entropy,18,4,10.237737199990079,0,324.0,4.15,4,"{'horizon': 11, 'num_samples': 56, 'num_elites': 26, 'iterations': 5, 'smoothing': 0.5181777614275764}"
cross_entropy,18,5,0.15211269992869347,0,255.0,3.2,0,"{'horizon': 11, 'num_samples': 56, 'num_elites': 26, 'iterations': 5, 'smoothing': 0.5181777614275764}"
cross_entropy,18,6,6.258004299947061,0,307.0,3.85,3,"{'horizon': 11, 'num_samples': 56, 'num_elites': 26, 'iterations': 5, 'smoothing': 0.5181777614275764}"
cross_entropy,18,7,56.16901319997851,0,2346.0,32.15,0,"{'horizon': 11, 'num_samples': 56, 'num_elites': 26, 'iterations': 5, 'smoothing': 0.5181777614275764}"
cross_entropy,18,8,11.13293789990712,0,395.0,4.95,8,"{'horizon': 11, 'num_samples': 56, 'num_elites': 26, 'iterations': 5, 'smoothing': 0.5181777614275764}"
cross_entropy,18,9,23.743661199929193,0,1222.0,15.3,2,"{'horizon': 11, 'num_samples': 56, 'num_elites': 26, 'iterations': 5, 'smoothing': 0.5181777614275764}"
cross_entropy,18,10,71.41815249994397,0,1071.0,13.4,1,"{'horizon': 11, 'num_samples': 56, 'num_elites': 26, 'iterations': 5, 'smoothing': 0.5181777614275764}"
cross_entropy,18,11,56.30528269999195,0,1359.0,17.0,6,"{'horizon': 11, 'num_samples': 56, 'num_elites': 26, 'iterations': 5, 'smoothing': 0.5181777614275764}"
cross_entropy,18,12,133.27938359999098,-1,1000000000.0,1000000000.0,0.0,"{'horizon': 11, 'num_samples': 56, 'num_elites': 26, 'iterations': 5, 'smoothing': 0.5181777614275764}"
cross_entropy,18,13,89.41889380000066,3,2488.0,31.1,5,"{'horizon': 11, 'num_samples': 56, 'num_elites': 26, 'iterations': 5, 'smoothing': 0.5181777614275764}"
cross_entropy,18,14,54.328330599935725,0,2417.0,30.3,9,"{'horizon': 11, 'num_samples': 56, 'num_elites': 26, 'iterations': 5, 'smoothing': 0.5181777614275764}"
cross_entropy,19,0,21.390034100040793,0,547.0,6.8500000000000005,0,"{'horizon': 14, 'num_samples': 82, 'num_elites': 22, 'iterations': 8, 'smoothing': 0.5983491035354314}"
cross_entropy,19,1,13.88931630004663,0,267.0,3.35,3,"{'horizon': 14, 'num_samples': 82, 'num_elites': 22, 'iterations': 8, 'smoothing': 0.5983491035354314}"
cross_entropy,19,2,83.3260860000737,-1,1000000000.0,1000000000.0,0.0,"{'horizon': 14, 'num_samples': 82, 'num_elites': 22, 'iterations': 8, 'smoothing': 0.5983491035354314}"
cross_entropy,19,3,5.821405000053346,0,299.0,3.75,2,"{'horizon': 14, 'num_samples': 82, 'num_elites': 22, 'iterations': 8, 'smoothing': 0.5983491035354314}"
cross_entropy,19,4,141.1056478000246,0,3291.0,41.150000000000006,10,"{'horizon': 14, 'num_samples': 82, 'num_elites': 22, 'iterations': 8, 'smoothing': 0.5983491035354314}"
cross_entropy,19,5,0.15448909997940063,0,255.0,3.2,0,"{'horizon': 14, 'num_samples': 82, 'num_elites': 22, 'iterations': 8, 'smoothing': 0.5983491035354314}"
cross_entropy,19,6,13.277782500023022,0,335.0,4.2,3,"{'horizon': 14, 'num_samples': 82, 'num_elites': 22, 'iterations': 8, 'smoothing': 0.5983491035354314}"
cross_entropy,19,7,84.07752709998749,0,1686.0,23.55,0,"{'horizon': 14, 'num_samples': 82, 'num_elites': 22, 'iterations': 8, 'smoothing': 0.5983491035354314}"
cross_entropy,19,8,34.018574099987745,0,530.0,6.65,8,"{'horizon': 14, 'num_samples': 82, 'num_elites': 22, 'iterations': 8, 'smoothing': 0.5983491035354314}"
cross_entropy,19,9,39.61148619989399,0,587.0,7.3500000000000005,2,"{'horizon': 14, 'num_samples': 82, 'num_elites': 22, 'iterations': 8, 'smoothing': 0.5983491035354314}"
cross_entropy,19,10,202.93086660001427,-1,1000000000.0,1000000000.0,0.0,"{'horizon': 14, 'num_samples': 82, 'num_elites': 22, 'iterations': 8, 'smoothing': 0.5983491035354314}"
cross_entropy,19,11,30.743938999949023,0,303.0,3.8000000000000003,14,"{'horizon': 14, 'num_samples': 82, 'num_elites': 22, 'iterations': 8, 'smoothing': 0.5983491035354314}"
cross_entropy,19,12,5.326417699921876,0,275.0,3.45,4,"{'horizon': 14, 'num_samples': 82, 'num_elites': 22, 'iterations': 8, 'smoothing': 0.5983491035354314}"
cross_entropy,19,13,229.4211022000527,1,5000.0,62.5,0,"{'horizon': 14, 'num_samples': 82, 'num_elites': 22, 'iterations': 8, 'smoothing': 0.5983491035354314}"
cross_entropy,19,14,10.239539499976672,0,371.0,4.65,0,"{'horizon': 14, 'num_samples': 82, 'num_elites': 22, 'iterations': 8, 'smoothing': 0.5983491035354314}"
genetic,0,0,1.3433610999491066,0,275.0,3.45,0,"{'horizon': 13, 'population_size': 68, 'generations': 4, 'elite_fraction': 0.22593765813010153, 'mutation_rate': 0.03698798791249648, 'crossover_rate': 0.5671878785419668}"
genetic,0,1,5.75698750000447,0,287.0,3.6,4,"{'horizon': 13, 'population_size': 68, 'generations': 4, 'elite_fraction': 0.22593765813010153, 'mutation_rate': 0.03698798791249648, 'crossover_rate': 0.5671878785419668}"
genetic,0,2,67.63321680005174,-1,1000000000.0,1000000000.0,0.0,"{'horizon': 13, 'population_size': 68, 'generations': 4, 'elite_fraction': 0.22593765813010153, 'mutation_rate': 0.03698798791249648, 'crossover_rate': 0.5671878785419668}"
genetic,0,3,1.8174686999991536,0,283.0,3.5500000000000003,2,"{'horizon': 13, 'population_size': 68, 'generations': 4, 'elite_fraction': 0.22593765813010153, 'mutation_rate': 0.03698798791249648, 'crossover_rate': 0.5671878785419668}"
genetic,0,4,5.793192899902351,0,315.0,3.95,4,"{'horizon': 13, 'population_size': 68, 'generations': 4, 'elite_fraction': 0.22593765813010153, 'mutation_rate': 0.03698798791249648, 'crossover_rate': 0.5671878785419668}"
genetic,0,5,0.15970369998831302,0,255.0,3.2,0,"{'horizon': 13, 'population_size': 68, 'generations': 4, 'elite_fraction': 0.22593765813010153, 'mutation_rate': 0.03698798791249648, 'crossover_rate': 0.5671878785419668}"
genetic,0,6,111.98970780009404,3,4794.0,64.55,7,"{'horizon': 13, 'population_size': 68, 'generations': 4, 'elite_fraction': 0.22593765813010153, 'mutation_rate': 0.03698798791249648, 'crossover_rate': 0.5671878785419668}"
genetic,0,7,1.8514720000093803,0,275.0,3.45,0,"{'horizon': 13, 'population_size': 68, 'generations': 4, 'elite_fraction': 0.22593765813010153, 'mutation_rate': 0.03698798791249648, 'crossover_rate': 0.5671878785419668}"
genetic,0,8,9.133449399960227,0,359.0,4.5,10,"{'horizon': 13, 'population_size': 68, 'generations': 4, 'elite_fraction': 0.22593765813010153, 'mutation_rate': 0.03698798791249648, 'crossover_rate': 0.5671878785419668}"
genetic,0,9,3.1411367999389768,0,255.0,3.2,2,"{'horizon': 13, 'population_size': 68, 'generations': 4, 'elite_fraction': 0.22593765813010153, 'mutation_rate': 0.03698798791249648, 'crossover_rate': 0.5671878785419668}"
genetic,0,10,137.85986749990843,1,5000.0,62.5,0,"{'horizon': 13, 'population_size': 68, 'generations': 4, 'elite_fraction': 0.22593765813010153, 'mutation_rate': 0.03698798791249648, 'crossover_rate': 0.5671878785419668}"
genetic,0,11,22.767853899975307,0,427.0,5.3500000000000005,8,"{'horizon': 13, 'population_size': 68, 'generations': 4, 'elite_fraction': 0.22593765813010153, 'mutation_rate': 0.03698798791249648, 'crossover_rate': 0.5671878785419668}"
genetic,0,12,3.5069672000827268,0,303.0,3.8000000000000003,4,"{'horizon': 13, 'population_size': 68, 'generations': 4, 'elite_fraction': 0.22593765813010153, 'mutation_rate': 0.03698798791249648, 'crossover_rate': 0.5671878785419668}"
genetic,0,13,27.34386780008208,0,1307.0,16.35,3,"{'horizon': 13, 'population_size': 68, 'generations': 4, 'elite_fraction': 0.22593765813010153, 'mutation_rate': 0.03698798791249648, 'crossover_rate': 0.5671878785419668}"
genetic,0,14,4.368312799953856,0,347.0,4.3500000000000005,0,"{'horizon': 13, 'population_size': 68, 'generations': 4, 'elite_fraction': 0.22593765813010153, 'mutation_rate': 0.03698798791249648, 'crossover_rate': 0.5671878785419668}"
genetic,1,0,10.93163230002392,0,387.0,4.8500000000000005,0,"{'horizon': 4, 'population_size': 72, 'generations': 14, 'elite_fraction': 0.20672410760058207, 'mutation_rate': 0.20245471939353818, 'crossover_rate': 0.7556180343276362}"
genetic,1,1,5.908292999956757,0,259.0,3.25,3,"{'horizon': 4, 'population_size': 72, 'generations': 14, 'elite_fraction': 0.20672410760058207, 'mutation_rate': 0.20245471939353818, 'crossover_rate': 0.7556180343276362}"
genetic,1,2,72.83531039999798,-1,1000000000.0,1000000000.0,0.0,"{'horizon': 4, 'population_size': 72, 'generations': 14, 'elite_fraction': 0.20672410760058207, 'mutation_rate': 0.20245471939353818, 'crossover_rate': 0.7556180343276362}"
genetic,1,3,5.872718399972655,0,339.0,4.25,2,"{'horizon': 4, 'population_size': 72, 'generations': 14, 'elite_fraction': 0.20672410760058207, 'mutation_rate': 0.20245471939353818, 'crossover_rate': 0.7556180343276362}"
genetic,1,4,11.468368799891323,0,263.0,3.3000000000000003,13,"{'horizon': 4, 'population_size': 72, 'generations': 14, 'elite_fraction': 0.20672410760058207, 'mutation_rate': 0.20245471939353818, 'crossover_rate': 0.7556180343276362}"
genetic,1,5,0.16540100006386638,0,255.0,3.2,0,"{'horizon': 4, 'population_size': 72, 'generations': 14, 'elite_fraction': 0.20672410760058207, 'mutation_rate': 0.20245471939353818, 'crossover_rate': 0.7556180343276362}"
genetic,1,6,132.77124860009644,-1,1000000000.0,1000000000.0,0.0,"{'horizon': 4, 'population_size': 72, 'generations': 14, 'elite_fraction': 0.20672410760058207, 'mutation_rate': 0.20245471939353818, 'crossover_rate': 0.7556180343276362}"
genetic,1,7,6.44503679999616,0,287.0,3.6,0,"{'horizon': 4, 'population_size': 72, 'generations': 14, 'elite_fraction': 0.20672410760058207, 'mutation_rate': 0.20245471939353818, 'crossover_rate': 0.7556180343276362}"
genetic,1,8,15.277262400020845,0,351.0,4.4,10,"{'horizon': 4, 'population_size': 72, 'generations': 14, 'elite_fraction': 0.20672410760058207, 'mutation_rate': 0.20245471939353818, 'crossover_rate': 0.7556180343276362}"
genetic,1,9,4.7237886999500915,0,247.0,3.1,0,"{'horizon': 4, 'population_size': 72, 'generations': 14, 'elite_fraction': 0.20672410760058207, 'mutation_rate': 0.20245471939353818, 'crossover_rate': 0.7556180343276362}"
genetic,1,10,192.7011802000925,-1,1000000000.0,1000000000.0,0.0,"{'horizon': 4, 'population_size': 72, 'generations': 14, 'elite_fraction': 0.20672410760058207, 'mutation_rate': 0.20245471939353818, 'crossover_rate': 0.7556180343276362}"
genetic,1,11,16.921330699929968,0,327.0,4.1000000000000005,8,"{'horizon': 4, 'population_size': 72, 'generations': 14, 'elite_fraction': 0.20672410760058207, 'mutation_rate': 0.20245471939353818, 'crossover_rate': 0.7556180343276362}"
genetic,1,12,252.68379869998898,-1,1000000000.0,1000000000.0,0.0,"{'horizon': 4, 'population_size': 72, 'generations': 14, 'elite_fraction': 0.20672410760058207, 'mutation_rate': 0.20245471939353818, 'crossover_rate': 0.7556180343276362}"
genetic,1,13,312.68423839996103,-1,1000000000.0,1000000000.0,0.0,"{'horizon': 4, 'population_size': 72, 'generations': 14, 'elite_fraction': 0.20672410760058207, 'mutation_rate': 0.20245471939353818, 'crossover_rate': 0.7556180343276362}"
genetic,1,14,266.0031553999288,0,4991.0,62.400000000000006,3,"{'horizon': 4, 'population_size': 72, 'generations': 14, 'elite_fraction': 0.20672410760058207, 'mutation_rate': 0.20245471939353818, 'crossover_rate': 0.7556180343276362}"
genetic,2,0,3.7062450000084937,0,363.0,4.55,0,"{'horizon': 10, 'population_size': 78, 'generations': 3, 'elite_fraction': 0.30487572201415086, 'mutation_rate': 0.14136843379735356, 'crossover_rate': 0.7793834983561476}"
genetic,2,1,65.5968894000398,-1,1000000000.0,1000000000.0,0.0,"{'horizon': 10, 'population_size': 78, 'generations': 3, 'elite_fraction': 0.30487572201415086, 'mutation_rate': 0.14136843379735356, 'crossover_rate': 0.7793834983561476}"
genetic,2,2,112.21399170008954,1,5000.0,62.5,0,"{'horizon': 10, 'population_size': 78, 'generations': 3, 'elite_fraction': 0.30487572201415086, 'mutation_rate': 0.14136843379735356, 'crossover_rate': 0.7793834983561476}"
genetic,2,3,2.5421985000139102,0,315.0,3.95,2,"{'horizon': 10, 'population_size': 78, 'generations': 3, 'elite_fraction': 0.30487572201415086, 'mutation_rate': 0.14136843379735356, 'crossover_rate': 0.7793834983561476}"
genetic,2,4,174.0286719999276,-1,1000000000.0,1000000000.0,0.0,"{'horizon': 10, 'population_size': 78, 'generations': 3, 'elite_fraction': 0.30487572201415086, 'mutation_rate': 0.14136843379735356, 'crossover_rate': 0.7793834983561476}"
genetic,2,5,0.16178009996656328,0,255.0,3.2,0,"{'horizon': 10, 'population_size': 78, 'generations': 3, 'elite_fraction': 0.30487572201415086, 'mutation_rate': 0.14136843379735356, 'crossover_rate': 0.7793834983561476}"
genetic,2,6,70.86746249999851,1,5000.0,62.5,0,"{'horizon': 10, 'population_size': 78, 'generations': 3, 'elite_fraction': 0.30487572201415086, 'mutation_rate': 0.14136843379735356, 'crossover_rate': 0.7793834983561476}"
genetic,2,7,1.2882795999757946,0,267.0,3.35,0,"{'horizon': 10, 'population_size': 78, 'generations': 3, 'elite_fraction': 0.30487572201415086, 'mutation_rate': 0.14136843379735356, 'crossover_rate': 0.7793834983561476}"
genetic,2,8,14.738360600080341,0,507.0,6.3500000000000005,0,"{'horizon': 10, 'population_size': 78, 'generations': 3, 'elite_fraction': 0.30487572201415086, 'mutation_rate': 0.14136843379735356, 'crossover_rate': 0.7793834983561476}"
genetic,2,9,3.88914390001446,0,259.0,3.25,2,"{'horizon': 10, 'population_size': 78, 'generations': 3, 'elite_fraction': 0.30487572201415086, 'mutation_rate': 0.14136843379735356, 'crossover_rate': 0.7793834983561476}"
genetic,2,10,91.79735140001867,0,2063.0,25.8,5,"{'horizon': 10, 'population_size': 78, 'generations': 3, 'elite_fraction': 0.30487572201415086, 'mutation_rate': 0.14136843379735356, 'crossover_rate': 0.7793834983561476}"
genetic,2,11,13.641498800017871,0,315.0,3.95,11,"{'horizon': 10, 'population_size': 78, 'generations': 3, 'elite_fraction': 0.30487572201415086, 'mutation_rate': 0.14136843379735356, 'crossover_rate': 0.7793834983561476}"
genetic,2,12,92.55062719993293,1,5002.0,69.3,4,"{'horizon': 10, 'population_size': 78, 'generations': 3, 'elite_fraction': 0.30487572201415086, 'mutation_rate': 0.14136843379735356, 'crossover_rate': 0.7793834983561476}"
genetic,2,13,41.8819459999213,0,2065.0,26.6,12,"{'horizon': 10, 'population_size': 78, 'generations': 3, 'elite_fraction': 0.30487572201415086, 'mutation_rate': 0.14136843379735356, 'crossover_rate': 0.7793834983561476}"
genetic,2,14,3.9152320000575855,0,339.0,4.25,0,"{'horizon': 10, 'population_size': 78, 'generations': 3, 'elite_fraction': 0.30487572201415086, 'mutation_rate': 0.14136843379735356, 'crossover_rate': 0.7793834983561476}"
genetic,3,0,5.5223968999926,0,495.0,6.2,0,"{'horizon': 13, 'population_size': 67, 'generations': 3, 'elite_fraction': 0.10275114038790031, 'mutation_rate': 0.18770559632443712, 'crossover_rate': 0.8174876840745291}"
genetic,3,1,3.3448423000518233,0,243.0,3.0500000000000003,3,"{'horizon': 13, 'population_size': 67, 'generations': 3, 'elite_fraction': 0.10275114038790031, 'mutation_rate': 0.18770559632443712, 'crossover_rate': 0.8174876840745291}"
genetic,3,2,67.43741280003451,-1,1000000000.0,1000000000.0,0.0,"{'horizon': 13, 'population_size': 67, 'generations': 3, 'elite_fraction': 0.10275114038790031, 'mutation_rate': 0.18770559632443712, 'crossover_rate': 0.8174876840745291}"
genetic,3,3,2.0207054000347853,0,291.0,3.6500000000000004,2,"{'horizon': 13, 'population_size': 67, 'generations': 3, 'elite_fraction': 0.10275114038790031, 'mutation_rate': 0.18770559632443712, 'crossover_rate': 0.8174876840745291}"
genetic,3,4,6.69291380001232,0,263.0,3.3000000000000003,9,"{'horizon': 13, 'population_size': 67, 'generations': 3, 'elite_fraction': 0.10275114038790031, 'mutation_rate': 0.18770559632443712, 'crossover_rate': 0.8174876840745291}"
genetic,3,5,0.15857049997430295,0,255.0,3.2,0,"{'horizon': 13, 'population_size': 67, 'generations': 3, 'elite_fraction': 0.10275114038790031, 'mutation_rate': 0.18770559632443712, 'crossover_rate': 0.8174876840745291}"
genetic,3,6,57.4590726000024,1,5000.0,62.5,0,"{'horizon': 13, 'population_size': 67, 'generations': 3, 'elite_fraction': 0.10275114038790031, 'mutation_rate': 0.18770559632443712, 'crossover_rate': 0.8174876840745291}"
genetic,3,7,1.0284262000350282,0,267.0,3.35,0,"{'horizon': 13, 'population_size': 67, 'generations': 3, 'elite_fraction': 0.10275114038790031, 'mutation_rate': 0.18770559632443712, 'crossover_rate': 0.8174876840745291}"
genetic,3,8,6.046101100044325,0,359.0,4.5,4,"{'horizon': 13, 'population_size': 67, 'generations': 3, 'elite_fraction': 0.10275114038790031, 'mutation_rate': 0.18770559632443712, 'crossover_rate': 0.8174876840745291}"
genetic,3,9,3.118682899978012,0,255.0,3.2,2,"{'horizon': 13, 'population_size': 67, 'generations': 3, 'elite_fraction': 0.10275114038790031, 'mutation_rate': 0.18770559632443712, 'crossover_rate': 0.8174876840745291}"
genetic,3,10,72.91318299993873,0,1879.0,23.5,0,"{'horizon': 13, 'population_size': 67, 'generations': 3, 'elite_fraction': 0.10275114038790031, 'mutation_rate': 0.18770559632443712, 'crossover_rate': 0.8174876840745291}"
genetic,3,11,69.52567469992209,1,5000.0,62.5,1,"{'horizon': 13, 'population_size': 67, 'generations': 3, 'elite_fraction': 0.10275114038790031, 'mutation_rate': 0.18770559632443712, 'crossover_rate': 0.8174876840745291}"
genetic,3,12,2.767153699998744,0,279.0,3.5,4,"{'horizon': 13, 'population_size': 67, 'generations': 3, 'elite_fraction': 0.10275114038790031, 'mutation_rate': 0.18770559632443712, 'crossover_rate': 0.8174876840745291}"
genetic,3,13,19.203263900009915,0,1115.0,13.950000000000001,3,"{'horizon': 13, 'population_size': 67, 'generations': 3, 'elite_fraction': 0.10275114038790031, 'mutation_rate': 0.18770559632443712, 'crossover_rate': 0.8174876840745291}"
genetic,3,14,6.213613500003703,0,531.0,6.65,0,"{'horizon': 13, 'population_size': 67, 'generations': 3, 'elite_fraction': 0.10275114038790031, 'mutation_rate': 0.18770559632443712, 'crossover_rate': 0.8174876840745291}"
genetic,4,0,2.11711460002698,0,279.0,3.5,0,"{'horizon': 14, 'population_size': 78, 'generations': 6, 'elite_fraction': 0.055805740124749655, 'mutation_rate': 0.18899070923876268, 'crossover_rate': 0.5358974651187628}"
genetic,4,1,5.306328299921006,0,251.0,3.1500000000000004,3,"{'horizon': 14, 'population_size': 78, 'generations': 6, 'elite_fraction': 0.055805740124749655, 'mutation_rate': 0.18899070923876268, 'crossover_rate': 0.5358974651187628}"
genetic,4,2,67.13967400009278,-1,1000000000.0,1000000000.0,0.0,"{'horizon': 14, 'population_size': 78, 'generations': 6, 'elite_fraction': 0.055805740124749655, 'mutation_rate': 0.18899070923876268, 'crossover_rate': 0.5358974651187628}"
genetic,4,3,1.8767462000250816,0,283.0,3.5500000000000003,2,"{'horizon': 14, 'population_size': 78, 'generations': 6, 'elite_fraction': 0.055805740124749655, 'mutation_rate': 0.18899070923876268, 'crossover_rate': 0.5358974651187628}"
genetic,4,4,10.077271300018765,0,343.0,4.3,9,"{'horizon': 14, 'population_size': 78, 'generations': 6, 'elite_fraction': 0.055805740124749655, 'mutation_rate': 0.18899070923876268, 'crossover_rate': 0.5358974651187628}"
genetic,4,5,0.1690663000335917,0,255.0,3.2,0,"{'horizon': 14, 'population_size': 78, 'generations': 6, 'elite_fraction': 0.055805740124749655, 'mutation_rate': 0.18899070923876268, 'crossover_rate': 0.5358974651187628}"
genetic,4,6,18.207292299950495,0,678.0,8.9,3,"{'horizon': 14, 'population_size': 78, 'generations': 6, 'elite_fraction': 0.055805740124749655, 'mutation_rate': 0.18899070923876268, 'crossover_rate': 0.5358974651187628}"
genetic,4,7,2.094037700095214,0,267.0,3.35,0,"{'horizon': 14, 'population_size': 78, 'generations': 6, 'elite_fraction': 0.055805740124749655, 'mutation_rate': 0.18899070923876268, 'crossover_rate': 0.5358974651187628}"
genetic,4,8,16.135258299997076,0,443.0,5.550000000000001,3,"{'horizon': 14, 'population_size': 78, 'generations': 6, 'elite_fraction': 0.055805740124749655, 'mutation_rate': 0.18899070923876268, 'crossover_rate': 0.5358974651187628}"
genetic,4,9,5.253788199974224,0,263.0,3.3000000000000003,2,"{'horizon': 14, 'population_size': 78, 'generations': 6, 'elite_fraction': 0.055805740124749655, 'mutation_rate': 0.18899070923876268, 'crossover_rate': 0.5358974651187628}"
genetic,4,10,127.02240209991578,-1,1000000000.0,1000000000.0,0.0,"{'horizon': 14, 'population_size': 78, 'generations': 6, 'elite_fraction': 0.055805740124749655, 'mutation_rate': 0.18899070923876268, 'crossover_rate': 0.5358974651187628}"
genetic,4,11,145.85875109990593,1,5000.0,62.5,4,"{'horizon': 14, 'population_size': 78, 'generations': 6, 'elite_fraction': 0.055805740124749655, 'mutation_rate': 0.18899070923876268, 'crossover_rate': 0.5358974651187628}"
genetic,4,12,61.657660199911334,0,1959.0,24.5,9,"{'horizon': 14, 'population_size': 78, 'generations': 6, 'elite_fraction': 0.055805740124749655, 'mutation_rate': 0.18899070923876268, 'crossover_rate': 0.5358974651187628}"
genetic,4,13,39.901687799952924,0,1235.0,15.450000000000001,3,"{'horizon': 14, 'population_size': 78, 'generations': 6, 'elite_fraction': 0.055805740124749655, 'mutation_rate': 0.18899070923876268, 'crossover_rate': 0.5358974651187628}"
genetic,4,14,24.902125200023875,0,679.0,8.5,4,"{'horizon': 14, 'population_size': 78, 'generations': 6, 'elite_fraction': 0.055805740124749655, 'mutation_rate': 0.18899070923876268, 'crossover_rate': 0.5358974651187628}"
genetic,5,0,22.295364500023425,0,731.0,9.15,0,"{'horizon': 11, 'population_size': 52, 'generations': 10, 'elite_fraction': 0.18535737120518808, 'mutation_rate': 0.32912089628312236, 'crossover_rate': 0.482512566487596}"
genetic,5,1,5.385714999982156,0,263.0,3.3000000000000003,3,"{'horizon': 11, 'population_size': 52, 'generations': 10, 'elite_fraction': 0.18535737120518808, 'mutation_rate': 0.32912089628312236, 'crossover_rate': 0.482512566487596}"
genetic,5,2,84.21662700001616,-1,1000000000.0,1000000000.0,0.0,"{'horizon': 11, 'population_size': 52, 'generations': 10, 'elite_fraction': 0.18535737120518808, 'mutation_rate': 0.32912089628312236, 'crossover_rate': 0.482512566487596}"
genetic,5,3,2.4637336999876425,0,283.0,3.5500000000000003,2,"{'horizon': 11, 'population_size': 52, 'generations': 10, 'elite_fraction': 0.18535737120518808, 'mutation_rate': 0.32912089628312236, 'crossover_rate': 0.482512566487596}"
genetic,5,4,9.671098900027573,0,259.0,3.25,13,"{'horizon': 11, 'population_size': 52, 'generations': 10, 'elite_fraction': 0.18535737120518808, 'mutation_rate': 0.32912089628312236, 'crossover_rate': 0.482512566487596}"
genetic,5,5,0.15773500001523644,0,255.0,3.2,0,"{'horizon': 11, 'population_size': 52, 'generations': 10, 'elite_fraction': 0.18535737120518808, 'mutation_rate': 0.32912089628312236, 'crossover_rate': 0.482512566487596}"
genetic,5,6,139.4051720999414,1,5000.0,62.5,0,"{'horizon': 11, 'population_size': 52, 'generations': 10, 'elite_fraction': 0.18535737120518808, 'mutation_rate': 0.32912089628312236, 'crossover_rate': 0.482512566487596}"
genetic,5,7,2.3741410999791697,0,271.0,3.4000000000000004,0,"{'horizon': 11, 'population_size': 52, 'generations': 10, 'elite_fraction': 0.18535737120518808, 'mutation_rate': 0.32912089628312236, 'crossover_rate': 0.482512566487596}"
genetic,5,8,13.463433800032362,0,379.0,4.75,7,"{'horizon': 11, 'population_size': 52, 'generations': 10, 'elite_fraction': 0.18535737120518808, 'mutation_rate': 0.32912089628312236, 'crossover_rate': 0.482512566487596}"
genetic,5,9,5.597024700022303,0,259.0,3.25,2,"{'horizon': 11, 'population_size': 52, 'generations': 10, 'elite_fraction': 0.18535737120518808, 'mutation_rate': 0.32912089628312236, 'crossover_rate': 0.482512566487596}"
genetic,5,10,183.97606910008471,1,5000.0,62.5,0,"{'horizon': 11, 'population_size': 52, 'generations': 10, 'elite_fraction': 0.18535737120518808, 'mutation_rate': 0.32912089628312236, 'crossover_rate': 0.482512566487596}"
genetic,5,11,14.304769900045358,0,299.0,3.75,11,"{'horizon': 11, 'population_size': 52, 'generations': 10, 'elite_fraction': 0.18535737120518808, 'mutation_rate': 0.32912089628312236, 'crossover_rate': 0.482512566487596}"
genetic,5,12,186.8041363999946,1,5002.0,70.05,4,"{'horizon': 11, 'population_size': 52, 'generations': 10, 'elite_fraction': 0.18535737120518808, 'mutation_rate': 0.32912089628312236, 'crossover_rate': 0.482512566487596}"
genetic,5,13,32.209822200005874,0,899.0,11.25,0,"{'horizon': 11, 'population_size': 52, 'generations': 10, 'elite_fraction': 0.18535737120518808, 'mutation_rate': 0.32912089628312236, 'crossover_rate': 0.482512566487596}"
genetic,5,14,13.036656699958257,0,391.0,4.9,0,"{'horizon': 11, 'population_size': 52, 'generations': 10, 'elite_fraction': 0.18535737120518808, 'mutation_rate': 0.32912089628312236, 'crossover_rate': 0.482512566487596}"
genetic,6,0,11.374503799946979,0,491.0,6.15,0,"{'horizon': 4, 'population_size': 42, 'generations': 12, 'elite_fraction': 0.14027956970030447, 'mutation_rate': 0.23779473519127906, 'crossover_rate': 0.8903333201207295}"
genetic,6,1,4.9563473999733105,0,359.0,4.5,3,"{'horizon': 4, 'population_size': 42, 'generations': 12, 'elite_fraction': 0.14027956970030447, 'mutation_rate': 0.23779473519127906, 'crossover_rate': 0.8903333201207295}"
genetic,6,2,73.27449450001586,-1,1000000000.0,1000000000.0,0.0,"{'horizon': 4, 'population_size': 42, 'generations': 12, 'elite_fraction': 0.14027956970030447, 'mutation_rate': 0.23779473519127906, 'crossover_rate': 0.8903333201207295}"
genetic,6,3,133.2738585000625,-1,1000000000.0,1000000000.0,0.0,"{'horizon': 4, 'population_size': 42, 'generations': 12, 'elite_fraction': 0.14027956970030447, 'mutation_rate': 0.23779473519127906, 'crossover_rate': 0.8903333201207295}"
genetic,6,4,13.809677699930035,0,391.0,4.9,14,"{'horizon': 4, 'population_size': 42, 'generations': 12, 'elite_fraction': 0.14027956970030447, 'mutation_rate': 0.23779473519127906, 'crossover_rate': 0.8903333201207295}"
genetic,6,5,0.16403330001048744,0,255.0,3.2,0,"{'horizon': 4, 'population_size': 42, 'generations': 12, 'elite_fraction': 0.14027956970030447, 'mutation_rate': 0.23779473519127906, 'crossover_rate': 0.8903333201207295}"
genetic,6,6,152.41894919995684,1,5000.0,62.5,0,"{'horizon': 4, 'population_size': 42, 'generations': 12, 'elite_fraction': 0.14027956970030447, 'mutation_rate': 0.23779473519127906, 'crossover_rate': 0.8903333201207295}"
genetic,6,7,1.9028510000789538,0,267.0,3.35,0,"{'horizon': 4, 'population_size': 42, 'generations': 12, 'elite_fraction': 0.14027956970030447, 'mutation_rate': 0.23779473519127906, 'crossover_rate': 0.8903333201207295}"
genetic,6,8,8.13646989990957,0,347.0,4.3500000000000005,7,"{'horizon': 4, 'population_size': 42, 'generations': 12, 'elite_fraction': 0.14027956970030447, 'mutation_rate': 0.23779473519127906, 'crossover_rate': 0.8903333201207295}"
genetic,6,9,3.5358535000123084,0,255.0,3.2,2,"{'horizon': 4, 'population_size': 42, 'generations': 12, 'elite_fraction': 0.14027956970030447, 'mutation_rate': 0.23779473519127906, 'crossover_rate': 0.8903333201207295}"
genetic,6,10,214.28496509999968,-1,1000000000.0,1000000000.0,0.0,"{'horizon': 4, 'population_size': 42, 'generations': 12, 'elite_fraction': 0.14027956970030447, 'mutation_rate': 0.23779473519127906, 'crossover_rate': 0.8903333201207295}"
genetic,6,11,14.872335999971256,0,395.0,4.95,8,"{'horizon': 4, 'population_size': 42, 'generations': 12, 'elite_fraction': 0.14027956970030447, 'mutation_rate': 0.23779473519127906, 'crossover_rate': 0.8903333201207295}"
genetic,6,12,194.63724049995653,1,5000.0,70.3,4,"{'horizon': 4, 'population_size': 42, 'generations': 12, 'elite_fraction': 0.14027956970030447, 'mutation_rate': 0.23779473519127906, 'crossover_rate': 0.8903333201207295}"
genetic,6,13,274.23713630007114,-1,1000000000.0,1000000000.0,0.0,"{'horizon': 4, 'population_size': 42, 'generations': 12, 'elite_fraction': 0.14027956970030447, 'mutation_rate': 0.23779473519127906, 'crossover_rate': 0.8903333201207295}"
genetic,6,14,334.2277565000113,-1,1000000000.0,1000000000.0,0.0,"{'horizon': 4, 'population_size': 42, 'generations': 12, 'elite_fraction': 0.14027956970030447, 'mutation_rate': 0.23779473519127906, 'crossover_rate': 0.8903333201207295}"
genetic,7,0,0.9453102999832481,0,267.0,3.35,0,"{'horizon': 4, 'population_size': 20, 'generations': 14, 'elite_fraction': 0.24540270876248416, 'mutation_rate': 0.31126999325248206, 'crossover_rate': 0.5132242650048277}"
genetic,7,1,3.332171000074595,0,367.0,4.6000000000000005,3,"{'horizon': 4, 'population_size': 20, 'generations': 14, 'elite_fraction': 0.24540270876248416, 'mutation_rate': 0.31126999325248206, 'crossover_rate': 0.5132242650048277}"
genetic,7,2,65.24398480006494,-1,1000000000.0,1000000000.0,0.0,"{'horizon': 4, 'population_size': 20, 'generations': 14, 'elite_fraction': 0.24540270876248416, 'mutation_rate': 0.31126999325248206, 'crossover_rate': 0.5132242650048277}"
genetic,7,3,1.0932737999828532,0,283.0,3.5500000000000003,2,"{'horizon': 4, 'population_size': 20, 'generations': 14, 'elite_fraction': 0.24540270876248416, 'mutation_rate': 0.31126999325248206, 'crossover_rate': 0.5132242650048277}"
genetic,7,4,8.53827070002444,0,363.0,4.55,14,"{'horizon': 4, 'population_size': 20, 'generations': 14, 'elite_fraction': 0.24540270876248416, 'mutation_rate': 0.31126999325248206, 'crossover_rate': 0.5132242650048277}"
genetic,7,5,0.17101710010319948,0,255.0,3.2,0,"{'horizon': 4, 'population_size': 20, 'generations': 14, 'elite_fraction': 0.24540270876248416, 'mutation_rate': 0.31126999325248206, 'crossover_rate': 0.5132242650048277}"
genetic,7,6,73.45561030006502,1,5000.0,62.5,0,"{'horizon': 4, 'population_size': 20, 'generations': 14, 'elite_fraction': 0.24540270876248416, 'mutation_rate': 0.31126999325248206, 'crossover_rate': 0.5132242650048277}"
genetic,7,7,1.538999699987471,0,271.0,3.4000000000000004,0,"{'horizon': 4, 'population_size': 20, 'generations': 14, 'elite_fraction': 0.24540270876248416, 'mutation_rate': 0.31126999325248206, 'crossover_rate': 0.5132242650048277}"
genetic,7,8,7.040912299999036,0,399.0,5.050000000000001,7,"{'horizon': 4, 'population_size': 20, 'generations': 14, 'elite_fraction': 0.24540270876248416, 'mutation_rate': 0.31126999325248206, 'crossover_rate': 0.5132242650048277}"
genetic,7,9,2.8940105999354273,0,271.0,3.4000000000000004,0,"{'horizon': 4, 'population_size': 20, 'generations': 14, 'elite_fraction': 0.24540270876248416, 'mutation_rate': 0.31126999325248206, 'crossover_rate': 0.5132242650048277}"
genetic,7,10,23.687656300025992,0,735.0,9.200000000000001,1,"{'horizon': 4, 'population_size': 20, 'generations': 14, 'elite_fraction': 0.24540270876248416, 'mutation_rate': 0.31126999325248206, 'crossover_rate': 0.5132242650048277}"
genetic,7,11,8.876344999996945,0,311.0,3.9000000000000004,8,"{'horizon': 4, 'population_size': 20, 'generations': 14, 'elite_fraction': 0.24540270876248416, 'mutation_rate': 0.31126999325248206, 'crossover_rate': 0.5132242650048277}"
genetic,7,12,89.71314920007717,1,5000.0,67.85000000000001,4,"{'horizon': 4, 'population_size': 20, 'generations': 14, 'elite_fraction': 0.24540270876248416, 'mutation_rate': 0.31126999325248206, 'crossover_rate': 0.5132242650048277}"
genetic,7,13,16.073163499939255,0,739.0,9.25,4,"{'horizon': 4, 'population_size': 20, 'generations': 14, 'elite_fraction': 0.24540270876248416, 'mutation_rate': 0.31126999325248206, 'crossover_rate': 0.5132242650048277}"
genetic,7,14,2.961771599948406,0,291.0,3.6500000000000004,1,"{'horizon': 4, 'population_size': 20, 'generations': 14, 'elite_fraction': 0.24540270876248416, 'mutation_rate': 0.31126999325248206, 'crossover_rate': 0.5132242650048277}"
genetic,8,0,1.0376982999732718,0,255.0,3.2,0,"{'horizon': 5, 'population_size': 39, 'generations': 10, 'elite_fraction': 0.19157784449276655, 'mutation_rate': 0.3129641325911167, 'crossover_rate': 0.9105570692605076}"
genetic,8,1,6.026146000018343,0,371.0,4.65,3,"{'horizon': 5, 'population_size': 39, 'generations': 10, 'elite_fraction': 0.19157784449276655, 'mutation_rate': 0.3129641325911167, 'crossover_rate': 0.9105570692605076}"
genetic,8,2,67.96324110007845,-1,1000000000.0,1000000000.0,0.0,"{'horizon': 5, 'population_size': 39, 'generations': 10, 'elite_fraction': 0.19157784449276655, 'mutation_rate': 0.3129641325911167, 'crossover_rate': 0.9105570692605076}"
genetic,8,3,1.9920727999415249,0,299.0,3.75,2,"{'horizon': 5, 'population_size': 39, 'generations': 10, 'elite_fraction': 0.19157784449276655, 'mutation_rate': 0.3129641325911167, 'crossover_rate': 0.9105570692605076}"
genetic,8,4,7.43588450003881,0,319.0,4.0,5,"{'horizon': 5, 'population_size': 39, 'generations': 10, 'elite_fraction': 0.19157784449276655, 'mutation_rate': 0.3129641325911167, 'crossover_rate': 0.9105570692605076}"
genetic,8,5,0.146941400016658,0,255.0,3.2,0,"{'horizon': 5, 'population_size': 39, 'generations': 10, 'elite_fraction': 0.19157784449276655, 'mutation_rate': 0.3129641325911167, 'crossover_rate': 0.9105570692605076}"
genetic,8,6,127.91483370005153,-1,1000000000.0,1000000000.0,0.0,"{'horizon': 5, 'population_size': 39, 'generations': 10, 'elite_fraction': 0.19157784449276655, 'mutation_rate': 0.3129641325911167, 'crossover_rate': 0.9105570692605076}"
genetic,8,7,2.55429469991941,0,279.0,3.5,0,"{'horizon': 5, 'population_size': 39, 'generations': 10, 'elite_fraction': 0.19157784449276655, 'mutation_rate': 0.3129641325911167, 'crossover_rate': 0.9105570692605076}"
genetic,8,8,8.843085000058636,0,343.0,4.3,7,"{'horizon': 5, 'population_size': 39, 'generations': 10, 'elite_fraction': 0.19157784449276655, 'mutation_rate': 0.3129641325911167, 'crossover_rate': 0.9105570692605076}"
genetic,8,9,3.5746920000528917,0,259.0,3.25,2,"{'horizon': 5, 'population_size': 39, 'generations': 10, 'elite_fraction': 0.19157784449276655, 'mutation_rate': 0.3129641325911167, 'crossover_rate': 0.9105570692605076}"
genetic,8,10,44.4877360999817,0,975.0,12.200000000000001,1,"{'horizon': 5, 'population_size': 39, 'generations': 10, 'elite_fraction': 0.19157784449276655, 'mutation_rate': 0.3129641325911167, 'crossover_rate': 0.9105570692605076}"
genetic,8,11,9.56435900006909,0,323.0,4.05,11,"{'horizon': 5, 'population_size': 39, 'generations': 10, 'elite_fraction': 0.19157784449276655, 'mutation_rate': 0.3129641325911167, 'crossover_rate': 0.9105570692605076}"
genetic,8,12,30.893372099963017,0,1295.0,16.2,9,"{'horizon': 5, 'population_size': 39, 'generations': 10, 'elite_fraction': 0.19157784449276655, 'mutation_rate': 0.3129641325911167, 'crossover_rate': 0.9105570692605076}"
genetic,8,13,23.588523999904282,0,1039.0,13.0,5,"{'horizon': 5, 'population_size': 39, 'generations': 10, 'elite_fraction': 0.19157784449276655, 'mutation_rate': 0.3129641325911167, 'crossover_rate': 0.9105570692605076}"
genetic,8,14,4.221793300006539,0,291.0,3.6500000000000004,0,"{'horizon': 5, 'population_size': 39, 'generations': 10, 'elite_fraction': 0.19157784449276655, 'mutation_rate': 0.3129641325911167, 'crossover_rate': 0.9105570692605076}"
genetic,9,0,25.994896200019866,0,1603.0,20.05,0,"{'horizon': 8, 'population_size': 59, 'generations': 6, 'elite_fraction': 0.25324031750275916, 'mutation_rate': 0.1428533129653752, 'crossover_rate': 0.9640800654746671}"
genetic,9,1,4.43601269996725,0,275.0,3.45,3,"{'horizon': 8, 'population_size': 59, 'generations': 6, 'elite_fraction': 0.25324031750275916, 'mutation_rate': 0.1428533129653752, 'crossover_rate': 0.9640800654746671}"
genetic,9,2,87.87007810000796,-1,1000000000.0,1000000000.0,0.0,"{'horizon': 8, 'population_size': 59, 'generations': 6, 'elite_fraction': 0.25324031750275916, 'mutation_rate': 0.1428533129653752, 'crossover_rate': 0.9640800654746671}"
genetic,9,3,2.6202200000407174,0,315.0,3.95,2,"{'horizon': 8, 'population_size': 59, 'generations': 6, 'elite_fraction': 0.25324031750275916, 'mutation_rate': 0.1428533129653752, 'crossover_rate': 0.9640800654746671}"
genetic,9,4,6.62883109995164,0,283.0,3.5500000000000003,9,"{'horizon': 8, 'population_size': 59, 'generations': 6, 'elite_fraction': 0.25324031750275916, 'mutation_rate': 0.1428533129653752, 'crossover_rate': 0.9640800654746671}"
genetic,9,5,0.155415799934417,0,255.0,3.2,0,"{'horizon': 8, 'population_size': 59, 'generations': 6, 'elite_fraction': 0.25324031750275916, 'mutation_rate': 0.1428533129653752, 'crossover_rate': 0.9640800654746671}"
genetic,9,6,8.392915799980983,0,420.0,5.4,3,"{'horizon': 8, 'population_size': 59, 'generations': 6, 'elite_fraction': 0.25324031750275916, 'mutation_rate': 0.1428533129653752, 'crossover_rate': 0.9640800654746671}"
genetic,9,7,2.4295623999787495,0,279.0,3.5,0,"{'horizon': 8, 'population_size': 59, 'generations': 6, 'elite_fraction': 0.25324031750275916, 'mutation_rate': 0.1428533129653752, 'crossover_rate': 0.9640800654746671}"
genetic,9,8,8.644022700027563,0,335.0,4.2,7,"{'horizon': 8, 'population_size': 59, 'generations': 6, 'elite_fraction': 0.25324031750275916, 'mutation_rate': 0.1428533129653752, 'crossover_rate': 0.9640800654746671}"
genetic,9,9,3.3624777999939397,0,251.0,3.1500000000000004,0,"{'horizon': 8, 'population_size': 59, 'generations': 6, 'elite_fraction': 0.25324031750275916, 'mutation_rate': 0.1428533129653752, 'crossover_rate': 0.9640800654746671}"
genetic,9,10,60.96863530005794,0,1715.0,21.450000000000003,1,"{'horizon': 8, 'population_size': 59, 'generations': 6, 'elite_fraction': 0.25324031750275916, 'mutation_rate': 0.1428533129653752, 'crossover_rate': 0.9640800654746671}"
genetic,9,11,12.149228299967945,0,347.0,4.3500000000000005,11,"{'horizon': 8, 'population_size': 59, 'generations': 6, 'elite_fraction': 0.25324031750275916, 'mutation_rate': 0.1428533129653752, 'crossover_rate': 0.9640800654746671}"
genetic,9,12,3.592639399925247,0,275.0,3.45,4,"{'horizon': 8, 'population_size': 59, 'generations': 6, 'elite_fraction': 0.25324031750275916, 'mutation_rate': 0.1428533129653752, 'crossover_rate': 0.9640800654746671}"
genetic,9,13,51.096801599953324,0,2028.0,26.75,1,"{'horizon': 8, 'population_size': 59, 'generations': 6, 'elite_fraction': 0.25324031750275916, 'mutation_rate': 0.1428533129653752, 'crossover_rate': 0.9640800654746671}"
genetic,9,14,18.819309600046836,0,883.0,11.950000000000001,2,"{'horizon': 8, 'population_size': 59, 'generations': 6, 'elite_fraction': 0.25324031750275916, 'mutation_rate': 0.1428533129653752, 'crossover_rate': 0.9640800654746671}"
genetic,10,0,6.013040899997577,0,655.0,8.200000000000001,0,"{'horizon': 4, 'population_size': 21, 'generations': 8, 'elite_fraction': 0.20694845004518658, 'mutation_rate': 0.3481709626615708, 'crossover_rate': 0.5055551516064073}"
genetic,10,1,4.391268899897113,0,299.0,3.75,8,"{'horizon': 4, 'population_size': 21, 'generations': 8, 'elite_fraction': 0.20694845004518658, 'mutation_rate': 0.3481709626615708, 'crossover_rate': 0.5055551516064073}"
genetic,10,2,61.788758800015785,1,5000.0,62.5,0,"{'horizon': 4, 'population_size': 21, 'generations': 8, 'elite_fraction': 0.20694845004518658, 'mutation_rate': 0.3481709626615708, 'crossover_rate': 0.5055551516064073}"
genetic,10,3,1.6562860999256372,0,319.0,4.0,2,"{'horizon': 4, 'population_size': 21, 'generations': 8, 'elite_fraction': 0.20694845004518658, 'mutation_rate': 0.3481709626615708, 'crossover_rate': 0.5055551516064073}"
genetic,10,4,7.060702600050718,0,399.0,5.0,10,"{'horizon': 4, 'population_size': 21, 'generations': 8, 'elite_fraction': 0.20694845004518658, 'mutation_rate': 0.3481709626615708, 'crossover_rate': 0.5055551516064073}"
genetic,10,5,0.16258699994068593,0,255.0,3.2,0,"{'horizon': 4, 'population_size': 21, 'generations': 8, 'elite_fraction': 0.20694845004518658, 'mutation_rate': 0.3481709626615708, 'crossover_rate': 0.5055551516064073}"
genetic,10,6,51.30211079993751,1,5000.0,62.5,0,"{'horizon': 4, 'population_size': 21, 'generations': 8, 'elite_fraction': 0.20694845004518658, 'mutation_rate': 0.3481709626615708, 'crossover_rate': 0.5055551516064073}"
genetic,10,7,0.8738641000818461,0,263.0,3.3000000000000003,4,"{'horizon': 4, 'population_size': 21, 'generations': 8, 'elite_fraction': 0.20694845004518658, 'mutation_rate': 0.3481709626615708, 'crossover_rate': 0.5055551516064073}"
genetic,10,8,4.176067900029011,0,327.0,4.1000000000000005,7,"{'horizon': 4, 'population_size': 21, 'generations': 8, 'elite_fraction': 0.20694845004518658, 'mutation_rate': 0.3481709626615708, 'crossover_rate': 0.5055551516064073}"
genetic,10,9,16.01891220000107,0,262.0,3.3000000000000003,2,"{'horizon': 4, 'population_size': 21, 'generations': 8, 'elite_fraction': 0.20694845004518658, 'mutation_rate': 0.3481709626615708, 'crossover_rate': 0.5055551516064073}"
genetic,10,10,38.231715000001714,0,1609.0,20.150000000000002,1,"{'horizon': 4, 'population_size': 21, 'generations': 8, 'elite_fraction': 0.20694845004518658, 'mutation_rate': 0.3481709626615708, 'crossover_rate': 0.5055551516064073}"
genetic,10,11,60.67267459991854,1,5000.0,62.5,6,"{'horizon': 4, 'population_size': 21, 'generations': 8, 'elite_fraction': 0.20694845004518658, 'mutation_rate': 0.3481709626615708, 'crossover_rate': 0.5055551516064073}"
genetic,10,12,64.45985230000224,1,5002.0,69.95,4,"{'horizon': 4, 'population_size': 21, 'generations': 8, 'elite_fraction': 0.20694845004518658, 'mutation_rate': 0.3481709626615708, 'crossover_rate': 0.5055551516064073}"
genetic,10,13,20.518059100024402,0,1447.0,18.1,4,"{'horizon': 4, 'population_size': 21, 'generations': 8, 'elite_fraction': 0.20694845004518658, 'mutation_rate': 0.3481709626615708, 'crossover_rate': 0.5055551516064073}"
genetic,10,14,71.0060137999244,1,5000.0,62.5,4,"{'horizon': 4, 'population_size': 21, 'generations': 8, 'elite_fraction': 0.20694845004518658, 'mutation_rate': 0.3481709626615708, 'crossover_rate': 0.5055551516064073}"
genetic,11,0,1.3991611000383273,0,267.0,3.35,0,"{'horizon': 7, 'population_size': 67, 'generations': 6, 'elite_fraction': 0.178264074604001, 'mutation_rate': 0.2655762726086655, 'crossover_rate': 0.8325639545512775}"
genetic,11,1,6.199245100026019,0,251.0,3.1500000000000004,3,"{'horizon': 7, 'population_size': 67, 'generations': 6, 'elite_fraction': 0.178264074604001, 'mutation_rate': 0.2655762726086655, 'crossover_rate': 0.8325639545512775}"
genetic,11,2,68.10446780000348,-1,1000000000.0,1000000000.0,0.0,"{'horizon': 7, 'population_size': 67, 'generations': 6, 'elite_fraction': 0.178264074604001, 'mutation_rate': 0.2655762726086655, 'crossover_rate': 0.8325639545512775}"
genetic,11,3,2.1197386999847367,0,291.0,3.6500000000000004,2,"{'horizon': 7, 'population_size': 67, 'generations': 6, 'elite_fraction': 0.178264074604001, 'mutation_rate': 0.2655762726086655, 'crossover_rate': 0.8325639545512775}"
genetic,11,4,13.716221599956043,0,419.0,5.25,9,"{'horizon': 7, 'population_size': 67, 'generations': 6, 'elite_fraction': 0.178264074604001, 'mutation_rate': 0.2655762726086655, 'crossover_rate': 0.8325639545512775}"
genetic,11,5,0.16005639999639243,0,255.0,3.2,0,"{'horizon': 7, 'population_size': 67, 'generations': 6, 'elite_fraction': 0.178264074604001, 'mutation_rate': 0.2655762726086655, 'crossover_rate': 0.8325639545512775}"
genetic,11,6,38.003863899968565,0,874.0,10.950000000000001,7,"{'horizon': 7, 'population_size': 67, 'generations': 6, 'elite_fraction': 0.178264074604001, 'mutation_rate': 0.2655762726086655, 'crossover_rate': 0.8325639545512775}"
genetic,11,7,2.110245899995789,0,271.0,3.4000000000000004,0,"{'horizon': 7, 'population_size': 67, 'generations': 6, 'elite_fraction': 0.178264074604001, 'mutation_rate': 0.2655762726086655, 'crossover_rate': 0.8325639545512775}"
genetic,11,8,7.387741400045343,0,327.0,4.1000000000000005,7,"{'horizon': 7, 'population_size': 67, 'generations': 6, 'elite_fraction': 0.178264074604001, 'mutation_rate': 0.2655762726086655, 'crossover_rate': 0.8325639545512775}"
genetic,11,9,4.2790982000296935,0,255.0,3.2,2,"{'horizon': 7, 'population_size': 67, 'generations': 6, 'elite_fraction': 0.178264074604001, 'mutation_rate': 0.2655762726086655, 'crossover_rate': 0.8325639545512775}"
genetic,11,10,28.11742150003556,0,559.0,7.0,6,"{'horizon': 7, 'population_size': 67, 'generations': 6, 'elite_fraction': 0.178264074604001, 'mutation_rate': 0.2655762726086655, 'crossover_rate': 0.8325639545512775}"
genetic,11,11,16.025241099996492,0,411.0,5.15,11,"{'horizon': 7, 'population_size': 67, 'generations': 6, 'elite_fraction': 0.178264074604001, 'mutation_rate': 0.2655762726086655, 'crossover_rate': 0.8325639545512775}"
genetic,11,12,4.811055100057274,0,343.0,4.3,5,"{'horizon': 7, 'population_size': 67, 'generations': 6, 'elite_fraction': 0.178264074604001, 'mutation_rate': 0.2655762726086655, 'crossover_rate': 0.8325639545512775}"
genetic,11,13,32.42006759997457,0,1193.0,15.3,3,"{'horizon': 7, 'population_size': 67, 'generations': 6, 'elite_fraction': 0.178264074604001, 'mutation_rate': 0.2655762726086655, 'crossover_rate': 0.8325639545512775}"
genetic,11,14,6.787973599974066,0,355.0,4.45,0,"{'horizon': 7, 'population_size': 67, 'generations': 6, 'elite_fraction': 0.178264074604001, 'mutation_rate': 0.2655762726086655, 'crossover_rate': 0.8325639545512775}"
genetic,12,0,18.089252999983728,0,755.0,9.450000000000001,0,"{'horizon': 14, 'population_size': 78, 'generations': 5, 'elite_fraction': 0.2727164163650634, 'mutation_rate': 0.10265240013984277, 'crossover_rate': 0.7539225085363264}"
genetic,12,1,3.889407999929972,0,243.0,3.0500000000000003,3,"{'horizon': 14, 'population_size': 78, 'generations': 5, 'elite_fraction': 0.2727164163650634, 'mutation_rate': 0.10265240013984277, 'crossover_rate': 0.7539225085363264}"
genetic,12,2,79.94576449994929,-1,1000000000.0,1000000000.0,0.0,"{'horizon': 14, 'population_size': 78, 'generations': 5, 'elite_fraction': 0.2727164163650634, 'mutation_rate': 0.10265240013984277, 'crossover_rate': 0.7539225085363264}"
genetic,12,3,2.240022800047882,0,283.0,3.5500000000000003,2,"{'horizon': 14, 'population_size': 78, 'generations': 5, 'elite_fraction': 0.2727164163650634, 'mutation_rate': 0.10265240013984277, 'crossover_rate': 0.7539225085363264}"
genetic,12,4,10.02624149993062,0,343.0,4.3,9,"{'horizon': 14, 'population_size': 78, 'generations': 5, 'elite_fraction': 0.2727164163650634, 'mutation_rate': 0.10265240013984277, 'crossover_rate': 0.7539225085363264}"
genetic,12,5,0.16591600002720952,0,255.0,3.2,0,"{'horizon': 14, 'population_size': 78, 'generations': 5, 'elite_fraction': 0.2727164163650634, 'mutation_rate': 0.10265240013984277, 'crossover_rate': 0.7539225085363264}"
genetic,12,6,139.9020262999693,-1,1000000000.0,1000000000.0,0.0,"{'horizon': 14, 'population_size': 78, 'generations': 5, 'elite_fraction': 0.2727164163650634, 'mutation_rate': 0.10265240013984277, 'crossover_rate': 0.7539225085363264}"
genetic,12,7,29.219973200000823,0,1296.0,17.900000000000002,0,"{'horizon': 14, 'population_size': 78, 'generations': 5, 'elite_fraction': 0.2727164163650634, 'mutation_rate': 0.10265240013984277, 'crossover_rate': 0.7539225085363264}"
genetic,12,8,9.050650299992412,0,331.0,4.15,7,"{'horizon': 14, 'population_size': 78, 'generations': 5, 'elite_fraction': 0.2727164163650634, 'mutation_rate': 0.10265240013984277, 'crossover_rate': 0.7539225085363264}"
genetic,12,9,4.805614999961108,0,255.0,3.2,2,"{'horizon': 14, 'population_size': 78, 'generations': 5, 'elite_fraction': 0.2727164163650634, 'mutation_rate': 0.10265240013984277, 'crossover_rate': 0.7539225085363264}"
genetic,12,10,33.585454599931836,0,727.0,9.1,5,"{'horizon': 14, 'population_size': 78, 'generations': 5, 'elite_fraction': 0.2727164163650634, 'mutation_rate': 0.10265240013984277, 'crossover_rate': 0.7539225085363264}"
genetic,12,11,17.621022499981336,0,403.0,5.050000000000001,11,"{'horizon': 14, 'population_size': 78, 'generations': 5, 'elite_fraction': 0.2727164163650634, 'mutation_rate': 0.10265240013984277, 'crossover_rate': 0.7539225085363264}"
genetic,12,12,4.548189799999818,0,299.0,3.75,9,"{'horizon': 14, 'population_size': 78, 'generations': 5, 'elite_fraction': 0.2727164163650634, 'mutation_rate': 0.10265240013984277, 'crossover_rate': 0.7539225085363264}"
genetic,12,13,39.64888760005124,0,1483.0,19.05,1,"{'horizon': 14, 'population_size': 78, 'generations': 5, 'elite_fraction': 0.2727164163650634, 'mutation_rate': 0.10265240013984277, 'crossover_rate': 0.7539225085363264}"
genetic,12,14,5.350398699985817,0,291.0,3.6500000000000004,0,"{'horizon': 14, 'population_size': 78, 'generations': 5, 'elite_fraction': 0.2727164163650634, 'mutation_rate': 0.10265240013984277, 'crossover_rate': 0.7539225085363264}"
genetic,13,0,16.19250549993012,0,571.0,7.15,0,"{'horizon': 10, 'population_size': 46, 'generations': 13, 'elite_fraction': 0.32818395623957697, 'mutation_rate': 0.18587024072471336, 'crossover_rate': 0.7461423307758155}"
genetic,13,1,7.752531399950385,0,271.0,3.4000000000000004,3,"{'horizon': 10, 'population_size': 46, 'generations': 13, 'elite_fraction': 0.32818395623957697, 'mutation_rate': 0.18587024072471336, 'crossover_rate': 0.7461423307758155}"
genetic,13,2,78.07255389995407,-1,1000000000.0,1000000000.0,0.0,"{'horizon': 10, 'population_size': 46, 'generations': 13, 'elite_fraction': 0.32818395623957697, 'mutation_rate': 0.18587024072471336, 'crossover_rate': 0.7461423307758155}"
genetic,13,3,4.854913999908604,0,323.0,4.05,2,"{'horizon': 10, 'population_size': 46, 'generations': 13, 'elite_fraction': 0.32818395623957697, 'mutation_rate': 0.18587024072471336, 'crossover_rate': 0.7461423307758155}"
genetic,13,4,17.378941599978134,0,443.0,5.550000000000001,10,"{'horizon': 10, 'population_size': 46, 'generations': 13, 'elite_fraction': 0.32818395623957697, 'mutation_rate': 0.18587024072471336, 'crossover_rate': 0.7461423307758155}"
genetic,13,5,0.16553780005779117,0,255.0,3.2,0,"{'horizon': 10, 'population_size': 46, 'generations': 13, 'elite_fraction': 0.32818395623957697, 'mutation_rate': 0.18587024072471336, 'crossover_rate': 0.7461423307758155}"
genetic,13,6,138.0100284999935,-1,1000000000.0,1000000000.0,0.0,"{'horizon': 10, 'population_size': 46, 'generations': 13, 'elite_fraction': 0.32818395623957697, 'mutation_rate': 0.18587024072471336, 'crossover_rate': 0.7461423307758155}"
genetic,13,7,2.8461548999184743,0,295.0,3.7,0,"{'horizon': 10, 'population_size': 46, 'generations': 13, 'elite_fraction': 0.32818395623957697, 'mutation_rate': 0.18587024072471336, 'crossover_rate': 0.7461423307758155}"
genetic,13,8,13.051772399921902,0,343.0,4.3,7,"{'horizon': 10, 'population_size': 46, 'generations': 13, 'elite_fraction': 0.32818395623957697, 'mutation_rate': 0.18587024072471336, 'crossover_rate': 0.7461423307758155}"
genetic,13,9,5.685291400062852,0,255.0,3.2,2,"{'horizon': 10, 'population_size': 46, 'generations': 13, 'elite_fraction': 0.32818395623957697, 'mutation_rate': 0.18587024072471336, 'crossover_rate': 0.7461423307758155}"
genetic,13,10,71.63867330003995,0,999.0,12.5,1,"{'horizon': 10, 'population_size': 46, 'generations': 13, 'elite_fraction': 0.32818395623957697, 'mutation_rate': 0.18587024072471336, 'crossover_rate': 0.7461423307758155}"
genetic,13,11,18.36237759992946,0,283.0,3.5500000000000003,11,"{'horizon': 10, 'population_size': 46, 'generations': 13, 'elite_fraction': 0.32818395623957697, 'mutation_rate': 0.18587024072471336, 'crossover_rate': 0.7461423307758155}"
genetic,13,12,197.92247220000718,-1,1000000000.0,1000000000.0,0.0,"{'horizon': 10, 'population_size': 46, 'generations': 13, 'elite_fraction': 0.32818395623957697, 'mutation_rate': 0.18587024072471336, 'crossover_rate': 0.7461423307758155}"
genetic,13,13,50.636064899968915,0,1359.0,17.0,8,"{'horizon': 10, 'population_size': 46, 'generations': 13, 'elite_fraction': 0.32818395623957697, 'mutation_rate': 0.18587024072471336, 'crossover_rate': 0.7461423307758155}"
genetic,13,14,5.038578300038353,0,303.0,3.8000000000000003,0,"{'horizon': 10, 'population_size': 46, 'generations': 13, 'elite_fraction': 0.32818395623957697, 'mutation_rate': 0.18587024072471336, 'crossover_rate': 0.7461423307758155}"
genetic,14,0,71.78545089997351,-1,1000000000.0,1000000000.0,0.0,"{'horizon': 7, 'population_size': 79, 'generations': 15, 'elite_fraction': 0.22471768295966332, 'mutation_rate': 0.2087613857390304, 'crossover_rate': 0.8611324085837854}"
genetic,14,1,18.023923699976876,0,267.0,3.35,3,"{'horizon': 7, 'population_size': 79, 'generations': 15, 'elite_fraction': 0.22471768295966332, 'mutation_rate': 0.2087613857390304, 'crossover_rate': 0.8611324085837854}"
genetic,14,2,131.87560499995016,-1,1000000000.0,1000000000.0,0.0,"{'horizon': 7, 'population_size': 79, 'generations': 15, 'elite_fraction': 0.22471768295966332, 'mutation_rate': 0.2087613857390304, 'crossover_rate': 0.8611324085837854}"
genetic,14,3,4.538381300051697,0,291.0,3.6500000000000004,2,"{'horizon': 7, 'population_size': 79, 'generations': 15, 'elite_fraction': 0.22471768295966332, 'mutation_rate': 0.2087613857390304, 'crossover_rate': 0.8611324085837854}"
genetic,14,4,33.76035090000369,0,267.0,3.35,9,"{'horizon': 7, 'population_size': 79, 'generations': 15, 'elite_fraction': 0.22471768295966332, 'mutation_rate': 0.2087613857390304, 'crossover_rate': 0.8611324085837854}"
genetic,14,5,0.158162200008519,0,255.0,3.2,0,"{'horizon': 7, 'population_size': 79, 'generations': 15, 'elite_fraction': 0.22471768295966332, 'mutation_rate': 0.2087613857390304, 'crossover_rate': 0.8611324085837854}"
genetic,14,6,191.79359759995714,-1,1000000000.0,1000000000.0,0.0,"{'horizon': 7, 'population_size': 79, 'generations': 15, 'elite_fraction': 0.22471768295966332, 'mutation_rate': 0.2087613857390304, 'crossover_rate': 0.8611324085837854}"
genetic,14,7,3.8293214000295848,0,267.0,3.35,0,"{'horizon': 7, 'population_size': 79, 'generations': 15, 'elite_fraction': 0.22471768295966332, 'mutation_rate': 0.2087613857390304, 'crossover_rate': 0.8611324085837854}"
genetic,14,8,43.6299787000753,0,335.0,4.2,7,"{'horizon': 7, 'population_size': 79, 'generations': 15, 'elite_fraction': 0.22471768295966332, 'mutation_rate': 0.2087613857390304, 'crossover_rate': 0.8611324085837854}"
genetic,14,9,16.812366000027396,0,255.0,3.2,2,"{'horizon': 7, 'population_size': 79, 'generations': 15, 'elite_fraction': 0.22471768295966332, 'mutation_rate': 0.2087613857390304, 'crossover_rate': 0.8611324085837854}"
genetic,14,10,251.70002230000682,-1,1000000000.0,1000000000.0,0.0,"{'horizon': 7, 'population_size': 79, 'generations': 15, 'elite_fraction': 0.22471768295966332, 'mutation_rate': 0.2087613857390304, 'crossover_rate': 0.8611324085837854}"
genetic,14,11,46.770488500013016,0,299.0,3.75,8,"{'horizon': 7, 'population_size': 79, 'generations': 15, 'elite_fraction': 0.22471768295966332, 'mutation_rate': 0.2087613857390304, 'crossover_rate': 0.8611324085837854}"
genetic,14,12,20.392090799985453,0,291.0,3.6500000000000004,9,"{'horizon': 7, 'population_size': 79, 'generations': 15, 'elite_fraction': 0.22471768295966332, 'mutation_rate': 0.2087613857390304, 'crossover_rate': 0.8611324085837854}"
genetic,14,13,311.63852010003757,-1,1000000000.0,1000000000.0,0.0,"{'horizon': 7, 'population_size': 79, 'generations': 15, 'elite_fraction': 0.22471768295966332, 'mutation_rate': 0.2087613857390304, 'crossover_rate': 0.8611324085837854}"
genetic,14,14,15.431642599985935,0,299.0,3.75,0,"{'horizon': 7, 'population_size': 79, 'generations': 15, 'elite_fraction': 0.22471768295966332, 'mutation_rate': 0.2087613857390304, 'crossover_rate': 0.8611324085837854}"
genetic,15,0,60.407505800016224,-1,1000000000.0,1000000000.0,0.0,"{'horizon': 14, 'population_size': 49, 'generations': 15, 'elite_fraction': 0.1478461196288655, 'mutation_rate': 0.31155302734786544, 'crossover_rate': 0.8486312643384484}"
genetic,15,1,32.48708860005718,0,303.0,3.8000000000000003,4,"{'horizon': 14, 'population_size': 49, 'generations': 15, 'elite_fraction': 0.1478461196288655, 'mutation_rate': 0.31155302734786544, 'crossover_rate': 0.8486312643384484}"
genetic,15,2,120.4105045000324,-1,1000000000.0,1000000000.0,0.0,"{'horizon': 14, 'population_size': 49, 'generations': 15, 'elite_fraction': 0.1478461196288655, 'mutation_rate': 0.31155302734786544, 'crossover_rate': 0.8486312643384484}"
genetic,15,3,2.502914599957876,0,283.0,3.5500000000000003,2,"{'horizon': 14, 'population_size': 49, 'generations': 15, 'elite_fraction': 0.1478461196288655, 'mutation_rate': 0.31155302734786544, 'crossover_rate': 0.8486312643384484}"
genetic,15,4,59.21872430003714,0,423.0,5.300000000000001,14,"{'horizon': 14, 'population_size': 49, 'generations': 15, 'elite_fraction': 0.1478461196288655, 'mutation_rate': 0.31155302734786544, 'crossover_rate': 0.8486312643384484}"
genetic,15,5,0.15682940010447055,0,255.0,3.2,0,"{'horizon': 14, 'population_size': 49, 'generations': 15, 'elite_fraction': 0.1478461196288655, 'mutation_rate': 0.31155302734786544, 'crossover_rate': 0.8486312643384484}"
genetic,15,6,180.3578014000086,-1,1000000000.0,1000000000.0,0.0,"{'horizon': 14, 'population_size': 49, 'generations': 15, 'elite_fraction': 0.1478461196288655, 'mutation_rate': 0.31155302734786544, 'crossover_rate': 0.8486312643384484}"
genetic,15,7,3.509202799992636,0,271.0,3.4000000000000004,0,"{'horizon': 14, 'population_size': 49, 'generations': 15, 'elite_fraction': 0.1478461196288655, 'mutation_rate': 0.31155302734786544, 'crossover_rate': 0.8486312643384484}"
genetic,15,8,35.48011849995237,0,315.0,3.95,7,"{'horizon': 14, 'population_size': 49, 'generations': 15, 'elite_fraction': 0.1478461196288655, 'mutation_rate': 0.31155302734786544, 'crossover_rate': 0.8486312643384484}"
genetic,15,9,7.17601910000667,0,259.0,3.25,2,"{'horizon': 14, 'population_size': 49, 'generations': 15, 'elite_fraction': 0.1478461196288655, 'mutation_rate': 0.31155302734786544, 'crossover_rate': 0.8486312643384484}"
genetic,15,10,145.89043619995937,0,783.0,9.8,6,"{'horizon': 14, 'population_size': 49, 'generations': 15, 'elite_fraction': 0.1478461196288655, 'mutation_rate': 0.31155302734786544, 'crossover_rate': 0.8486312643384484}"
genetic,15,11,240.26555200002622,-1,1000000000.0,1000000000.0,0.0,"{'horizon': 14, 'population_size': 49, 'generations': 15, 'elite_fraction': 0.1478461196288655, 'mutation_rate': 0.31155302734786544, 'crossover_rate': 0.8486312643384484}"
genetic,15,12,10.444541100063361,0,295.0,3.7,9,"{'horizon': 14, 'population_size': 49, 'generations': 15, 'elite_fraction': 0.1478461196288655, 'mutation_rate': 0.31155302734786544, 'crossover_rate': 0.8486312643384484}"
genetic,15,13,174.03485930000897,0,1673.0,21.200000000000003,1,"{'horizon': 14, 'population_size': 49, 'generations': 15, 'elite_fraction': 0.1478461196288655, 'mutation_rate': 0.31155302734786544, 'crossover_rate': 0.8486312643384484}"
genetic,15,14,6.563232799991965,0,291.0,3.6500000000000004,0,"{'horizon': 14, 'population_size': 49, 'generations': 15, 'elite_fraction': 0.1478461196288655, 'mutation_rate': 0.31155302734786544, 'crossover_rate': 0.8486312643384484}"
genetic,16,0,60.390264299931005,-1,1000000000.0,1000000000.0,0.0,"{'horizon': 15, 'population_size': 68, 'generations': 7, 'elite_fraction': 0.2503023642097934, 'mutation_rate': 0.343509422626295, 'crossover_rate': 0.4452077536036769}"
genetic,16,1,5.11133530002553,0,251.0,3.1500000000000004,3,"{'horizon': 15, 'population_size': 68, 'generations': 7, 'elite_fraction': 0.2503023642097934, 'mutation_rate': 0.343509422626295, 'crossover_rate': 0.4452077536036769}"
genetic,16,2,120.3802325000288,-1,1000000000.0,1000000000.0,0.0,"{'horizon': 15, 'population_size': 68, 'generations': 7, 'elite_fraction': 0.2503023642097934, 'mutation_rate': 0.343509422626295, 'crossover_rate': 0.4452077536036769}"
genetic,16,3,2.532948900014162,0,291.0,3.6500000000000004,2,"{'horizon': 15, 'population_size': 68, 'generations': 7, 'elite_fraction': 0.2503023642097934, 'mutation_rate': 0.343509422626295, 'crossover_rate': 0.4452077536036769}"
genetic,16,4,49.81749689998105,0,359.0,4.5,13,"{'horizon': 15, 'population_size': 68, 'generations': 7, 'elite_fraction': 0.2503023642097934, 'mutation_rate': 0.343509422626295, 'crossover_rate': 0.4452077536036769}"
genetic,16,5,0.1629875999642536,0,255.0,3.2,0,"{'horizon': 15, 'population_size': 68, 'generations': 7, 'elite_fraction': 0.2503023642097934, 'mutation_rate': 0.343509422626295, 'crossover_rate': 0.4452077536036769}"
genetic,16,6,180.3154494999908,-1,1000000000.0,1000000000.0,0.0,"{'horizon': 15, 'population_size': 68, 'generations': 7, 'elite_fraction': 0.2503023642097934, 'mutation_rate': 0.343509422626295, 'crossover_rate': 0.4452077536036769}"
genetic,16,7,72.03861259995028,0,897.0,12.25,0,"{'horizon': 15, 'population_size': 68, 'generations': 7, 'elite_fraction': 0.2503023642097934, 'mutation_rate': 0.343509422626295, 'crossover_rate': 0.4452077536036769}"
genetic,16,8,39.3473705999786,0,443.0,5.550000000000001,7,"{'horizon': 15, 'population_size': 68, 'generations': 7, 'elite_fraction': 0.2503023642097934, 'mutation_rate': 0.343509422626295, 'crossover_rate': 0.4452077536036769}"
genetic,16,9,5.2416894000489265,0,255.0,3.2,2,"{'horizon': 15, 'population_size': 68, 'generations': 7, 'elite_fraction': 0.2503023642097934, 'mutation_rate': 0.343509422626295, 'crossover_rate': 0.4452077536036769}"
genetic,16,10,240.25492959993426,-1,1000000000.0,1000000000.0,0.0,"{'horizon': 15, 'population_size': 68, 'generations': 7, 'elite_fraction': 0.2503023642097934, 'mutation_rate': 0.343509422626295, 'crossover_rate': 0.4452077536036769}"
genetic,16,11,48.03466220002156,0,295.0,3.7,8,"{'horizon': 15, 'population_size': 68, 'generations': 7, 'elite_fraction': 0.2503023642097934, 'mutation_rate': 0.343509422626295, 'crossover_rate': 0.4452077536036769}"
genetic,16,12,100.25328669999726,0,1055.0,13.200000000000001,17,"{'horizon': 15, 'population_size': 68, 'generations': 7, 'elite_fraction': 0.2503023642097934, 'mutation_rate': 0.343509422626295, 'crossover_rate': 0.4452077536036769}"
genetic,16,13,80.20673330000136,0,1119.0,14.0,5,"{'horizon': 15, 'population_size': 68, 'generations': 7, 'elite_fraction': 0.2503023642097934, 'mutation_rate': 0.343509422626295, 'crossover_rate': 0.4452077536036769}"
genetic,16,14,5.524326600017957,0,291.0,3.6500000000000004,0,"{'horizon': 15, 'population_size': 68, 'generations': 7, 'elite_fraction': 0.2503023642097934, 'mutation_rate': 0.343509422626295, 'crossover_rate': 0.4452077536036769}"
genetic,17,0,0.6166599000571296,0,275.0,3.45,0,"{'horizon': 3, 'population_size': 22, 'generations': 4, 'elite_fraction': 0.24488044186042257, 'mutation_rate': 0.3289310754730577, 'crossover_rate': 0.8176178780049839}"
genetic,17,1,1.2142534999875352,0,251.0,3.1500000000000004,3,"{'horizon': 3, 'population_size': 22, 'generations': 4, 'elite_fraction': 0.24488044186042257, 'mutation_rate': 0.3289310754730577, 'crossover_rate': 0.8176178780049839}"
genetic,17,2,63.12171219999436,-1,1000000000.0,1000000000.0,0.0,"{'horizon': 3, 'population_size': 22, 'generations': 4, 'elite_fraction': 0.24488044186042257, 'mutation_rate': 0.3289310754730577, 'crossover_rate': 0.8176178780049839}"
genetic,17,3,1.0122262000804767,0,291.0,3.6500000000000004,2,"{'horizon': 3, 'population_size': 22, 'generations': 4, 'elite_fraction': 0.24488044186042257, 'mutation_rate': 0.3289310754730577, 'crossover_rate': 0.8176178780049839}"
genetic,17,4,2.0114514000015333,0,267.0,3.35,9,"{'horizon': 3, 'population_size': 22, 'generations': 4, 'elite_fraction': 0.24488044186042257, 'mutation_rate': 0.3289310754730577, 'crossover_rate': 0.8176178780049839}"
genetic,17,5,0.1654311999445781,0,255.0,3.2,0,"{'horizon': 3, 'population_size': 22, 'generations': 4, 'elite_fraction': 0.24488044186042257, 'mutation_rate': 0.3289310754730577, 'crossover_rate': 0.8176178780049839}"
genetic,17,6,46.21451560000423,1,5000.0,62.5,0,"{'horizon': 3, 'population_size': 22, 'generations': 4, 'elite_fraction': 0.24488044186042257, 'mutation_rate': 0.3289310754730577, 'crossover_rate': 0.8176178780049839}"
genetic,17,7,0.8430069000460207,0,271.0,3.4000000000000004,0,"{'horizon': 3, 'population_size': 22, 'generations': 4, 'elite_fraction': 0.24488044186042257, 'mutation_rate': 0.3289310754730577, 'crossover_rate': 0.8176178780049839}"
genetic,17,8,3.530841900035739,0,331.0,4.15,7,"{'horizon': 3, 'population_size': 22, 'generations': 4, 'elite_fraction': 0.24488044186042257, 'mutation_rate': 0.3289310754730577, 'crossover_rate': 0.8176178780049839}"
genetic,17,9,1.7369880999904126,0,267.0,3.35,2,"{'horizon': 3, 'population_size': 22, 'generations': 4, 'elite_fraction': 0.24488044186042257, 'mutation_rate': 0.3289310754730577, 'crossover_rate': 0.8176178780049839}"
genetic,17,10,122.93668489996344,-1,1000000000.0,1000000000.0,0.0,"{'horizon': 3, 'population_size': 22, 'generations': 4, 'elite_fraction': 0.24488044186042257, 'mutation_rate': 0.3289310754730577, 'crossover_rate': 0.8176178780049839}"
genetic,17,11,3.774870099965483,0,323.0,4.05,8,"{'horizon': 3, 'population_size': 22, 'generations': 4, 'elite_fraction': 0.24488044186042257, 'mutation_rate': 0.3289310754730577, 'crossover_rate': 0.8176178780049839}"
genetic,17,12,59.97873859992251,0,3420.0,46.35,4,"{'horizon': 3, 'population_size': 22, 'generations': 4, 'elite_fraction': 0.24488044186042257, 'mutation_rate': 0.3289310754730577, 'crossover_rate': 0.8176178780049839}"
genetic,17,13,10.176725800032727,0,899.0,11.25,8,"{'horizon': 3, 'population_size': 22, 'generations': 4, 'elite_fraction': 0.24488044186042257, 'mutation_rate': 0.3289310754730577, 'crossover_rate': 0.8176178780049839}"
genetic,17,14,1.2939347999636084,0,291.0,3.6500000000000004,4,"{'horizon': 3, 'population_size': 22, 'generations': 4, 'elite_fraction': 0.24488044186042257, 'mutation_rate': 0.3289310754730577, 'crossover_rate': 0.8176178780049839}"
genetic,18,0,0.9603390999836847,0,259.0,3.25,0,"{'horizon': 4, 'population_size': 51, 'generations': 8, 'elite_fraction': 0.1755263734536574, 'mutation_rate': 0.10387400419301379, 'crossover_rate': 0.5771743530513632}"
genetic,18,1,4.130695800064132,0,251.0,3.1500000000000004,3,"{'horizon': 4, 'population_size': 51, 'generations': 8, 'elite_fraction': 0.1755263734536574, 'mutation_rate': 0.10387400419301379, 'crossover_rate': 0.5771743530513632}"
genetic,18,2,66.07652280002367,-1,1000000000.0,1000000000.0,0.0,"{'horizon': 4, 'population_size': 51, 'generations': 8, 'elite_fraction': 0.1755263734536574, 'mutation_rate': 0.10387400419301379, 'crossover_rate': 0.5771743530513632}"
genetic,18,3,1.755479700048454,0,291.0,3.6500000000000004,2,"{'horizon': 4, 'population_size': 51, 'generations': 8, 'elite_fraction': 0.1755263734536574, 'mutation_rate': 0.10387400419301379, 'crossover_rate': 0.5771743530513632}"
genetic,18,4,27.611811699927785,0,443.0,5.550000000000001,10,"{'horizon': 4, 'population_size': 51, 'generations': 8, 'elite_fraction': 0.1755263734536574, 'mutation_rate': 0.10387400419301379, 'crossover_rate': 0.5771743530513632}"
genetic,18,5,0.16789210005663335,0,255.0,3.2,0,"{'horizon': 4, 'population_size': 51, 'generations': 8, 'elite_fraction': 0.1755263734536574, 'mutation_rate': 0.10387400419301379, 'crossover_rate': 0.5771743530513632}"
genetic,18,6,125.99977640004363,-1,1000000000.0,1000000000.0,0.0,"{'horizon': 4, 'population_size': 51, 'generations': 8, 'elite_fraction': 0.1755263734536574, 'mutation_rate': 0.10387400419301379, 'crossover_rate': 0.5771743530513632}"
genetic,18,7,1.6602757999207824,0,267.0,3.35,0,"{'horizon': 4, 'population_size': 51, 'generations': 8, 'elite_fraction': 0.1755263734536574, 'mutation_rate': 0.10387400419301379, 'crossover_rate': 0.5771743530513632}"
genetic,18,8,12.198994199978188,0,363.0,4.55,7,"{'horizon': 4, 'population_size': 51, 'generations': 8, 'elite_fraction': 0.1755263734536574, 'mutation_rate': 0.10387400419301379, 'crossover_rate': 0.5771743530513632}"
genetic,18,9,3.4609081000089645,0,263.0,3.3000000000000003,2,"{'horizon': 4, 'population_size': 51, 'generations': 8, 'elite_fraction': 0.1755263734536574, 'mutation_rate': 0.10387400419301379, 'crossover_rate': 0.5771743530513632}"
genetic,18,10,141.67358820000663,0,2027.0,25.35,1,"{'horizon': 4, 'population_size': 51, 'generations': 8, 'elite_fraction': 0.1755263734536574, 'mutation_rate': 0.10387400419301379, 'crossover_rate': 0.5771743530513632}"
genetic,18,11,8.153311899979599,0,299.0,3.75,11,"{'horizon': 4, 'population_size': 51, 'generations': 8, 'elite_fraction': 0.1755263734536574, 'mutation_rate': 0.10387400419301379, 'crossover_rate': 0.5771743530513632}"
genetic,18,12,203.77089379995596,-1,1000000000.0,1000000000.0,0.0,"{'horizon': 4, 'population_size': 51, 'generations': 8, 'elite_fraction': 0.1755263734536574, 'mutation_rate': 0.10387400419301379, 'crossover_rate': 0.5771743530513632}"
genetic,18,13,32.58372320001945,0,639.0,8.0,0,"{'horizon': 4, 'population_size': 51, 'generations': 8, 'elite_fraction': 0.1755263734536574, 'mutation_rate': 0.10387400419301379, 'crossover_rate': 0.5771743530513632}"
genetic,18,14,18.414184499997646,0,507.0,6.3500000000000005,1,"{'horizon': 4, 'population_size': 51, 'generations': 8, 'elite_fraction': 0.1755263734536574, 'mutation_rate': 0.10387400419301379, 'crossover_rate': 0.5771743530513632}"
genetic,19,0,3.3495599000016227,0,323.0,4.05,0,"{'horizon': 3, 'population_size': 28, 'generations': 13, 'elite_fraction': 0.2981188489185415, 'mutation_rate': 0.20243059237960953, 'crossover_rate': 0.5779060861886791}"
genetic,19,1,6.115679600043222,0,323.0,4.05,4,"{'horizon': 3, 'population_size': 28, 'generations': 13, 'elite_fraction': 0.2981188489185415, 'mutation_rate': 0.20243059237960953, 'crossover_rate': 0.5779060861886791}"
genetic,19,2,68.09447279991582,-1,1000000000.0,1000000000.0,0.0,"{'horizon': 3, 'population_size': 28, 'generations': 13, 'elite_fraction': 0.2981188489185415, 'mutation_rate': 0.20243059237960953, 'crossover_rate': 0.5779060861886791}"
genetic,19,3,2.741760200005956,0,355.0,4.45,2,"{'horizon': 3, 'population_size': 28, 'generations': 13, 'elite_fraction': 0.2981188489185415, 'mutation_rate': 0.20243059237960953, 'crossover_rate': 0.5779060861886791}"
genetic,19,4,8.5952580999583,0,397.0,5.0,5,"{'horizon': 3, 'population_size': 28, 'generations': 13, 'elite_fraction': 0.2981188489185415, 'mutation_rate': 0.20243059237960953, 'crossover_rate': 0.5779060861886791}"
genetic,19,5,0.1598855999764055,0,255.0,3.2,0,"{'horizon': 3, 'population_size': 28, 'generations': 13, 'elite_fraction': 0.2981188489185415, 'mutation_rate': 0.20243059237960953, 'crossover_rate': 0.5779060861886791}"
genetic,19,6,14.313432399998419,0,832.0,10.450000000000001,2,"{'horizon': 3, 'population_size': 28, 'generations': 13, 'elite_fraction': 0.2981188489185415, 'mutation_rate': 0.20243059237960953, 'crossover_rate': 0.5779060861886791}"
genetic,19,7,1.79756770003587,0,271.0,3.4000000000000004,4,"{'horizon': 3, 'population_size': 28, 'generations': 13, 'elite_fraction': 0.2981188489185415, 'mutation_rate': 0.20243059237960953, 'crossover_rate': 0.5779060861886791}"
genetic,19,8,6.689460400026292,0,339.0,4.25,8,"{'horizon': 3, 'population_size': 28, 'generations': 13, 'elite_fraction': 0.2981188489185415, 'mutation_rate': 0.20243059237960953, 'crossover_rate': 0.5779060861886791}"
genetic,19,9,2.898111400078051,0,259.0,3.25,2,"{'horizon': 3, 'population_size': 28, 'generations': 13, 'elite_fraction': 0.2981188489185415, 'mutation_rate': 0.20243059237960953, 'crossover_rate': 0.5779060861886791}"
genetic,19,10,93.79686309990939,0,2507.0,31.35,3,"{'horizon': 3, 'population_size': 28, 'generations': 13, 'elite_fraction': 0.2981188489185415, 'mutation_rate': 0.20243059237960953, 'crossover_rate': 0.5779060861886791}"
genetic,19,11,94.6759361999575,1,5000.0,62.5,1,"{'horizon': 3, 'population_size': 28, 'generations': 13, 'elite_fraction': 0.2981188489185415, 'mutation_rate': 0.20243059237960953, 'crossover_rate': 0.5779060861886791}"
genetic,19,12,121.09855150000658,1,5003.0,68.10000000000001,4,"{'horizon': 3, 'population_size': 28, 'generations': 13, 'elite_fraction': 0.2981188489185415, 'mutation_rate': 0.20243059237960953, 'crossover_rate': 0.5779060861886791}"
genetic,19,13,79.62601430003997,1,5000.0,62.5,6,"{'horizon': 3, 'population_size': 28, 'generations': 13, 'elite_fraction': 0.2981188489185415, 'mutation_rate': 0.20243059237960953, 'crossover_rate': 0.5779060861886791}"
genetic,19,14,2.805630199960433,0,291.0,3.6500000000000004,0,"{'horizon': 3, 'population_size': 28, 'generations': 13, 'elite_fraction': 0.2981188489185415, 'mutation_rate': 0.20243059237960953, 'crossover_rate': 0.5779060861886791}"
