candidate_id,seed,runtime_sec,failure_mode,total_cost,total_time,small_science_value,w_science,w_explore,w_battery,w_obstacle,w_path,w_recovery
0,5,0.18783529999200255,0,255.0,3.2,0,7.49080237694725,9.50714306409916,7.34674002393291,199.66462104925915,3.1203728088487304,4.679835610086079
0,0,0.6234207999659702,0,263.0,3.3000000000000003,4,7.49080237694725,9.50714306409916,7.34674002393291,199.66462104925915,3.1203728088487304,4.679835610086079
0,3,0.6322838999330997,0,283.0,3.5500000000000003,2,7.49080237694725,9.50714306409916,7.34674002393291,199.66462104925915,3.1203728088487304,4.679835610086079
0,1,0.8838840000098571,0,243.0,3.0500000000000003,3,7.49080237694725,9.50714306409916,7.34674002393291,199.66462104925915,3.1203728088487304,4.679835610086079
0,2,0.9189928999403492,0,259.0,3.25,6,7.49080237694725,9.50714306409916,7.34674002393291,199.66462104925915,3.1203728088487304,4.679835610086079
0,19,0.4230402000248432,0,239.0,3.0,0,7.49080237694725,9.50714306409916,7.34674002393291,199.66462104925915,3.1203728088487304,4.679835610086079
0,7,1.249454200034961,0,283.0,3.5500000000000003,8,7.49080237694725,9.50714306409916,7.34674002393291,199.66462104925915,3.1203728088487304,4.679835610086079
0,4,1.541516000055708,0,255.0,3.2,13,7.49080237694725,9.50714306409916,7.34674002393291,199.66462104925915,3.1203728088487304,4.679835610086079
0,9,1.4655759999295697,0,263.0,3.3000000000000003,2,7.49080237694725,9.50714306409916,7.34674002393291,199.66462104925915,3.1203728088487304,4.679835610086079
0,12,1.3721934000495821,0,283.0,3.5500000000000003,9,7.49080237694725,9.50714306409916,7.34674002393291,199.66462104925915,3.1203728088487304,4.679835610086079
0,22,1.2425722999032587,0,571.0,7.15,7,7.49080237694725,9.50714306409916,7.34674002393291,199.66462104925915,3.1203728088487304,4.679835610086079
0,14,1.565425100037828,0,319.0,4.0,5,7.49080237694725,9.50714306409916,7.34674002393291,199.66462104925915,3.1203728088487304,4.679835610086079
0,15,1.5475801000138745,0,251.0,3.1500000000000004,11,7.49080237694725,9.50714306409916,7.34674002393291,199.66462104925915,3.1203728088487304,4.679835610086079
0,24,1.1174264000728726,0,314.0,3.95,1,7.49080237694725,9.50714306409916,7.34674002393291,199.66462104925915,3.1203728088487304,4.679835610086079
0,17,1.5820781999500468,0,355.0,4.45,1,7.49080237694725,9.50714306409916,7.34674002393291,199.66462104925915,3.1203728088487304,4.679835610086079
0,18,1.6432014999445528,0,307.0,3.85,2,7.49080237694725,9.50714306409916,7.34674002393291,199.66462104925915,3.1203728088487304,4.679835610086079
0,8,2.1051933999406174,0,371.0,4.65,13,7.49080237694725,9.50714306409916,7.34674002393291,199.66462104925915,3.1203728088487304,4.679835610086079
0,11,1.8984416999155656,0,275.0,3.45,11,7.49080237694725,9.50714306409916,7.34674002393291,199.66462104925915,3.1203728088487304,4.679835610086079
0,25,1.2192921000532806,0,295.0,3.7,4,7.49080237694725,9.50714306409916,7.34674002393291,199.66462104925915,3.1203728088487304,4.679835610086079
0,21,2.0627990000648424,0,295.0,3.7,15,7.49080237694725,9.50714306409916,7.34674002393291,199.66462104925915,3.1203728088487304,4.679835610086079
0,10,2.3198598000453785,0,283.0,3.5500000000000003,9,7.49080237694725,9.50714306409916,7.34674002393291,199.66462104925915,3.1203728088487304,4.679835610086079
0,26,1.3632808999391273,0,251.0,3.1500000000000004,7,7.49080237694725,9.50714306409916,7.34674002393291,199.66462104925915,3.1203728088487304,4.679835610086079
0,28,0.952920800074935,0,303.0,3.8000000000000003,5,7.49080237694725,9.50714306409916,7.34674002393291,199.66462104925915,3.1203728088487304,4.679835610086079
0,27,1.2835576999932528,0,307.0,3.85,2,7.49080237694725,9.50714306409916,7.34674002393291,199.66462104925915,3.1203728088487304,4.679835610086079
0,20,2.6823712999466807,0,385.0,4.9,0,7.49080237694725,9.50714306409916,7.34674002393291,199.66462104925915,3.1203728088487304,4.679835610086079
0,29,1.2943411999149248,0,283.0,3.5500000000000003,14,7.49080237694725,9.50714306409916,7.34674002393291,199.66462104925915,3.1203728088487304,4.679835610086079
0,13,2.8854294000193477,0,727.0,9.1,16,7.49080237694725,9.50714306409916,7.34674002393291,199.66462104925915,3.1203728088487304,4.679835610086079
0,23,5.818260099971667,0,794.0,10.600000000000001,4,7.49080237694725,9.50714306409916,7.34674002393291,199.66462104925915,3.1203728088487304,4.679835610086079
0,6,17.94901890004985,0,2714.0,34.6,3,7.49080237694725,9.50714306409916,7.34674002393291,199.66462104925915,3.1203728088487304,4.679835610086079
0,16,50.43749010004103,1,5001.0,68.55,6,7.49080237694725,9.50714306409916,7.34674002393291,199.66462104925915,3.1203728088487304,4.679835610086079
1,5,0.17743079992942512,0,255.0,3.2,0,1.1616722433639892,8.661761457749352,6.051038616257767,227.01814444901137,0.41168988591604894,29.09729556485983
1,0,0.5512644000118598,0,263.0,3.3000000000000003,0,1.1616722433639892,8.661761457749352,6.051038616257767,227.01814444901137,0.41168988591604894,29.09729556485983
1,3,0.5972479999763891,0,283.0,3.5500000000000003,2,1.1616722433639892,8.661761457749352,6.051038616257767,227.01814444901137,0.41168988591604894,29.09729556485983
1,19,0.4193665999919176,0,239.0,3.0,0,1.1616722433639892,8.661761457749352,6.051038616257767,227.01814444901137,0.41168988591604894,29.09729556485983
1,1,0.8854835999663919,0,243.0,3.0500000000000003,3,1.1616722433639892,8.661761457749352,6.051038616257767,227.01814444901137,0.41168988591604894,29.09729556485983
1,2,0.90794599999208,0,259.0,3.25,6,1.1616722433639892,8.661761457749352,6.051038616257767,227.01814444901137,0.41168988591604894,29.09729556485983
1,7,1.1238575000315905,0,279.0,3.5,0,1.1616722433639892,8.661761457749352,6.051038616257767,227.01814444901137,0.41168988591604894,29.09729556485983
1,17,1.1252613998949528,0,323.0,4.05,0,1.1616722433639892,8.661761457749352,6.051038616257767,227.01814444901137,0.41168988591604894,29.09729556485983
1,9,1.2626521000638604,0,247.0,3.1,0,1.1616722433639892,8.661761457749352,6.051038616257767,227.01814444901137,0.41168988591604894,29.09729556485983
1,12,1.3312221000669524,0,287.0,3.6,1,1.1616722433639892,8.661761457749352,6.051038616257767,227.01814444901137,0.41168988591604894,29.09729556485983
1,15,1.4541129000717774,0,259.0,3.25,5,1.1616722433639892,8.661761457749352,6.051038616257767,227.01814444901137,0.41168988591604894,29.09729556485983
1,18,1.5254492999520153,0,283.0,3.5500000000000003,6,1.1616722433639892,8.661761457749352,6.051038616257767,227.01814444901137,0.41168988591604894,29.09729556485983
1,6,1.676416700007394,0,283.0,3.5500000000000003,3,1.1616722433639892,8.661761457749352,6.051038616257767,227.01814444901137,0.41168988591604894,29.09729556485983
1,11,1.7093977999174967,0,279.0,3.5,11,1.1616722433639892,8.661761457749352,6.051038616257767,227.01814444901137,0.41168988591604894,29.09729556485983
1,8,1.7228337000124156,0,359.0,4.5,9,1.1616722433639892,8.661761457749352,6.051038616257767,227.01814444901137,0.41168988591604894,29.09729556485983
1,22,1.19954990001861,0,575.0,7.2,2,1.1616722433639892,8.661761457749352,6.051038616257767,227.01814444901137,0.41168988591604894,29.09729556485983
1,4,1.8430441999807954,0,263.0,3.3000000000000003,13,1.1616722433639892,8.661761457749352,6.051038616257767,227.01814444901137,0.41168988591604894,29.09729556485983
1,13,2.0359096999745816,0,471.0,5.9,1,1.1616722433639892,8.661761457749352,6.051038616257767,227.01814444901137,0.41168988591604894,29.09729556485983
1,28,0.771668899920769,0,287.0,3.6,0,1.1616722433639892,8.661761457749352,6.051038616257767,227.01814444901137,0.41168988591604894,29.09729556485983
1,25,1.0719486000016332,0,283.0,3.5500000000000003,0,1.1616722433639892,8.661761457749352,6.051038616257767,227.01814444901137,0.41168988591604894,29.09729556485983
1,10,2.3164997999556363,0,311.0,3.9000000000000004,6,1.1616722433639892,8.661761457749352,6.051038616257767,227.01814444901137,0.41168988591604894,29.09729556485983
1,21,1.8454744999762625,0,263.0,3.3000000000000003,1,1.1616722433639892,8.661761457749352,6.051038616257767,227.01814444901137,0.41168988591604894,29.09729556485983
1,14,2.502322099986486,0,459.0,5.75,3,1.1616722433639892,8.661761457749352,6.051038616257767,227.01814444901137,0.41168988591604894,29.09729556485983
1,26,1.391885899938643,0,247.0,3.1,7,1.1616722433639892,8.661761457749352,6.051038616257767,227.01814444901137,0.41168988591604894,29.09729556485983
1,29,1.4709489999804646,0,275.0,3.45,6,1.1616722433639892,8.661761457749352,6.051038616257767,227.01814444901137,0.41168988591604894,29.09729556485983
1,16,3.100407800055109,0,349.0,4.4,0,1.1616722433639892,8.661761457749352,6.051038616257767,227.01814444901137,0.41168988591604894,29.09729556485983
1,27,1.8628593999892473,0,331.0,4.15,2,1.1616722433639892,8.661761457749352,6.051038616257767,227.01814444901137,0.41168988591604894,29.09729556485983
1,23,2.7784260000335053,0,417.0,5.3500000000000005,0,1.1616722433639892,8.661761457749352,6.051038616257767,227.01814444901137,0.41168988591604894,29.09729556485983
1,24,4.173264299985021,0,544.0,6.8500000000000005,0,1.1616722433639892,8.661761457749352,6.051038616257767,227.01814444901137,0.41168988591604894,29.09729556485983
1,20,36.70384339999873,1,5000.0,70.95,0,1.1616722433639892,8.661761457749352,6.051038616257767,227.01814444901137,0.41168988591604894,29.09729556485983
2,5,0.1972178000723943,0,255.0,3.2,0,16.648852816008436,2.1233911067827616,1.9000671753502962,95.85112746335845,6.0848448591907545,15.742692948967136
2,3,0.6320138999726623,0,283.0,3.5500000000000003,2,16.648852816008436,2.1233911067827616,1.9000671753502962,95.85112746335845,6.0848448591907545,15.742692948967136
2,0,0.7460427000187337,0,267.0,3.35,4,16.648852816008436,2.1233911067827616,1.9000671753502962,95.85112746335845,6.0848448591907545,15.742692948967136
2,19,0.5971019000280648,0,243.0,3.0500000000000003,4,16.648852816008436,2.1233911067827616,1.9000671753502962,95.85112746335845,6.0848448591907545,15.742692948967136
2,1,0.9024445000104606,0,243.0,3.0500000000000003,3,16.648852816008436,2.1233911067827616,1.9000671753502962,95.85112746335845,6.0848448591907545,15.742692948967136
2,2,0.9378809999907389,0,259.0,3.25,6,16.648852816008436,2.1233911067827616,1.9000671753502962,95.85112746335845,6.0848448591907545,15.742692948967136
2,20,0.4298597000306472,0,215.0,2.7,0,16.648852816008436,2.1233911067827616,1.9000671753502962,95.85112746335845,6.0848448591907545,15.742692948967136
2,9,1.1224668000359088,0,255.0,3.2,2,16.648852816008436,2.1233911067827616,1.9000671753502962,95.85112746335845,6.0848448591907545,15.742692948967136
2,7,1.184091900009662,0,279.0,3.5,8,16.648852816008436,2.1233911067827616,1.9000671753502962,95.85112746335845,6.0848448591907545,15.742692948967136
2,17,1.2861636000452563,0,323.0,4.05,1,16.648852816008436,2.1233911067827616,1.9000671753502962,95.85112746335845,6.0848448591907545,15.742692948967136
2,14,1.3192929000360891,0,303.0,3.8000000000000003,1,16.648852816008436,2.1233911067827616,1.9000671753502962,95.85112746335845,6.0848448591907545,15.742692948967136
2,4,1.5847711999667808,0,251.0,3.1500000000000004,11,16.648852816008436,2.1233911067827616,1.9000671753502962,95.85112746335845,6.0848448591907545,15.742692948967136
2,25,0.7367719999747351,0,263.0,3.3000000000000003,2,16.648852816008436,2.1233911067827616,1.9000671753502962,95.85112746335845,6.0848448591907545,15.742692948967136
2,12,1.991483599995263,0,295.0,3.7,11,16.648852816008436,2.1233911067827616,1.9000671753502962,95.85112746335845,6.0848448591907545,15.742692948967136
2,10,2.119809699943289,0,267.0,3.35,9,16.648852816008436,2.1233911067827616,1.9000671753502962,95.85112746335845,6.0848448591907545,15.742692948967136
2,22,1.3359378000022843,0,579.0,7.25,7,16.648852816008436,2.1233911067827616,1.9000671753502962,95.85112746335845,6.0848448591907545,15.742692948967136
2,18,2.2751650999998674,0,327.0,4.1000000000000005,10,16.648852816008436,2.1233911067827616,1.9000671753502962,95.85112746335845,6.0848448591907545,15.742692948967136
2,8,2.3080860000336543,0,315.0,3.95,18,16.648852816008436,2.1233911067827616,1.9000671753502962,95.85112746335845,6.0848448591907545,15.742692948967136
2,13,2.313139099976979,0,487.0,6.1000000000000005,9,16.648852816008436,2.1233911067827616,1.9000671753502962,95.85112746335845,6.0848448591907545,15.742692948967136
2,16,2.3513026000000536,0,278.0,3.5500000000000003,6,16.648852816008436,2.1233911067827616,1.9000671753502962,95.85112746335845,6.0848448591907545,15.742692948967136
2,28,1.0843358000274748,0,303.0,3.8000000000000003,5,16.648852816008436,2.1233911067827616,1.9000671753502962,95.85112746335845,6.0848448591907545,15.742692948967136
2,11,2.374272200046107,0,299.0,3.75,11,16.648852816008436,2.1233911067827616,1.9000671753502962,95.85112746335845,6.0848448591907545,15.742692948967136
2,15,2.572664799983613,0,339.0,4.25,14,16.648852816008436,2.1233911067827616,1.9000671753502962,95.85112746335845,6.0848448591907545,15.742692948967136
2,21,1.9231929999077693,0,259.0,3.25,12,16.648852816008436,2.1233911067827616,1.9000671753502962,95.85112746335845,6.0848448591907545,15.742692948967136
2,26,1.6702955999644473,0,259.0,3.25,10,16.648852816008436,2.1233911067827616,1.9000671753502962,95.85112746335845,6.0848448591907545,15.742692948967136
2,24,2.058160499902442,0,376.0,4.800000000000001,2,16.648852816008436,2.1233911067827616,1.9000671753502962,95.85112746335845,6.0848448591907545,15.742692948967136
2,27,1.8118212999543175,0,319.0,4.0,2,16.648852816008436,2.1233911067827616,1.9000671753502962,95.85112746335845,6.0848448591907545,15.742692948967136
2,29,1.7426788000157103,0,287.0,3.6,14,16.648852816008436,2.1233911067827616,1.9000671753502962,95.85112746335845,6.0848448591907545,15.742692948967136
2,23,2.5434591999510303,0,356.0,4.6000000000000005,9,16.648852816008436,2.1233911067827616,1.9000671753502962,95.85112746335845,6.0848448591907545,15.742692948967136
2,6,4.07611459994223,0,640.0,8.200000000000001,14,16.648852816008436,2.1233911067827616,1.9000671753502962,95.85112746335845,6.0848448591907545,15.742692948967136
3,5,0.1713789999485016,0,255.0,3.2,0,8.638900372842315,2.9122914019804194,6.157343657751556,84.87346516301045,5.842892970704363,10.99085529881075
3,0,0.5668663000687957,0,263.0,3.3000000000000003,4,8.638900372842315,2.9122914019804194,6.157343657751556,84.87346516301045,5.842892970704363,10.99085529881075
3,19,0.40896409994456917,0,239.0,3.0,0,8.638900372842315,2.9122914019804194,6.157343657751556,84.87346516301045,5.842892970704363,10.99085529881075
3,3,0.6063533000415191,0,283.0,3.5500000000000003,2,8.638900372842315,2.9122914019804194,6.157343657751556,84.87346516301045,5.842892970704363,10.99085529881075
3,1,0.8602804000256583,0,243.0,3.0500000000000003,3,8.638900372842315,2.9122914019804194,6.157343657751556,84.87346516301045,5.842892970704363,10.99085529881075
3,2,0.8968614999903366,0,259.0,3.25,6,8.638900372842315,2.9122914019804194,6.157343657751556,84.87346516301045,5.842892970704363,10.99085529881075
3,15,1.0819249000633135,0,259.0,3.25,9,8.638900372842315,2.9122914019804194,6.157343657751556,84.87346516301045,5.842892970704363,10.99085529881075
3,7,1.109884100034833,0,279.0,3.5,8,8.638900372842315,2.9122914019804194,6.157343657751556,84.87346516301045,5.842892970704363,10.99085529881075
3,9,1.2192312000552192,0,255.0,3.2,2,8.638900372842315,2.9122914019804194,6.157343657751556,84.87346516301045,5.842892970704363,10.99085529881075
3,17,1.2164667999604717,0,327.0,4.1000000000000005,1,8.638900372842315,2.9122914019804194,6.157343657751556,84.87346516301045,5.842892970704363,10.99085529881075
3,18,1.2723584999330342,0,283.0,3.5500000000000003,0,8.638900372842315,2.9122914019804194,6.157343657751556,84.87346516301045,5.842892970704363,10.99085529881075
3,12,1.4445004999870434,0,283.0,3.5500000000000003,9,8.638900372842315,2.9122914019804194,6.157343657751556,84.87346516301045,5.842892970704363,10.99085529881075
3,6,1.6930981000186875,0,287.0,3.6,6,8.638900372842315,2.9122914019804194,6.157343657751556,84.87346516301045,5.842892970704363,10.99085529881075
3,23,0.9010411999188364,0,251.0,3.1500000000000004,0,8.638900372842315,2.9122914019804194,6.157343657751556,84.87346516301045,5.842892970704363,10.99085529881075
3,4,1.780611400026828,0,263.0,3.3000000000000003,13,8.638900372842315,2.9122914019804194,6.157343657751556,84.87346516301045,5.842892970704363,10.99085529881075
3,22,1.288981799967587,0,579.0,7.25,7,8.638900372842315,2.9122914019804194,6.157343657751556,84.87346516301045,5.842892970704363,10.99085529881075
3,25,0.8516492999624461,0,267.0,3.35,0,8.638900372842315,2.9122914019804194,6.157343657751556,84.87346516301045,5.842892970704363,10.99085529881075
3,14,1.9435904999263585,0,319.0,4.0,5,8.638900372842315,2.9122914019804194,6.157343657751556,84.87346516301045,5.842892970704363,10.99085529881075
3,10,2.108456499991007,0,295.0,3.7,8,8.638900372842315,2.9122914019804194,6.157343657751556,84.87346516301045,5.842892970704363,10.99085529881075
3,28,0.9006504999706522,0,299.0,3.75,4,8.638900372842315,2.9122914019804194,6.157343657751556,84.87346516301045,5.842892970704363,10.99085529881075
3,11,2.125320199993439,0,299.0,3.75,11,8.638900372842315,2.9122914019804194,6.157343657751556,84.87346516301045,5.842892970704363,10.99085529881075
3,20,1.6673116999445483,0,294.0,3.7,0,8.638900372842315,2.9122914019804194,6.157343657751556,84.87346516301045,5.842892970704363,10.99085529881075
3,8,2.258494099951349,0,363.0,4.55,13,8.638900372842315,2.9122914019804194,6.157343657751556,84.87346516301045,5.842892970704363,10.99085529881075
3,13,2.7009128999197856,0,483.0,6.050000000000001,9,8.638900372842315,2.9122914019804194,6.157343657751556,84.87346516301045,5.842892970704363,10.99085529881075
3,21,2.1253673000028357,0,279.0,3.5,12,8.638900372842315,2.9122914019804194,6.157343657751556,84.87346516301045,5.842892970704363,10.99085529881075
3,26,1.6120307999663055,0,259.0,3.25,10,8.638900372842315,2.9122914019804194,6.157343657751556,84.87346516301045,5.842892970704363,10.99085529881075
3,29,1.7085824001114815,0,295.0,3.7,11,8.638900372842315,2.9122914019804194,6.157343657751556,84.87346516301045,5.842892970704363,10.99085529881075
3,27,1.8514399999985471,0,331.0,4.15,2,8.638900372842315,2.9122914019804194,6.157343657751556,84.87346516301045,5.842892970704363,10.99085529881075
3,24,2.628710399963893,0,414.0,5.2,0,8.638900372842315,2.9122914019804194,6.157343657751556,84.87346516301045,5.842892970704363,10.99085529881075
3,16,5.555563400033861,0,703.0,9.25,6,8.638900372842315,2.9122914019804194,6.157343657751556,84.87346516301045,5.842892970704363,10.99085529881075
4,5,0.19375729991588742,0,255.0,3.2,0,9.12139968434072,7.851759613930136,2.0767704433677614,178.5586096034029,11.84829137724085,1.3935123815999317
4,3,0.7524544999469072,0,287.0,3.6,2,9.12139968434072,7.851759613930136,2.0767704433677614,178.5586096034029,11.84829137724085,1.3935123815999317
4,19,0.6465157000347972,0,247.0,3.1,4,9.12139968434072,7.851759613930136,2.0767704433677614,178.5586096034029,11.84829137724085,1.3935123815999317
4,1,0.9577398999826983,0,263.0,3.3000000000000003,3,9.12139968434072,7.851759613930136,2.0767704433677614,178.5586096034029,11.84829137724085,1.3935123815999317
4,14,1.0965175000019372,0,299.0,3.75,4,9.12139968434072,7.851759613930136,2.0767704433677614,178.5586096034029,11.84829137724085,1.3935123815999317
4,7,1.1826451000524685,0,279.0,3.5,8,9.12139968434072,7.851759613930136,2.0767704433677614,178.5586096034029,11.84829137724085,1.3935123815999317
4,20,0.43234890000894666,0,215.0,2.7,0,9.12139968434072,7.851759613930136,2.0767704433677614,178.5586096034029,11.84829137724085,1.3935123815999317
4,12,1.4207269999897107,0,283.0,3.5500000000000003,4,9.12139968434072,7.851759613930136,2.0767704433677614,178.5586096034029,11.84829137724085,1.3935123815999317
4,17,1.4263294999254867,0,331.0,4.15,3,9.12139968434072,7.851759613930136,2.0767704433677614,178.5586096034029,11.84829137724085,1.3935123815999317
4,15,1.5545406999299303,0,271.0,3.4000000000000004,11,9.12139968434072,7.851759613930136,2.0767704433677614,178.5586096034029,11.84829137724085,1.3935123815999317
4,6,1.8390958999516442,0,263.0,3.3000000000000003,8,9.12139968434072,7.851759613930136,2.0767704433677614,178.5586096034029,11.84829137724085,1.3935123815999317
4,2,1.8476898999651894,0,299.0,3.75,10,9.12139968434072,7.851759613930136,2.0767704433677614,178.5586096034029,11.84829137724085,1.3935123815999317
4,8,2.0567711000330746,0,379.0,4.75,14,9.12139968434072,7.851759613930136,2.0767704433677614,178.5586096034029,11.84829137724085,1.3935123815999317
4,25,0.8899710999103263,0,279.0,3.5,2,9.12139968434072,7.851759613930136,2.0767704433677614,178.5586096034029,11.84829137724085,1.3935123815999317
4,4,2.1543353999732062,0,275.0,3.45,11,9.12139968434072,7.851759613930136,2.0767704433677614,178.5586096034029,11.84829137724085,1.3935123815999317
4,24,1.149505100096576,0,314.0,3.95,2,9.12139968434072,7.851759613930136,2.0767704433677614,178.5586096034029,11.84829137724085,1.3935123815999317
4,22,1.3739418999757618,0,579.0,7.25,7,9.12139968434072,7.851759613930136,2.0767704433677614,178.5586096034029,11.84829137724085,1.3935123815999317
4,11,2.3912601000629365,0,315.0,3.95,13,9.12139968434072,7.851759613930136,2.0767704433677614,178.5586096034029,11.84829137724085,1.3935123815999317
4,18,2.3919009999372065,0,335.0,4.2,10,9.12139968434072,7.851759613930136,2.0767704433677614,178.5586096034029,11.84829137724085,1.3935123815999317
4,28,1.1022700000321493,0,299.0,3.75,5,9.12139968434072,7.851759613930136,2.0767704433677614,178.5586096034029,11.84829137724085,1.3935123815999317
4,23,1.5868038999615237,0,272.0,3.45,9,9.12139968434072,7.851759613930136,2.0767704433677614,178.5586096034029,11.84829137724085,1.3935123815999317
4,27,1.3775721000274643,0,299.0,3.75,5,9.12139968434072,7.851759613930136,2.0767704433677614,178.5586096034029,11.84829137724085,1.3935123815999317
4,21,2.031940500019118,0,251.0,3.1500000000000004,11,9.12139968434072,7.851759613930136,2.0767704433677614,178.5586096034029,11.84829137724085,1.3935123815999317
4,9,3.03590300003998,0,323.0,4.05,17,9.12139968434072,7.851759613930136,2.0767704433677614,178.5586096034029,11.84829137724085,1.3935123815999317
4,13,3.2127227999735624,0,723.0,9.05,12,9.12139968434072,7.851759613930136,2.0767704433677614,178.5586096034029,11.84829137724085,1.3935123815999317
4,10,3.6006986999418586,0,355.0,4.45,10,9.12139968434072,7.851759613930136,2.0767704433677614,178.5586096034029,11.84829137724085,1.3935123815999317
4,26,2.792987799970433,0,351.0,4.4,12,9.12139968434072,7.851759613930136,2.0767704433677614,178.5586096034029,11.84829137724085,1.3935123815999317
4,29,2.7508819999638945,0,419.0,5.25,14,9.12139968434072,7.851759613930136,2.0767704433677614,178.5586096034029,11.84829137724085,1.3935123815999317
4,0,39.096798199927434,1,5003.0,70.85000000000001,11,9.12139968434072,7.851759613930136,2.0767704433677614,178.5586096034029,11.84829137724085,1.3935123815999317
4,16,40.06371899996884,1,5002.0,70.9,14,9.12139968434072,7.851759613930136,2.0767704433677614,178.5586096034029,11.84829137724085,1.3935123815999317
5,5,0.17338130006100982,0,255.0,3.2,0,12.150897038028766,1.7052412368729153,0.7440107705542672,287.2213843133333,19.312640661491187,24.251920443493834
5,3,0.5890747000230476,0,283.0,3.5500000000000003,2,12.150897038028766,1.7052412368729153,0.7440107705542672,287.2213843133333,19.312640661491187,24.251920443493834
5,0,0.6493848999962211,0,263.0,3.3000000000000003,4,12.150897038028766,1.7052412368729153,0.7440107705542672,287.2213843133333,19.312640661491187,24.251920443493834
5,19,0.4815463999984786,0,239.0,3.0,0,12.150897038028766,1.7052412368729153,0.7440107705542672,287.2213843133333,19.312640661491187,24.251920443493834
5,2,0.9164055000292137,0,259.0,3.25,6,12.150897038028766,1.7052412368729153,0.7440107705542672,287.2213843133333,19.312640661491187,24.251920443493834
5,1,0.9367617000825703,0,243.0,3.0500000000000003,3,12.150897038028766,1.7052412368729153,0.7440107705542672,287.2213843133333,19.312640661491187,24.251920443493834
5,7,1.2006293999729678,0,279.0,3.5,8,12.150897038028766,1.7052412368729153,0.7440107705542672,287.2213843133333,19.312640661491187,24.251920443493834
5,14,1.2770462000044063,0,303.0,3.8000000000000003,5,12.150897038028766,1.7052412368729153,0.7440107705542672,287.2213843133333,19.312640661491187,24.251920443493834
5,17,1.2846842999570072,0,323.0,4.05,1,12.150897038028766,1.7052412368729153,0.7440107705542672,287.2213843133333,19.312640661491187,24.251920443493834
5,9,1.3262218999443576,0,255.0,3.2,2,12.150897038028766,1.7052412368729153,0.7440107705542672,287.2213843133333,19.312640661491187,24.251920443493834
5,12,1.3893423000117764,0,283.0,3.5500000000000003,4,12.150897038028766,1.7052412368729153,0.7440107705542672,287.2213843133333,19.312640661491187,24.251920443493834
5,22,1.1048022999893874,0,579.0,7.25,2,12.150897038028766,1.7052412368729153,0.7440107705542672,287.2213843133333,19.312640661491187,24.251920443493834
5,4,1.9140894000884145,0,255.0,3.2,11,12.150897038028766,1.7052412368729153,0.7440107705542672,287.2213843133333,19.312640661491187,24.251920443493834
5,20,1.3264271999942139,0,242.0,3.0500000000000003,0,12.150897038028766,1.7052412368729153,0.7440107705542672,287.2213843133333,19.312640661491187,24.251920443493834
5,11,1.9307619000319391,0,287.0,3.6,14,12.150897038028766,1.7052412368729153,0.7440107705542672,287.2213843133333,19.312640661491187,24.251920443493834
5,25,0.7490410000318661,0,263.0,3.3000000000000003,2,12.150897038028766,1.7052412368729153,0.7440107705542672,287.2213843133333,19.312640661491187,24.251920443493834
5,15,2.042288800003007,0,263.0,3.3000000000000003,13,12.150897038028766,1.7052412368729153,0.7440107705542672,287.2213843133333,19.312640661491187,24.251920443493834
5,28,1.0931776999495924,0,303.0,3.8000000000000003,5,12.150897038028766,1.7052412368729153,0.7440107705542672,287.2213843133333,19.312640661491187,24.251920443493834
5,21,1.8862903999397531,0,259.0,3.25,11,12.150897038028766,1.7052412368729153,0.7440107705542672,287.2213843133333,19.312640661491187,24.251920443493834
5,10,2.5675663000438362,0,291.0,3.6500000000000004,9,12.150897038028766,1.7052412368729153,0.7440107705542672,287.2213843133333,19.312640661491187,24.251920443493834
5,29,1.519197899964638,0,283.0,3.5500000000000003,13,12.150897038028766,1.7052412368729153,0.7440107705542672,287.2213843133333,19.312640661491187,24.251920443493834
5,23,2.104919599951245,0,327.0,4.2,9,12.150897038028766,1.7052412368729153,0.7440107705542672,287.2213843133333,19.312640661491187,24.251920443493834
5,8,3.0654621000867337,0,347.0,4.3500000000000005,18,12.150897038028766,1.7052412368729153,0.7440107705542672,287.2213843133333,19.312640661491187,24.251920443493834
5,26,1.8164523000596091,0,259.0,3.25,10,12.150897038028766,1.7052412368729153,0.7440107705542672,287.2213843133333,19.312640661491187,24.251920443493834
5,13,3.3503105000127107,0,507.0,6.3500000000000005,17,12.150897038028766,1.7052412368729153,0.7440107705542672,287.2213843133333,19.312640661491187,24.251920443493834
5,27,2.0835978999966756,0,331.0,4.15,2,12.150897038028766,1.7052412368729153,0.7440107705542672,287.2213843133333,19.312640661491187,24.251920443493834
5,16,3.706832700059749,0,345.0,4.5,6,12.150897038028766,1.7052412368729153,0.7440107705542672,287.2213843133333,19.312640661491187,24.251920443493834
5,24,2.9979399000294507,0,442.0,5.6000000000000005,1,12.150897038028766,1.7052412368729153,0.7440107705542672,287.2213843133333,19.312640661491187,24.251920443493834
5,6,4.581335499999113,0,455.0,5.7,13,12.150897038028766,1.7052412368729153,0.7440107705542672,287.2213843133333,19.312640661491187,24.251920443493834
5,18,42.223392700077966,1,5000.0,70.85000000000001,18,12.150897038028766,1.7052412368729153,0.7440107705542672,287.2213843133333,19.312640661491187,24.251920443493834
6,5,0.20912110002245754,0,255.0,3.2,0,6.092275383467413,0.9767211400638387,6.873906962470353,160.03812343490034,2.4407646968955765,14.855307303338105
6,0,0.5429424999747425,0,263.0,3.3000000000000003,4,6.092275383467413,0.9767211400638387,6.873906962470353,160.03812343490034,2.4407646968955765,14.855307303338105
6,3,0.5890701999887824,0,283.0,3.5500000000000003,2,6.092275383467413,0.9767211400638387,6.873906962470353,160.03812343490034,2.4407646968955765,14.855307303338105
6,19,0.4118653000332415,0,239.0,3.0,0,6.092275383467413,0.9767211400638387,6.873906962470353,160.03812343490034,2.4407646968955765,14.855307303338105
6,18,0.8735492000123486,0,291.0,3.6500000000000004,0,6.092275383467413,0.9767211400638387,6.873906962470353,160.03812343490034,2.4407646968955765,14.855307303338105
6,1,0.905109400046058,0,243.0,3.0500000000000003,3,6.092275383467413,0.9767211400638387,6.873906962470353,160.03812343490034,2.4407646968955765,14.855307303338105
6,2,0.9740560000063851,0,259.0,3.25,6,6.092275383467413,0.9767211400638387,6.873906962470353,160.03812343490034,2.4407646968955765,14.855307303338105
6,9,1.1670814000535756,0,247.0,3.1,0,6.092275383467413,0.9767211400638387,6.873906962470353,160.03812343490034,2.4407646968955765,14.855307303338105
6,7,1.2372478999895975,0,283.0,3.5500000000000003,8,6.092275383467413,0.9767211400638387,6.873906962470353,160.03812343490034,2.4407646968955765,14.855307303338105
6,17,1.2402768000029027,0,323.0,4.05,0,6.092275383467413,0.9767211400638387,6.873906962470353,160.03812343490034,2.4407646968955765,14.855307303338105
6,12,1.50059389998205,0,295.0,3.7,9,6.092275383467413,0.9767211400638387,6.873906962470353,160.03812343490034,2.4407646968955765,14.855307303338105
6,6,1.6619940000819042,0,287.0,3.6,6,6.092275383467413,0.9767211400638387,6.873906962470353,160.03812343490034,2.4407646968955765,14.855307303338105
6,23,0.9329565999796614,0,251.0,3.1500000000000004,0,6.092275383467413,0.9767211400638387,6.873906962470353,160.03812343490034,2.4407646968955765,14.855307303338105
6,22,1.2618232000386342,0,571.0,7.15,5,6.092275383467413,0.9767211400638387,6.873906962470353,160.03812343490034,2.4407646968955765,14.855307303338105
6,8,2.168240000028163,0,295.0,3.7,10,6.092275383467413,0.9767211400638387,6.873906962470353,160.03812343490034,2.4407646968955765,14.855307303338105
6,28,0.926186400000006,0,299.0,3.75,4,6.092275383467413,0.9767211400638387,6.873906962470353,160.03812343490034,2.4407646968955765,14.855307303338105
6,11,2.2074186999816447,0,299.0,3.75,11,6.092275383467413,0.9767211400638387,6.873906962470353,160.03812343490034,2.4407646968955765,14.855307303338105
6,15,2.3996856999583542,0,263.0,3.3000000000000003,13,6.092275383467413,0.9767211400638387,6.873906962470353,160.03812343490034,2.4407646968955765,14.855307303338105
6,25,1.4458347000181675,0,275.0,3.45,2,6.092275383467413,0.9767211400638387,6.873906962470353,160.03812343490034,2.4407646968955765,14.855307303338105
6,10,2.4810526999644935,0,303.0,3.8000000000000003,6,6.092275383467413,0.9767211400638387,6.873906962470353,160.03812343490034,2.4407646968955765,14.855307303338105
6,20,1.9265294999349862,0,291.0,3.6500000000000004,0,6.092275383467413,0.9767211400638387,6.873906962470353,160.03812343490034,2.4407646968955765,14.855307303338105
6,13,2.567380200023763,0,483.0,6.050000000000001,9,6.092275383467413,0.9767211400638387,6.873906962470353,160.03812343490034,2.4407646968955765,14.855307303338105
6,26,1.4504587999545038,0,247.0,3.1,7,6.092275383467413,0.9767211400638387,6.873906962470353,160.03812343490034,2.4407646968955765,14.855307303338105
6,14,2.669164799968712,0,467.0,5.8500000000000005,10,6.092275383467413,0.9767211400638387,6.873906962470353,160.03812343490034,2.4407646968955765,14.855307303338105
6,27,1.8946811999194324,0,331.0,4.15,2,6.092275383467413,0.9767211400638387,6.873906962470353,160.03812343490034,2.4407646968955765,14.855307303338105
6,29,1.8715242999605834,0,299.0,3.75,14,6.092275383467413,0.9767211400638387,6.873906962470353,160.03812343490034,2.4407646968955765,14.855307303338105
6,24,2.6370915999868885,0,419.0,5.300000000000001,0,6.092275383467413,0.9767211400638387,6.873906962470353,160.03812343490034,2.4407646968955765,14.855307303338105
6,16,3.563710199901834,0,374.0,4.75,2,6.092275383467413,0.9767211400638387,6.873906962470353,160.03812343490034,2.4407646968955765,14.855307303338105
6,21,3.695926700020209,0,415.0,5.2,11,6.092275383467413,0.9767211400638387,6.873906962470353,160.03812343490034,2.4407646968955765,14.855307303338105
6,4,44.04928830009885,1,5002.0,68.3,9,6.092275383467413,0.9767211400638387,6.873906962470353,160.03812343490034,2.4407646968955765,14.855307303338105
7,5,0.17134829994756728,0,255.0,3.2,0,0.6877704223043679,9.093204020787821,2.6619218178401676,215.6305710884955,6.2342215217882195,15.602040635334324
7,3,0.5846039999742061,0,283.0,3.5500000000000003,2,0.6877704223043679,9.093204020787821,2.6619218178401676,215.6305710884955,6.2342215217882195,15.602040635334324
7,19,0.442320300033316,0,247.0,3.1,0,0.6877704223043679,9.093204020787821,2.6619218178401676,215.6305710884955,6.2342215217882195,15.602040635334324
7,2,0.8885991999413818,0,259.0,3.25,6,0.6877704223043679,9.093204020787821,2.6619218178401676,215.6305710884955,6.2342215217882195,15.602040635334324
7,1,0.9320749000180513,0,243.0,3.0500000000000003,3,0.6877704223043679,9.093204020787821,2.6619218178401676,215.6305710884955,6.2342215217882195,15.602040635334324
7,17,1.2330918000079691,0,323.0,4.05,0,0.6877704223043679,9.093204020787821,2.6619218178401676,215.6305710884955,6.2342215217882195,15.602040635334324
7,12,1.3085561000043526,0,283.0,3.5500000000000003,4,0.6877704223043679,9.093204020787821,2.6619218178401676,215.6305710884955,6.2342215217882195,15.602040635334324
7,0,1.3633254999294877,0,295.0,3.7,4,0.6877704223043679,9.093204020787821,2.6619218178401676,215.6305710884955,6.2342215217882195,15.602040635334324
7,7,1.3700185000197962,0,271.0,3.4000000000000004,4,0.6877704223043679,9.093204020787821,2.6619218178401676,215.6305710884955,6.2342215217882195,15.602040635334324
7,18,1.4013276000041515,0,295.0,3.7,0,0.6877704223043679,9.093204020787821,2.6619218178401676,215.6305710884955,6.2342215217882195,15.602040635334324
7,9,1.480936599895358,0,259.0,3.25,0,0.6877704223043679,9.093204020787821,2.6619218178401676,215.6305710884955,6.2342215217882195,15.602040635334324
7,6,1.5023901999229565,0,279.0,3.5,3,0.6877704223043679,9.093204020787821,2.6619218178401676,215.6305710884955,6.2342215217882195,15.602040635334324
7,15,1.5110040999716148,0,251.0,3.1500000000000004,11,0.6877704223043679,9.093204020787821,2.6619218178401676,215.6305710884955,6.2342215217882195,15.602040635334324
7,4,1.5300471999216825,0,255.0,3.2,13,0.6877704223043679,9.093204020787821,2.6619218178401676,215.6305710884955,6.2342215217882195,15.602040635334324
7,16,1.5402189999585971,0,251.0,3.1500000000000004,0,0.6877704223043679,9.093204020787821,2.6619218178401676,215.6305710884955,6.2342215217882195,15.602040635334324
7,8,1.6180661999387667,0,347.0,4.3500000000000005,9,0.6877704223043679,9.093204020787821,2.6619218178401676,215.6305710884955,6.2342215217882195,15.602040635334324
7,11,1.6699512999039143,0,279.0,3.5,11,0.6877704223043679,9.093204020787821,2.6619218178401676,215.6305710884955,6.2342215217882195,15.602040635334324
7,14,1.8043871000409126,0,311.0,3.9000000000000004,4,0.6877704223043679,9.093204020787821,2.6619218178401676,215.6305710884955,6.2342215217882195,15.602040635334324
7,22,1.1597084000241011,0,579.0,7.25,5,0.6877704223043679,9.093204020787821,2.6619218178401676,215.6305710884955,6.2342215217882195,15.602040635334324
7,28,0.8818035000003874,0,299.0,3.75,4,0.6877704223043679,9.093204020787821,2.6619218178401676,215.6305710884955,6.2342215217882195,15.602040635334324
7,25,1.1021852999692783,0,271.0,3.4000000000000004,0,0.6877704223043679,9.093204020787821,2.6619218178401676,215.6305710884955,6.2342215217882195,15.602040635334324
7,10,2.5588276999769732,0,311.0,3.9000000000000004,6,0.6877704223043679,9.093204020787821,2.6619218178401676,215.6305710884955,6.2342215217882195,15.602040635334324
7,13,2.7103991999756545,0,735.0,9.200000000000001,9,0.6877704223043679,9.093204020787821,2.6619218178401676,215.6305710884955,6.2342215217882195,15.602040635334324
7,27,1.3645284000085667,0,307.0,3.85,2,0.6877704223043679,9.093204020787821,2.6619218178401676,215.6305710884955,6.2342215217882195,15.602040635334324
7,29,1.296675099991262,0,267.0,3.35,5,0.6877704223043679,9.093204020787821,2.6619218178401676,215.6305710884955,6.2342215217882195,15.602040635334324
7,21,2.2390447999350727,0,271.0,3.4000000000000004,4,0.6877704223043679,9.093204020787821,2.6619218178401676,215.6305710884955,6.2342215217882195,15.602040635334324
7,26,1.5281664000358433,0,255.0,3.2,6,0.6877704223043679,9.093204020787821,2.6619218178401676,215.6305710884955,6.2342215217882195,15.602040635334324
7,24,1.6891318999696523,0,355.0,4.45,0,0.6877704223043679,9.093204020787821,2.6619218178401676,215.6305710884955,6.2342215217882195,15.602040635334324
7,20,2.9578191000036895,0,362.0,4.7,0,0.6877704223043679,9.093204020787821,2.6619218178401676,215.6305710884955,6.2342215217882195,15.602040635334324
7,23,4.086424199980684,0,560.0,7.3500000000000005,0,0.6877704223043679,9.093204020787821,2.6619218178401676,215.6305710884955,6.2342215217882195,15.602040635334324
8,5,0.18729629996232688,0,255.0,3.2,0,10.934205586865593,1.8485445552552704,9.69888781486913,243.78320584027864,18.789978831283783,26.844820512829465
8,0,0.5761025999672711,0,263.0,3.3000000000000003,4,10.934205586865593,1.8485445552552704,9.69888781486913,243.78320584027864,18.789978831283783,26.844820512829465
8,19,0.4001293999608606,0,239.0,3.0,0,10.934205586865593,1.8485445552552704,9.69888781486913,243.78320584027864,18.789978831283783,26.844820512829465
8,3,0.6269036999437958,0,283.0,3.5500000000000003,2,10.934205586865593,1.8485445552552704,9.69888781486913,243.78320584027864,18.789978831283783,26.844820512829465
8,1,0.8786819000961259,0,243.0,3.0500000000000003,3,10.934205586865593,1.8485445552552704,9.69888781486913,243.78320584027864,18.789978831283783,26.844820512829465
8,2,1.0117120000068098,0,259.0,3.25,6,10.934205586865593,1.8485445552552704,9.69888781486913,243.78320584027864,18.789978831283783,26.844820512829465
8,7,1.159364900086075,0,283.0,3.5500000000000003,8,10.934205586865593,1.8485445552552704,9.69888781486913,243.78320584027864,18.789978831283783,26.844820512829465
8,9,1.2695602000458166,0,247.0,3.1,0,10.934205586865593,1.8485445552552704,9.69888781486913,243.78320584027864,18.789978831283783,26.844820512829465
8,17,1.2865786000620574,0,323.0,4.05,1,10.934205586865593,1.8485445552552704,9.69888781486913,243.78320584027864,18.789978831283783,26.844820512829465
8,18,1.5610860999440774,0,307.0,3.85,2,10.934205586865593,1.8485445552552704,9.69888781486913,243.78320584027864,18.789978831283783,26.844820512829465
8,12,1.5627249999670312,0,295.0,3.7,9,10.934205586865593,1.8485445552552704,9.69888781486913,243.78320584027864,18.789978831283783,26.844820512829465
8,14,1.591137900017202,0,319.0,4.0,5,10.934205586865593,1.8485445552552704,9.69888781486913,243.78320584027864,18.789978831283783,26.844820512829465
8,6,1.7760526000056416,0,299.0,3.75,6,10.934205586865593,1.8485445552552704,9.69888781486913,243.78320584027864,18.789978831283783,26.844820512829465
8,23,0.9421484000049531,0,251.0,3.1500000000000004,0,10.934205586865593,1.8485445552552704,9.69888781486913,243.78320584027864,18.789978831283783,26.844820512829465
8,8,1.8594998000189662,0,363.0,4.55,13,10.934205586865593,1.8485445552552704,9.69888781486913,243.78320584027864,18.789978831283783,26.844820512829465
8,15,2.1252472000196576,0,263.0,3.3000000000000003,13,10.934205586865593,1.8485445552552704,9.69888781486913,243.78320584027864,18.789978831283783,26.844820512829465
8,22,1.5013673000503331,0,587.0,7.3500000000000005,7,10.934205586865593,1.8485445552552704,9.69888781486913,243.78320584027864,18.789978831283783,26.844820512829465
8,11,2.209688700037077,0,299.0,3.75,11,10.934205586865593,1.8485445552552704,9.69888781486913,243.78320584027864,18.789978831283783,26.844820512829465
8,28,0.8663912999909371,0,299.0,3.75,4,10.934205586865593,1.8485445552552704,9.69888781486913,243.78320584027864,18.789978831283783,26.844820512829465
8,10,2.4317849000217393,0,303.0,3.8000000000000003,6,10.934205586865593,1.8485445552552704,9.69888781486913,243.78320584027864,18.789978831283783,26.844820512829465
8,25,1.2944920998997986,0,287.0,3.6,4,10.934205586865593,1.8485445552552704,9.69888781486913,243.78320584027864,18.789978831283783,26.844820512829465
8,26,1.2902821999741718,0,243.0,3.0500000000000003,7,10.934205586865593,1.8485445552552704,9.69888781486913,243.78320584027864,18.789978831283783,26.844820512829465
8,29,1.3793765999143943,0,267.0,3.35,10,10.934205586865593,1.8485445552552704,9.69888781486913,243.78320584027864,18.789978831283783,26.844820512829465
8,13,2.965586100006476,0,491.0,6.15,12,10.934205586865593,1.8485445552552704,9.69888781486913,243.78320584027864,18.789978831283783,26.844820512829465
8,27,1.8671252999920398,0,331.0,4.15,2,10.934205586865593,1.8485445552552704,9.69888781486913,243.78320584027864,18.789978831283783,26.844820512829465
8,21,2.590465800021775,0,319.0,4.0,7,10.934205586865593,1.8485445552552704,9.69888781486913,243.78320584027864,18.789978831283783,26.844820512829465
8,16,3.408261099946685,0,366.0,4.6000000000000005,0,10.934205586865593,1.8485445552552704,9.69888781486913,243.78320584027864,18.789978831283783,26.844820512829465
8,20,2.8650211000349373,0,368.0,4.7,0,10.934205586865593,1.8485445552552704,9.69888781486913,243.78320584027864,18.789978831283783,26.844820512829465
8,24,2.6335998999420553,0,419.0,5.300000000000001,0,10.934205586865593,1.8485445552552704,9.69888781486913,243.78320584027864,18.789978831283783,26.844820512829465
8,4,45.94733609992545,1,5003.0,70.65,17,10.934205586865593,1.8485445552552704,9.69888781486913,243.78320584027864,18.789978831283783,26.844820512829465
9,5,0.23112589993979782,0,255.0,3.2,0,11.957999576221702,9.218742350231167,0.976075770314003,98.9957156047863,0.9045457782107613,9.759909922897931
9,3,0.9520549000008032,0,299.0,3.75,0,11.957999576221702,9.218742350231167,0.976075770314003,98.9957156047863,0.9045457782107613,9.759909922897931
9,19,0.8903404000448063,0,247.0,3.1,4,11.957999576221702,9.218742350231167,0.976075770314003,98.9957156047863,0.9045457782107613,9.759909922897931
9,7,1.28353989997413,0,279.0,3.5,8,11.957999576221702,9.218742350231167,0.976075770314003,98.9957156047863,0.9045457782107613,9.759909922897931
9,1,1.2869307999499142,0,279.0,3.5,3,11.957999576221702,9.218742350231167,0.976075770314003,98.9957156047863,0.9045457782107613,9.759909922897931
9,17,1.444244600017555,0,323.0,4.05,1,11.957999576221702,9.218742350231167,0.976075770314003,98.9957156047863,0.9045457782107613,9.759909922897931
9,14,1.776298200013116,0,311.0,3.9000000000000004,5,11.957999576221702,9.218742350231167,0.976075770314003,98.9957156047863,0.9045457782107613,9.759909922897931
9,18,1.8433286000508815,0,291.0,3.6500000000000004,4,11.957999576221702,9.218742350231167,0.976075770314003,98.9957156047863,0.9045457782107613,9.759909922897931
9,12,1.9598585999337956,0,295.0,3.7,11,11.957999576221702,9.218742350231167,0.976075770314003,98.9957156047863,0.9045457782107613,9.759909922897931
9,6,2.0166988000273705,0,263.0,3.3000000000000003,8,11.957999576221702,9.218742350231167,0.976075770314003,98.9957156047863,0.9045457782107613,9.759909922897931
9,11,2.2434967999579385,0,275.0,3.45,11,11.957999576221702,9.218742350231167,0.976075770314003,98.9957156047863,0.9045457782107613,9.759909922897931
9,9,2.392086200066842,0,275.0,3.45,9,11.957999576221702,9.218742350231167,0.976075770314003,98.9957156047863,0.9045457782107613,9.759909922897931
9,20,1.5959037999855354,0,245.0,3.1,2,11.957999576221702,9.218742350231167,0.976075770314003,98.9957156047863,0.9045457782107613,9.759909922897931
9,0,2.5683907999191433,0,355.0,4.45,11,11.957999576221702,9.218742350231167,0.976075770314003,98.9957156047863,0.9045457782107613,9.759909922897931
9,4,2.5745415999554098,0,283.0,3.5500000000000003,14,11.957999576221702,9.218742350231167,0.976075770314003,98.9957156047863,0.9045457782107613,9.759909922897931
9,22,1.441717499983497,0,579.0,7.25,7,11.957999576221702,9.218742350231167,0.976075770314003,98.9957156047863,0.9045457782107613,9.759909922897931
9,10,2.854633199982345,0,335.0,4.2,6,11.957999576221702,9.218742350231167,0.976075770314003,98.9957156047863,0.9045457782107613,9.759909922897931
9,16,2.938545100041665,0,283.0,3.6,7,11.957999576221702,9.218742350231167,0.976075770314003,98.9957156047863,0.9045457782107613,9.759909922897931
9,8,2.9759870999259874,0,327.0,4.1000000000000005,12,11.957999576221702,9.218742350231167,0.976075770314003,98.9957156047863,0.9045457782107613,9.759909922897931
9,13,3.06104239996057,0,483.0,6.050000000000001,9,11.957999576221702,9.218742350231167,0.976075770314003,98.9957156047863,0.9045457782107613,9.759909922897931
9,28,1.133986199973151,0,303.0,3.8000000000000003,5,11.957999576221702,9.218742350231167,0.976075770314003,98.9957156047863,0.9045457782107613,9.759909922897931
9,25,1.4928787999087945,0,343.0,4.3,0,11.957999576221702,9.218742350231167,0.976075770314003,98.9957156047863,0.9045457782107613,9.759909922897931
9,27,1.3072898000245914,0,303.0,3.8000000000000003,5,11.957999576221702,9.218742350231167,0.976075770314003,98.9957156047863,0.9045457782107613,9.759909922897931
9,24,1.9876191999064758,0,347.0,4.4,2,11.957999576221702,9.218742350231167,0.976075770314003,98.9957156047863,0.9045457782107613,9.759909922897931
9,21,2.5135889999801293,0,251.0,3.1500000000000004,15,11.957999576221702,9.218742350231167,0.976075770314003,98.9957156047863,0.9045457782107613,9.759909922897931
9,29,1.5225115000503138,0,283.0,3.5500000000000003,13,11.957999576221702,9.218742350231167,0.976075770314003,98.9957156047863,0.9045457782107613,9.759909922897931
9,15,3.8381301999324933,0,351.0,4.4,16,11.957999576221702,9.218742350231167,0.976075770314003,98.9957156047863,0.9045457782107613,9.759909922897931
9,23,2.544875600025989,0,327.0,4.2,9,11.957999576221702,9.218742350231167,0.976075770314003,98.9957156047863,0.9045457782107613,9.759909922897931
9,26,2.133490600041114,0,267.0,3.35,8,11.957999576221702,9.218742350231167,0.976075770314003,98.9957156047863,0.9045457782107613,9.759909922897931
9,2,4.088672599988058,0,527.0,6.6000000000000005,19,11.957999576221702,9.218742350231167,0.976075770314003,98.9957156047863,0.9045457782107613,9.759909922897931
10,5,0.2035010999534279,0,255.0,3.2,0,7.773545793789641,2.713490317738959,8.3045013406041,139.18833167339733,5.618690193747615,16.280882494747456
10,0,0.5529462000122294,0,263.0,3.3000000000000003,4,7.773545793789641,2.713490317738959,8.3045013406041,139.18833167339733,5.618690193747615,16.280882494747456
10,3,0.5828035000013188,0,283.0,3.5500000000000003,2,7.773545793789641,2.713490317738959,8.3045013406041,139.18833167339733,5.618690193747615,16.280882494747456
10,19,0.4645273999776691,0,239.0,3.0,0,7.773545793789641,2.713490317738959,8.3045013406041,139.18833167339733,5.618690193747615,16.280882494747456
10,1,1.0715499999932945,0,243.0,3.0500000000000003,3,7.773545793789641,2.713490317738959,8.3045013406041,139.18833167339733,5.618690193747615,16.280882494747456
10,7,1.0972004000796005,0,283.0,3.5500000000000003,4,7.773545793789641,2.713490317738959,8.3045013406041,139.18833167339733,5.618690193747615,16.280882494747456
10,2,1.1513469000346959,0,259.0,3.25,6,7.773545793789641,2.713490317738959,8.3045013406041,139.18833167339733,5.618690193747615,16.280882494747456
10,9,1.2631991000380367,0,247.0,3.1,0,7.773545793789641,2.713490317738959,8.3045013406041,139.18833167339733,5.618690193747615,16.280882494747456
10,17,1.269893999909982,0,323.0,4.05,0,7.773545793789641,2.713490317738959,8.3045013406041,139.18833167339733,5.618690193747615,16.280882494747456
10,6,1.357250800007023,0,283.0,3.5500000000000003,6,7.773545793789641,2.713490317738959,8.3045013406041,139.18833167339733,5.618690193747615,16.280882494747456
10,18,1.4312738000880927,0,295.0,3.7,0,7.773545793789641,2.713490317738959,8.3045013406041,139.18833167339733,5.618690193747615,16.280882494747456
10,12,1.5903960999567062,0,299.0,3.75,9,7.773545793789641,2.713490317738959,8.3045013406041,139.18833167339733,5.618690193747615,16.280882494747456
10,11,1.6010272999992594,0,275.0,3.45,11,7.773545793789641,2.713490317738959,8.3045013406041,139.18833167339733,5.618690193747615,16.280882494747456
10,15,2.051168499980122,0,263.0,3.3000000000000003,13,7.773545793789641,2.713490317738959,8.3045013406041,139.18833167339733,5.618690193747615,16.280882494747456
10,23,1.0023956000804901,0,251.0,3.1500000000000004,0,7.773545793789641,2.713490317738959,8.3045013406041,139.18833167339733,5.618690193747615,16.280882494747456
10,22,1.4231134000001475,0,571.0,7.15,5,7.773545793789641,2.713490317738959,8.3045013406041,139.18833167339733,5.618690193747615,16.280882494747456
10,4,2.1129155999515206,0,263.0,3.3000000000000003,13,7.773545793789641,2.713490317738959,8.3045013406041,139.18833167339733,5.618690193747615,16.280882494747456
10,28,1.0174720999784768,0,299.0,3.75,4,7.773545793789641,2.713490317738959,8.3045013406041,139.18833167339733,5.618690193747615,16.280882494747456
10,25,1.230374600039795,0,275.0,3.45,2,7.773545793789641,2.713490317738959,8.3045013406041,139.18833167339733,5.618690193747615,16.280882494747456
10,8,2.4687427999451756,0,295.0,3.7,10,7.773545793789641,2.713490317738959,8.3045013406041,139.18833167339733,5.618690193747615,16.280882494747456
10,26,1.3681047999998555,0,247.0,3.1,7,7.773545793789641,2.713490317738959,8.3045013406041,139.18833167339733,5.618690193747615,16.280882494747456
10,20,2.39093039999716,0,325.0,4.1000000000000005,0,7.773545793789641,2.713490317738959,8.3045013406041,139.18833167339733,5.618690193747615,16.280882494747456
10,10,3.1983754000393674,0,335.0,4.2,6,7.773545793789641,2.713490317738959,8.3045013406041,139.18833167339733,5.618690193747615,16.280882494747456
10,13,3.3761609999928623,0,519.0,6.5,12,7.773545793789641,2.713490317738959,8.3045013406041,139.18833167339733,5.618690193747615,16.280882494747456
10,27,2.1822770999278873,0,331.0,4.15,2,7.773545793789641,2.713490317738959,8.3045013406041,139.18833167339733,5.618690193747615,16.280882494747456
10,14,3.5921170000219718,0,491.0,6.15,11,7.773545793789641,2.713490317738959,8.3045013406041,139.18833167339733,5.618690193747615,16.280882494747456
10,29,2.1688759000971913,0,311.0,3.9000000000000004,14,7.773545793789641,2.713490317738959,8.3045013406041,139.18833167339733,5.618690193747615,16.280882494747456
10,16,4.164236200042069,0,394.0,5.0,2,7.773545793789641,2.713490317738959,8.3045013406041,139.18833167339733,5.618690193747615,16.280882494747456
10,24,3.2843200999777764,0,436.0,5.5,0,7.773545793789641,2.713490317738959,8.3045013406041,139.18833167339733,5.618690193747615,16.280882494747456
10,21,4.319117299979553,0,415.0,5.2,11,7.773545793789641,2.713490317738959,8.3045013406041,139.18833167339733,5.618690193747615,16.280882494747456
11,5,0.40678450011182576,0,255.0,3.2,0,2.818484499495253,8.021969807540398,0.8380513724297312,296.72173415012935,15.444895385933147,5.961470446025173
11,1,0.9893931000260636,0,267.0,3.35,3,2.818484499495253,8.021969807540398,0.8380513724297312,296.72173415012935,15.444895385933147,5.961470446025173
11,19,0.8073782999999821,0,247.0,3.1,0,2.818484499495253,8.021969807540398,0.8380513724297312,296.72173415012935,15.444895385933147,5.961470446025173
11,3,1.3369809999130666,0,287.0,3.6,2,2.818484499495253,8.021969807540398,0.8380513724297312,296.72173415012935,15.444895385933147,5.961470446025173
11,17,1.5840390999801457,0,323.0,4.05,1,2.818484499495253,8.021969807540398,0.8380513724297312,296.72173415012935,15.444895385933147,5.961470446025173
11,20,0.6001342999516055,0,215.0,2.7,0,2.818484499495253,8.021969807540398,0.8380513724297312,296.72173415012935,15.444895385933147,5.961470446025173
11,6,1.6357525000348687,0,271.0,3.4000000000000004,6,2.818484499495253,8.021969807540398,0.8380513724297312,296.72173415012935,15.444895385933147,5.961470446025173
11,11,1.62302830000408,0,279.0,3.5,11,2.818484499495253,8.021969807540398,0.8380513724297312,296.72173415012935,15.444895385933147,5.961470446025173
11,7,1.637011600076221,0,279.0,3.5,8,2.818484499495253,8.021969807540398,0.8380513724297312,296.72173415012935,15.444895385933147,5.961470446025173
11,2,1.7633546999422833,0,279.0,3.5,4,2.818484499495253,8.021969807540398,0.8380513724297312,296.72173415012935,15.444895385933147,5.961470446025173
11,0,1.97675079992041,0,339.0,4.25,13,2.818484499495253,8.021969807540398,0.8380513724297312,296.72173415012935,15.444895385933147,5.961470446025173
11,9,2.0004956999327987,0,275.0,3.45,4,2.818484499495253,8.021969807540398,0.8380513724297312,296.72173415012935,15.444895385933147,5.961470446025173
11,14,2.123722199932672,0,371.0,4.65,4,2.818484499495253,8.021969807540398,0.8380513724297312,296.72173415012935,15.444895385933147,5.961470446025173
11,12,2.3190614000195637,0,283.0,3.5500000000000003,4,2.818484499495253,8.021969807540398,0.8380513724297312,296.72173415012935,15.444895385933147,5.961470446025173
11,15,2.44124820001889,0,327.0,4.1000000000000005,7,2.818484499495253,8.021969807540398,0.8380513724297312,296.72173415012935,15.444895385933147,5.961470446025173
11,4,2.667940300074406,0,271.0,3.4000000000000004,9,2.818484499495253,8.021969807540398,0.8380513724297312,296.72173415012935,15.444895385933147,5.961470446025173
11,10,2.7235956999938935,0,303.0,3.8000000000000003,6,2.818484499495253,8.021969807540398,0.8380513724297312,296.72173415012935,15.444895385933147,5.961470446025173
11,22,1.5084158000536263,0,579.0,7.25,7,2.818484499495253,8.021969807540398,0.8380513724297312,296.72173415012935,15.444895385933147,5.961470446025173
11,28,1.1205514000030234,0,299.0,3.75,4,2.818484499495253,8.021969807540398,0.8380513724297312,296.72173415012935,15.444895385933147,5.961470446025173
11,18,2.9513893999392167,0,335.0,4.2,6,2.818484499495253,8.021969807540398,0.8380513724297312,296.72173415012935,15.444895385933147,5.961470446025173
11,8,3.1519852000055835,0,327.0,4.1000000000000005,8,2.818484499495253,8.021969807540398,0.8380513724297312,296.72173415012935,15.444895385933147,5.961470446025173
11,27,1.4629417000105605,0,287.0,3.6,5,2.818484499495253,8.021969807540398,0.8380513724297312,296.72173415012935,15.444895385933147,5.961470446025173
11,13,3.2069352000253275,0,543.0,6.800000000000001,13,2.818484499495253,8.021969807540398,0.8380513724297312,296.72173415012935,15.444895385933147,5.961470446025173
11,25,1.9276056000962853,0,367.0,4.6000000000000005,0,2.818484499495253,8.021969807540398,0.8380513724297312,296.72173415012935,15.444895385933147,5.961470446025173
11,21,2.3399815999437124,0,251.0,3.1500000000000004,15,2.818484499495253,8.021969807540398,0.8380513724297312,296.72173415012935,15.444895385933147,5.961470446025173
11,29,1.5975045999512076,0,283.0,3.5500000000000003,13,2.818484499495253,8.021969807540398,0.8380513724297312,296.72173415012935,15.444895385933147,5.961470446025173
11,26,2.009158300003037,0,263.0,3.3000000000000003,4,2.818484499495253,8.021969807540398,0.8380513724297312,296.72173415012935,15.444895385933147,5.961470446025173
11,16,3.8347388999536633,0,329.0,4.25,6,2.818484499495253,8.021969807540398,0.8380513724297312,296.72173415012935,15.444895385933147,5.961470446025173
11,24,2.28303169994615,0,372.0,4.75,1,2.818484499495253,8.021969807540398,0.8380513724297312,296.72173415012935,15.444895385933147,5.961470446025173
11,23,2.837378800031729,0,606.0,7.6000000000000005,11,2.818484499495253,8.021969807540398,0.8380513724297312,296.72173415012935,15.444895385933147,5.961470446025173
12,5,0.1765976999886334,0,255.0,3.2,0,0.11044234247204798,8.154614284548341,7.097887704091409,232.25179201024682,15.425406933718914,2.2213395520227106
12,0,0.4872405999340117,0,263.0,3.3000000000000003,0,0.11044234247204798,8.154614284548341,7.097887704091409,232.25179201024682,15.425406933718914,2.2213395520227106
12,3,0.5761589000467211,0,283.0,3.5500000000000003,2,0.11044234247204798,8.154614284548341,7.097887704091409,232.25179201024682,15.425406933718914,2.2213395520227106
12,19,0.44079949997831136,0,239.0,3.0,0,0.11044234247204798,8.154614284548341,7.097887704091409,232.25179201024682,15.425406933718914,2.2213395520227106
12,18,0.8841638000449166,0,291.0,3.6500000000000004,0,0.11044234247204798,8.154614284548341,7.097887704091409,232.25179201024682,15.425406933718914,2.2213395520227106
12,1,0.9152412000112236,0,243.0,3.0500000000000003,3,0.11044234247204798,8.154614284548341,7.097887704091409,232.25179201024682,15.425406933718914,2.2213395520227106
12,14,0.919587800046429,0,295.0,3.7,0,0.11044234247204798,8.154614284548341,7.097887704091409,232.25179201024682,15.425406933718914,2.2213395520227106
12,2,1.0839039999991655,0,259.0,3.25,6,0.11044234247204798,8.154614284548341,7.097887704091409,232.25179201024682,15.425406933718914,2.2213395520227106
12,7,1.1044380000093952,0,279.0,3.5,0,0.11044234247204798,8.154614284548341,7.097887704091409,232.25179201024682,15.425406933718914,2.2213395520227106
12,15,1.3356804000213742,0,259.0,3.25,9,0.11044234247204798,8.154614284548341,7.097887704091409,232.25179201024682,15.425406933718914,2.2213395520227106
12,12,1.3634204999543726,0,287.0,3.6,1,0.11044234247204798,8.154614284548341,7.097887704091409,232.25179201024682,15.425406933718914,2.2213395520227106
12,9,1.4686723001068458,0,259.0,3.25,2,0.11044234247204798,8.154614284548341,7.097887704091409,232.25179201024682,15.425406933718914,2.2213395520227106
12,8,1.5918821999803185,0,359.0,4.5,4,0.11044234247204798,8.154614284548341,7.097887704091409,232.25179201024682,15.425406933718914,2.2213395520227106
12,17,1.8952636000467464,0,355.0,4.45,0,0.11044234247204798,8.154614284548341,7.097887704091409,232.25179201024682,15.425406933718914,2.2213395520227106
12,25,1.0211598000023514,0,275.0,3.45,0,0.11044234247204798,8.154614284548341,7.097887704091409,232.25179201024682,15.425406933718914,2.2213395520227106
12,28,0.8844193998957053,0,287.0,3.6,0,0.11044234247204798,8.154614284548341,7.097887704091409,232.25179201024682,15.425406933718914,2.2213395520227106
12,4,2.3291858999291435,0,279.0,3.5,9,0.11044234247204798,8.154614284548341,7.097887704091409,232.25179201024682,15.425406933718914,2.2213395520227106
12,23,1.6608062000013888,0,285.0,3.6,0,0.11044234247204798,8.154614284548341,7.097887704091409,232.25179201024682,15.425406933718914,2.2213395520227106
12,10,2.6516837999224663,0,311.0,3.9000000000000004,6,0.11044234247204798,8.154614284548341,7.097887704091409,232.25179201024682,15.425406933718914,2.2213395520227106
12,26,1.5985488999867812,0,251.0,3.1500000000000004,7,0.11044234247204798,8.154614284548341,7.097887704091409,232.25179201024682,15.425406933718914,2.2213395520227106
12,20,2.182552000042051,0,316.0,4.0,0,0.11044234247204798,8.154614284548341,7.097887704091409,232.25179201024682,15.425406933718914,2.2213395520227106
12,27,1.7543269000016153,0,303.0,3.8000000000000003,2,0.11044234247204798,8.154614284548341,7.097887704091409,232.25179201024682,15.425406933718914,2.2213395520227106
12,16,2.9482886000769213,0,355.0,4.45,0,0.11044234247204798,8.154614284548341,7.097887704091409,232.25179201024682,15.425406933718914,2.2213395520227106
12,24,2.216240900103003,0,363.0,4.55,0,0.11044234247204798,8.154614284548341,7.097887704091409,232.25179201024682,15.425406933718914,2.2213395520227106
12,13,3.4470786000601947,0,571.0,7.15,1,0.11044234247204798,8.154614284548341,7.097887704091409,232.25179201024682,15.425406933718914,2.2213395520227106
12,11,3.5917776999995112,0,479.0,6.0,13,0.11044234247204798,8.154614284548341,7.097887704091409,232.25179201024682,15.425406933718914,2.2213395520227106
12,22,3.219025200000033,0,699.0,8.75,0,0.11044234247204798,8.154614284548341,7.097887704091409,232.25179201024682,15.425406933718914,2.2213395520227106
12,21,4.244665400008671,0,483.0,6.050000000000001,0,0.11044234247204798,8.154614284548341,7.097887704091409,232.25179201024682,15.425406933718914,2.2213395520227106
12,29,4.185873999958858,0,587.0,7.3500000000000005,6,0.11044234247204798,8.154614284548341,7.097887704091409,232.25179201024682,15.425406933718914,2.2213395520227106
12,6,9.292276000021957,0,1487.0,18.6,2,0.11044234247204798,8.154614284548341,7.097887704091409,232.25179201024682,15.425406933718914,2.2213395520227106
13,5,0.18384169996716082,0,255.0,3.2,0,7.169314570885453,1.1586905952512971,8.644723916168376,205.82453170688947,6.617960497052984,1.906750508580709
13,0,0.5823434999911115,0,263.0,3.3000000000000003,4,7.169314570885453,1.1586905952512971,8.644723916168376,205.82453170688947,6.617960497052984,1.906750508580709
13,3,0.5925937000429258,0,283.0,3.5500000000000003,2,7.169314570885453,1.1586905952512971,8.644723916168376,205.82453170688947,6.617960497052984,1.906750508580709
13,19,0.417187700048089,0,239.0,3.0,0,7.169314570885453,1.1586905952512971,8.644723916168376,205.82453170688947,6.617960497052984,1.906750508580709
13,18,0.8685327999992296,0,291.0,3.6500000000000004,0,7.169314570885453,1.1586905952512971,8.644723916168376,205.82453170688947,6.617960497052984,1.906750508580709
13,2,0.8972161000128835,0,259.0,3.25,6,7.169314570885453,1.1586905952512971,8.644723916168376,205.82453170688947,6.617960497052984,1.906750508580709
13,1,0.9346276000142097,0,243.0,3.0500000000000003,3,7.169314570885453,1.1586905952512971,8.644723916168376,205.82453170688947,6.617960497052984,1.906750508580709
13,7,1.1267991999629885,0,283.0,3.5500000000000003,4,7.169314570885453,1.1586905952512971,8.644723916168376,205.82453170688947,6.617960497052984,1.906750508580709
13,12,1.2877430999651551,0,283.0,3.5500000000000003,9,7.169314570885453,1.1586905952512971,8.644723916168376,205.82453170688947,6.617960497052984,1.906750508580709
13,9,1.3431864000158384,0,263.0,3.3000000000000003,2,7.169314570885453,1.1586905952512971,8.644723916168376,205.82453170688947,6.617960497052984,1.906750508580709
13,6,1.5235329999122769,0,299.0,3.75,6,7.169314570885453,1.1586905952512971,8.644723916168376,205.82453170688947,6.617960497052984,1.906750508580709
13,15,1.6161979000316933,0,251.0,3.1500000000000004,11,7.169314570885453,1.1586905952512971,8.644723916168376,205.82453170688947,6.617960497052984,1.906750508580709
13,8,1.974932900047861,0,295.0,3.7,10,7.169314570885453,1.1586905952512971,8.644723916168376,205.82453170688947,6.617960497052984,1.906750508580709
13,23,1.3046674000797793,0,266.0,3.35,4,7.169314570885453,1.1586905952512971,8.644723916168376,205.82453170688947,6.617960497052984,1.906750508580709
13,24,1.3071586999576539,0,314.0,3.95,1,7.169314570885453,1.1586905952512971,8.644723916168376,205.82453170688947,6.617960497052984,1.906750508580709
13,11,2.3063541000010446,0,299.0,3.75,11,7.169314570885453,1.1586905952512971,8.644723916168376,205.82453170688947,6.617960497052984,1.906750508580709
13,25,1.4633368999930099,0,295.0,3.7,4,7.169314570885453,1.1586905952512971,8.644723916168376,205.82453170688947,6.617960497052984,1.906750508580709
13,10,2.5096980000380427,0,303.0,3.8000000000000003,6,7.169314570885453,1.1586905952512971,8.644723916168376,205.82453170688947,6.617960497052984,1.906750508580709
13,28,1.2731159999966621,0,303.0,3.8000000000000003,5,7.169314570885453,1.1586905952512971,8.644723916168376,205.82453170688947,6.617960497052984,1.906750508580709
13,27,1.4529593999031931,0,307.0,3.85,2,7.169314570885453,1.1586905952512971,8.644723916168376,205.82453170688947,6.617960497052984,1.906750508580709
13,20,2.169101200066507,0,321.0,4.05,1,7.169314570885453,1.1586905952512971,8.644723916168376,205.82453170688947,6.617960497052984,1.906750508580709
13,4,2.9646878000348806,0,311.0,3.9000000000000004,13,7.169314570885453,1.1586905952512971,8.644723916168376,205.82453170688947,6.617960497052984,1.906750508580709
13,13,3.0170903999824077,0,723.0,9.05,13,7.169314570885453,1.1586905952512971,8.644723916168376,205.82453170688947,6.617960497052984,1.906750508580709
13,26,1.970905700000003,0,267.0,3.35,10,7.169314570885453,1.1586905952512971,8.644723916168376,205.82453170688947,6.617960497052984,1.906750508580709
13,21,2.641057200031355,0,303.0,3.8000000000000003,13,7.169314570885453,1.1586905952512971,8.644723916168376,205.82453170688947,6.617960497052984,1.906750508580709
13,29,1.816948899999261,0,299.0,3.75,14,7.169314570885453,1.1586905952512971,8.644723916168376,205.82453170688947,6.617960497052984,1.906750508580709
13,14,3.5473268000641838,0,519.0,6.5,11,7.169314570885453,1.1586905952512971,8.644723916168376,205.82453170688947,6.617960497052984,1.906750508580709
13,22,3.7046162000624463,0,731.0,9.15,7,7.169314570885453,1.1586905952512971,8.644723916168376,205.82453170688947,6.617960497052984,1.906750508580709
13,16,5.050987800001167,0,618.0,8.05,0,7.169314570885453,1.1586905952512971,8.644723916168376,205.82453170688947,6.617960497052984,1.906750508580709
13,17,41.667540800059214,1,5003.0,70.85000000000001,0,7.169314570885453,1.1586905952512971,8.644723916168376,205.82453170688947,6.617960497052984,1.906750508580709
14,5,0.17567299993243068,0,255.0,3.2,0,6.219646434313244,3.2518332202674705,7.323101165546834,209.38936783880328,17.74425485152653,14.16644775485848
14,0,0.5561532999854535,0,263.0,3.3000000000000003,4,6.219646434313244,3.2518332202674705,7.323101165546834,209.38936783880328,17.74425485152653,14.16644775485848
14,19,0.4055549999466166,0,239.0,3.0,0,6.219646434313244,3.2518332202674705,7.323101165546834,209.38936783880328,17.74425485152653,14.16644775485848
14,3,0.6431681999238208,0,283.0,3.5500000000000003,2,6.219646434313244,3.2518332202674705,7.323101165546834,209.38936783880328,17.74425485152653,14.16644775485848
14,1,0.8739789000246674,0,243.0,3.0500000000000003,3,6.219646434313244,3.2518332202674705,7.323101165546834,209.38936783880328,17.74425485152653,14.16644775485848
14,2,0.9024434000020847,0,259.0,3.25,6,6.219646434313244,3.2518332202674705,7.323101165546834,209.38936783880328,17.74425485152653,14.16644775485848
14,7,1.0784650000277907,0,283.0,3.5500000000000003,4,6.219646434313244,3.2518332202674705,7.323101165546834,209.38936783880328,17.74425485152653,14.16644775485848
14,9,1.1731485000345856,0,247.0,3.1,0,6.219646434313244,3.2518332202674705,7.323101165546834,209.38936783880328,17.74425485152653,14.16644775485848
14,17,1.2666464000940323,0,323.0,4.05,0,6.219646434313244,3.2518332202674705,7.323101165546834,209.38936783880328,17.74425485152653,14.16644775485848
14,6,1.4370702999876812,0,283.0,3.5500000000000003,6,6.219646434313244,3.2518332202674705,7.323101165546834,209.38936783880328,17.74425485152653,14.16644775485848
14,12,1.4981195000000298,0,295.0,3.7,9,6.219646434313244,3.2518332202674705,7.323101165546834,209.38936783880328,17.74425485152653,14.16644775485848
14,18,1.6248327000066638,0,307.0,3.85,2,6.219646434313244,3.2518332202674705,7.323101165546834,209.38936783880328,17.74425485152653,14.16644775485848
14,22,1.2178926999913529,0,571.0,7.15,5,6.219646434313244,3.2518332202674705,7.323101165546834,209.38936783880328,17.74425485152653,14.16644775485848
14,8,1.886285200016573,0,295.0,3.7,10,6.219646434313244,3.2518332202674705,7.323101165546834,209.38936783880328,17.74425485152653,14.16644775485848
14,4,1.9713394999271259,0,263.0,3.3000000000000003,13,6.219646434313244,3.2518332202674705,7.323101165546834,209.38936783880328,17.74425485152653,14.16644775485848
14,15,2.0194416999584064,0,263.0,3.3000000000000003,13,6.219646434313244,3.2518332202674705,7.323101165546834,209.38936783880328,17.74425485152653,14.16644775485848
14,25,1.149787100031972,0,275.0,3.45,2,6.219646434313244,3.2518332202674705,7.323101165546834,209.38936783880328,17.74425485152653,14.16644775485848
14,11,2.3890923000872135,0,299.0,3.75,11,6.219646434313244,3.2518332202674705,7.323101165546834,209.38936783880328,17.74425485152653,14.16644775485848
14,28,0.9599496000446379,0,299.0,3.75,4,6.219646434313244,3.2518332202674705,7.323101165546834,209.38936783880328,17.74425485152653,14.16644775485848
14,13,2.4008779999567196,0,483.0,6.050000000000001,9,6.219646434313244,3.2518332202674705,7.323101165546834,209.38936783880328,17.74425485152653,14.16644775485848
14,10,2.609893099986948,0,335.0,4.2,6,6.219646434313244,3.2518332202674705,7.323101165546834,209.38936783880328,17.74425485152653,14.16644775485848
14,20,2.115785099915229,0,325.0,4.1000000000000005,0,6.219646434313244,3.2518332202674705,7.323101165546834,209.38936783880328,17.74425485152653,14.16644775485848
14,23,1.871151200029999,0,329.0,4.15,4,6.219646434313244,3.2518332202674705,7.323101165546834,209.38936783880328,17.74425485152653,14.16644775485848
14,26,1.6776100000133738,0,259.0,3.25,10,6.219646434313244,3.2518332202674705,7.323101165546834,209.38936783880328,17.74425485152653,14.16644775485848
14,14,2.88586799998302,0,491.0,6.15,11,6.219646434313244,3.2518332202674705,7.323101165546834,209.38936783880328,17.74425485152653,14.16644775485848
14,27,1.7755002999911085,0,331.0,4.15,2,6.219646434313244,3.2518332202674705,7.323101165546834,209.38936783880328,17.74425485152653,14.16644775485848
14,29,1.6782418000511825,0,299.0,3.75,14,6.219646434313244,3.2518332202674705,7.323101165546834,209.38936783880328,17.74425485152653,14.16644775485848
14,24,2.7159292999422178,0,436.0,5.5,0,6.219646434313244,3.2518332202674705,7.323101165546834,209.38936783880328,17.74425485152653,14.16644775485848
14,21,3.462668600026518,0,415.0,5.2,11,6.219646434313244,3.2518332202674705,7.323101165546834,209.38936783880328,17.74425485152653,14.16644775485848
14,16,5.51983200001996,0,692.0,9.05,0,6.219646434313244,3.2518332202674705,7.323101165546834,209.38936783880328,17.74425485152653,14.16644775485848
15,5,0.16721360001247376,0,255.0,3.2,0,2.391884918766034,7.13244787222995,7.631771981307285,190.31929939237406,15.41934359909122,14.813867890931721
15,0,0.5293497000820935,0,263.0,3.3000000000000003,4,2.391884918766034,7.13244787222995,7.631771981307285,190.31929939237406,15.41934359909122,14.813867890931721
15,3,0.5725513999350369,0,283.0,3.5500000000000003,2,2.391884918766034,7.13244787222995,7.631771981307285,190.31929939237406,15.41934359909122,14.813867890931721
15,19,0.42180559993721545,0,239.0,3.0,0,2.391884918766034,7.13244787222995,7.631771981307285,190.31929939237406,15.41934359909122,14.813867890931721
15,18,0.7928901000414044,0,291.0,3.6500000000000004,0,2.391884918766034,7.13244787222995,7.631771981307285,190.31929939237406,15.41934359909122,14.813867890931721
15,2,0.8469706999603659,0,259.0,3.25,6,2.391884918766034,7.13244787222995,7.631771981307285,190.31929939237406,15.41934359909122,14.813867890931721
15,1,0.9273343000095338,0,243.0,3.0500000000000003,3,2.391884918766034,7.13244787222995,7.631771981307285,190.31929939237406,15.41934359909122,14.813867890931721
15,7,1.0607903999043629,0,279.0,3.5,4,2.391884918766034,7.13244787222995,7.631771981307285,190.31929939237406,15.41934359909122,14.813867890931721
15,9,1.1713321000570431,0,247.0,3.1,0,2.391884918766034,7.13244787222995,7.631771981307285,190.31929939237406,15.41934359909122,14.813867890931721
15,12,1.289930499973707,0,287.0,3.6,1,2.391884918766034,7.13244787222995,7.631771981307285,190.31929939237406,15.41934359909122,14.813867890931721
15,15,1.2933113999897614,0,259.0,3.25,9,2.391884918766034,7.13244787222995,7.631771981307285,190.31929939237406,15.41934359909122,14.813867890931721
15,17,1.2889833999797702,0,323.0,4.05,0,2.391884918766034,7.13244787222995,7.631771981307285,190.31929939237406,15.41934359909122,14.813867890931721
15,8,1.4460078000556678,0,359.0,4.5,4,2.391884918766034,7.13244787222995,7.631771981307285,190.31929939237406,15.41934359909122,14.813867890931721
15,6,1.7149877999909222,0,299.0,3.75,6,2.391884918766034,7.13244787222995,7.631771981307285,190.31929939237406,15.41934359909122,14.813867890931721
15,4,1.7754308000439778,0,263.0,3.3000000000000003,13,2.391884918766034,7.13244787222995,7.631771981307285,190.31929939237406,15.41934359909122,14.813867890931721
15,22,1.1975385000696406,0,575.0,7.2,0,2.391884918766034,7.13244787222995,7.631771981307285,190.31929939237406,15.41934359909122,14.813867890931721
15,25,1.091606399975717,0,275.0,3.45,2,2.391884918766034,7.13244787222995,7.631771981307285,190.31929939237406,15.41934359909122,14.813867890931721
15,11,2.033678099978715,0,315.0,3.95,11,2.391884918766034,7.13244787222995,7.631771981307285,190.31929939237406,15.41934359909122,14.813867890931721
15,13,2.0473296000855044,0,471.0,5.9,1,2.391884918766034,7.13244787222995,7.631771981307285,190.31929939237406,15.41934359909122,14.813867890931721
15,23,1.2604416999965906,0,277.0,3.5,0,2.391884918766034,7.13244787222995,7.631771981307285,190.31929939237406,15.41934359909122,14.813867890931721
15,28,0.8175300000002608,0,299.0,3.75,4,2.391884918766034,7.13244787222995,7.631771981307285,190.31929939237406,15.41934359909122,14.813867890931721
15,20,1.5935985000105575,0,283.0,3.5500000000000003,0,2.391884918766034,7.13244787222995,7.631771981307285,190.31929939237406,15.41934359909122,14.813867890931721
15,26,1.3028995000058785,0,247.0,3.1,7,2.391884918766034,7.13244787222995,7.631771981307285,190.31929939237406,15.41934359909122,14.813867890931721
15,16,2.665679799974896,0,338.0,4.25,0,2.391884918766034,7.13244787222995,7.631771981307285,190.31929939237406,15.41934359909122,14.813867890931721
15,10,2.6736650000093505,0,347.0,4.3500000000000005,1,2.391884918766034,7.13244787222995,7.631771981307285,190.31929939237406,15.41934359909122,14.813867890931721
15,14,2.738169200019911,0,483.0,6.050000000000001,5,2.391884918766034,7.13244787222995,7.631771981307285,190.31929939237406,15.41934359909122,14.813867890931721
15,29,1.5146395000629127,0,299.0,3.75,11,2.391884918766034,7.13244787222995,7.631771981307285,190.31929939237406,15.41934359909122,14.813867890931721
15,27,1.7014338999288157,0,331.0,4.15,2,2.391884918766034,7.13244787222995,7.631771981307285,190.31929939237406,15.41934359909122,14.813867890931721
15,24,2.6341534999664873,0,436.0,5.5,0,2.391884918766034,7.13244787222995,7.631771981307285,190.31929939237406,15.41934359909122,14.813867890931721
15,21,3.257914499961771,0,415.0,5.2,11,2.391884918766034,7.13244787222995,7.631771981307285,190.31929939237406,15.41934359909122,14.813867890931721
16,5,0.16920929995831102,0,255.0,3.2,0,10.454656587639882,4.275410183585496,0.35164935476654235,76.97285674832611,0.628583713734685,19.092312337913413
16,3,0.6570858000777662,0,283.0,3.5500000000000003,2,10.454656587639882,4.275410183585496,0.35164935476654235,76.97285674832611,0.628583713734685,19.092312337913413
16,19,0.6139017000095919,0,243.0,3.0500000000000003,4,10.454656587639882,4.275410183585496,0.35164935476654235,76.97285674832611,0.628583713734685,19.092312337913413
16,1,0.8865001000231132,0,243.0,3.0500000000000003,3,10.454656587639882,4.275410183585496,0.35164935476654235,76.97285674832611,0.628583713734685,19.092312337913413
16,2,1.0135762999998406,0,259.0,3.25,6,10.454656587639882,4.275410183585496,0.35164935476654235,76.97285674832611,0.628583713734685,19.092312337913413
16,20,0.38318720005918294,0,215.0,2.7,0,10.454656587639882,4.275410183585496,0.35164935476654235,76.97285674832611,0.628583713734685,19.092312337913413
16,9,1.1977110999869183,0,255.0,3.2,2,10.454656587639882,4.275410183585496,0.35164935476654235,76.97285674832611,0.628583713734685,19.092312337913413
16,17,1.2873918999684975,0,323.0,4.05,1,10.454656587639882,4.275410183585496,0.35164935476654235,76.97285674832611,0.628583713734685,19.092312337913413
16,7,1.3412803000537679,0,279.0,3.5,8,10.454656587639882,4.275410183585496,0.35164935476654235,76.97285674832611,0.628583713734685,19.092312337913413
16,14,1.4478515000082552,0,311.0,3.9000000000000004,5,10.454656587639882,4.275410183585496,0.35164935476654235,76.97285674832611,0.628583713734685,19.092312337913413
16,18,1.4851260998984799,0,299.0,3.75,4,10.454656587639882,4.275410183585496,0.35164935476654235,76.97285674832611,0.628583713734685,19.092312337913413
16,12,1.5803666999563575,0,295.0,3.7,11,10.454656587639882,4.275410183585496,0.35164935476654235,76.97285674832611,0.628583713734685,19.092312337913413
16,0,1.9127051000250503,0,307.0,3.85,4,10.454656587639882,4.275410183585496,0.35164935476654235,76.97285674832611,0.628583713734685,19.092312337913413
16,4,1.9137702999869362,0,255.0,3.2,11,10.454656587639882,4.275410183585496,0.35164935476654235,76.97285674832611,0.628583713734685,19.092312337913413
16,15,1.9475590999936685,0,263.0,3.3000000000000003,13,10.454656587639882,4.275410183585496,0.35164935476654235,76.97285674832611,0.628583713734685,19.092312337913413
16,25,0.7380861999699846,0,263.0,3.3000000000000003,2,10.454656587639882,4.275410183585496,0.35164935476654235,76.97285674832611,0.628583713734685,19.092312337913413
16,11,2.017115500057116,0,287.0,3.6,14,10.454656587639882,4.275410183585496,0.35164935476654235,76.97285674832611,0.628583713734685,19.092312337913413
16,6,2.1059366000117734,0,279.0,3.5,13,10.454656587639882,4.275410183585496,0.35164935476654235,76.97285674832611,0.628583713734685,19.092312337913413
16,22,1.4068466000026092,0,579.0,7.25,4,10.454656587639882,4.275410183585496,0.35164935476654235,76.97285674832611,0.628583713734685,19.092312337913413
16,28,0.9504582999506965,0,307.0,3.85,5,10.454656587639882,4.275410183585496,0.35164935476654235,76.97285674832611,0.628583713734685,19.092312337913413
16,10,2.4975662000942975,0,291.0,3.6500000000000004,9,10.454656587639882,4.275410183585496,0.35164935476654235,76.97285674832611,0.628583713734685,19.092312337913413
16,21,1.7824788000434637,0,251.0,3.1500000000000004,11,10.454656587639882,4.275410183585496,0.35164935476654235,76.97285674832611,0.628583713734685,19.092312337913413
16,24,1.581194099970162,0,354.0,4.5,2,10.454656587639882,4.275410183585496,0.35164935476654235,76.97285674832611,0.628583713734685,19.092312337913413
16,27,1.3649581000208855,0,307.0,3.85,2,10.454656587639882,4.275410183585496,0.35164935476654235,76.97285674832611,0.628583713734685,19.092312337913413
16,29,1.246181400027126,0,283.0,3.5500000000000003,13,10.454656587639882,4.275410183585496,0.35164935476654235,76.97285674832611,0.628583713734685,19.092312337913413
16,13,2.9732037000358105,0,507.0,6.3500000000000005,17,10.454656587639882,4.275410183585496,0.35164935476654235,76.97285674832611,0.628583713734685,19.092312337913413
16,26,1.8354850999312475,0,275.0,3.45,15,10.454656587639882,4.275410183585496,0.35164935476654235,76.97285674832611,0.628583713734685,19.092312337913413
16,16,3.267814700026065,0,345.0,4.5,6,10.454656587639882,4.275410183585496,0.35164935476654235,76.97285674832611,0.628583713734685,19.092312337913413
16,23,2.367817800026387,0,370.0,4.800000000000001,9,10.454656587639882,4.275410183585496,0.35164935476654235,76.97285674832611,0.628583713734685,19.092312337913413
16,8,32.11490219994448,1,5001.0,70.9,20,10.454656587639882,4.275410183585496,0.35164935476654235,76.97285674832611,0.628583713734685,19.092312337913413
17,5,0.1768827000632882,0,255.0,3.2,0,6.287119621526534,5.085706911647028,9.084908091868321,112.32305728721875,8.207658460712594,22.666534156291462
17,19,0.38139719993341714,0,239.0,3.0,0,6.287119621526534,5.085706911647028,9.084908091868321,112.32305728721875,8.207658460712594,22.666534156291462
17,0,0.5847799999173731,0,263.0,3.3000000000000003,4,6.287119621526534,5.085706911647028,9.084908091868321,112.32305728721875,8.207658460712594,22.666534156291462
17,3,0.5942012999439612,0,283.0,3.5500000000000003,2,6.287119621526534,5.085706911647028,9.084908091868321,112.32305728721875,8.207658460712594,22.666534156291462
17,18,0.7814368000254035,0,291.0,3.6500000000000004,0,6.287119621526534,5.085706911647028,9.084908091868321,112.32305728721875,8.207658460712594,22.666534156291462
17,2,0.8410759000107646,0,259.0,3.25,6,6.287119621526534,5.085706911647028,9.084908091868321,112.32305728721875,8.207658460712594,22.666534156291462
17,1,0.8955416999524459,0,243.0,3.0500000000000003,3,6.287119621526534,5.085706911647028,9.084908091868321,112.32305728721875,8.207658460712594,22.666534156291462
17,7,1.0740680999588221,0,279.0,3.5,4,6.287119621526534,5.085706911647028,9.084908091868321,112.32305728721875,8.207658460712594,22.666534156291462
17,9,1.3129174000350758,0,247.0,3.1,0,6.287119621526534,5.085706911647028,9.084908091868321,112.32305728721875,8.207658460712594,22.666534156291462
17,17,1.317132700001821,0,323.0,4.05,0,6.287119621526534,5.085706911647028,9.084908091868321,112.32305728721875,8.207658460712594,22.666534156291462
17,14,1.382619799929671,0,311.0,3.9000000000000004,4,6.287119621526534,5.085706911647028,9.084908091868321,112.32305728721875,8.207658460712594,22.666534156291462
17,12,1.422731600003317,0,295.0,3.7,6,6.287119621526534,5.085706911647028,9.084908091868321,112.32305728721875,8.207658460712594,22.666534156291462
17,11,1.44359300006181,0,275.0,3.45,11,6.287119621526534,5.085706911647028,9.084908091868321,112.32305728721875,8.207658460712594,22.666534156291462
17,15,1.5616588999982923,0,255.0,3.2,9,6.287119621526534,5.085706911647028,9.084908091868321,112.32305728721875,8.207658460712594,22.666534156291462
17,23,0.9105696999467909,0,251.0,3.1500000000000004,0,6.287119621526534,5.085706911647028,9.084908091868321,112.32305728721875,8.207658460712594,22.666534156291462
17,4,1.791964799980633,0,263.0,3.3000000000000003,13,6.287119621526534,5.085706911647028,9.084908091868321,112.32305728721875,8.207658460712594,22.666534156291462
17,8,1.9182478999719024,0,287.0,3.6,10,6.287119621526534,5.085706911647028,9.084908091868321,112.32305728721875,8.207658460712594,22.666534156291462
17,6,1.938108199974522,0,311.0,3.9000000000000004,6,6.287119621526534,5.085706911647028,9.084908091868321,112.32305728721875,8.207658460712594,22.666534156291462
17,22,1.402070099953562,0,571.0,7.15,7,6.287119621526534,5.085706911647028,9.084908091868321,112.32305728721875,8.207658460712594,22.666534156291462
17,25,1.1340160999679938,0,275.0,3.45,2,6.287119621526534,5.085706911647028,9.084908091868321,112.32305728721875,8.207658460712594,22.666534156291462
17,28,0.7882070000050589,0,299.0,3.75,4,6.287119621526534,5.085706911647028,9.084908091868321,112.32305728721875,8.207658460712594,22.666534156291462
17,13,2.314533600001596,0,483.0,6.050000000000001,9,6.287119621526534,5.085706911647028,9.084908091868321,112.32305728721875,8.207658460712594,22.666534156291462
17,10,2.3259616000577807,0,303.0,3.8000000000000003,6,6.287119621526534,5.085706911647028,9.084908091868321,112.32305728721875,8.207658460712594,22.666534156291462
17,26,1.4061020999215543,0,247.0,3.1,7,6.287119621526534,5.085706911647028,9.084908091868321,112.32305728721875,8.207658460712594,22.666534156291462
17,16,2.6584702000254765,0,338.0,4.25,0,6.287119621526534,5.085706911647028,9.084908091868321,112.32305728721875,8.207658460712594,22.666534156291462
17,27,1.567355400067754,0,331.0,4.15,2,6.287119621526534,5.085706911647028,9.084908091868321,112.32305728721875,8.207658460712594,22.666534156291462
17,29,1.5282280999235809,0,299.0,3.75,14,6.287119621526534,5.085706911647028,9.084908091868321,112.32305728721875,8.207658460712594,22.666534156291462
17,24,2.347408700035885,0,419.0,5.300000000000001,0,6.287119621526534,5.085706911647028,9.084908091868321,112.32305728721875,8.207658460712594,22.666534156291462
17,21,3.2594194000121206,0,415.0,5.2,11,6.287119621526534,5.085706911647028,9.084908091868321,112.32305728721875,8.207658460712594,22.666534156291462
17,20,35.321381099987775,1,5000.0,70.95,0,6.287119621526534,5.085706911647028,9.084908091868321,112.32305728721875,8.207658460712594,22.666534156291462
18,5,0.17923390003852546,0,255.0,3.2,0,4.575963309832449,0.7697990982879299,2.9685393838463034,90.30532181350111,18.59395304685146,24.243611386932507
18,0,0.5823589999927208,0,263.0,3.3000000000000003,4,4.575963309832449,0.7697990982879299,2.9685393838463034,90.30532181350111,18.59395304685146,24.243611386932507
18,3,0.5876571000553668,0,283.0,3.5500000000000003,2,4.575963309832449,0.7697990982879299,2.9685393838463034,90.30532181350111,18.59395304685146,24.243611386932507
18,19,0.49171009997371584,0,239.0,3.0,0,4.575963309832449,0.7697990982879299,2.9685393838463034,90.30532181350111,18.59395304685146,24.243611386932507
18,1,0.8162656000349671,0,243.0,3.0500000000000003,3,4.575963309832449,0.7697990982879299,2.9685393838463034,90.30532181350111,18.59395304685146,24.243611386932507
18,2,0.8861714000813663,0,259.0,3.25,6,4.575963309832449,0.7697990982879299,2.9685393838463034,90.30532181350111,18.59395304685146,24.243611386932507
18,7,0.9310995999258012,0,271.0,3.4000000000000004,4,4.575963309832449,0.7697990982879299,2.9685393838463034,90.30532181350111,18.59395304685146,24.243611386932507
18,11,1.1729354000417516,0,283.0,3.5500000000000003,8,4.575963309832449,0.7697990982879299,2.9685393838463034,90.30532181350111,18.59395304685146,24.243611386932507
18,9,1.2226792000001296,0,247.0,3.1,0,4.575963309832449,0.7697990982879299,2.9685393838463034,90.30532181350111,18.59395304685146,24.243611386932507
18,17,1.3139866999117658,0,323.0,4.05,1,4.575963309832449,0.7697990982879299,2.9685393838463034,90.30532181350111,18.59395304685146,24.243611386932507
18,18,1.6837689999956638,0,307.0,3.85,2,4.575963309832449,0.7697990982879299,2.9685393838463034,90.30532181350111,18.59395304685146,24.243611386932507
18,8,1.7841050999704748,0,363.0,4.55,13,4.575963309832449,0.7697990982879299,2.9685393838463034,90.30532181350111,18.59395304685146,24.243611386932507
18,23,0.9687685000244528,0,246.0,3.1,4,4.575963309832449,0.7697990982879299,2.9685393838463034,90.30532181350111,18.59395304685146,24.243611386932507
18,25,0.9206912000663579,0,267.0,3.35,0,4.575963309832449,0.7697990982879299,2.9685393838463034,90.30532181350111,18.59395304685146,24.243611386932507
18,4,1.9437405999051407,0,259.0,3.25,13,4.575963309832449,0.7697990982879299,2.9685393838463034,90.30532181350111,18.59395304685146,24.243611386932507
18,22,1.3033076000865549,0,579.0,7.25,7,4.575963309832449,0.7697990982879299,2.9685393838463034,90.30532181350111,18.59395304685146,24.243611386932507
18,10,2.0305342000210658,0,279.0,3.5,9,4.575963309832449,0.7697990982879299,2.9685393838463034,90.30532181350111,18.59395304685146,24.243611386932507
18,15,2.2182424999773502,0,339.0,4.25,10,4.575963309832449,0.7697990982879299,2.9685393838463034,90.30532181350111,18.59395304685146,24.243611386932507
18,28,0.8976471000351012,0,299.0,3.75,4,4.575963309832449,0.7697990982879299,2.9685393838463034,90.30532181350111,18.59395304685146,24.243611386932507
18,21,1.7509913999820128,0,263.0,3.3000000000000003,8,4.575963309832449,0.7697990982879299,2.9685393838463034,90.30532181350111,18.59395304685146,24.243611386932507
18,26,1.2633450999855995,0,243.0,3.0500000000000003,7,4.575963309832449,0.7697990982879299,2.9685393838463034,90.30532181350111,18.59395304685146,24.243611386932507
18,13,2.6245404999936,0,735.0,9.200000000000001,9,4.575963309832449,0.7697990982879299,2.9685393838463034,90.30532181350111,18.59395304685146,24.243611386932507
18,14,2.6609092000871897,0,467.0,5.8500000000000005,10,4.575963309832449,0.7697990982879299,2.9685393838463034,90.30532181350111,18.59395304685146,24.243611386932507
18,12,2.733646900043823,0,487.0,6.1000000000000005,10,4.575963309832449,0.7697990982879299,2.9685393838463034,90.30532181350111,18.59395304685146,24.243611386932507
18,24,1.8633787999860942,0,355.0,4.45,0,4.575963309832449,0.7697990982879299,2.9685393838463034,90.30532181350111,18.59395304685146,24.243611386932507
18,29,1.1129332999698818,0,267.0,3.35,10,4.575963309832449,0.7697990982879299,2.9685393838463034,90.30532181350111,18.59395304685146,24.243611386932507
18,6,2.8326493999920785,0,367.0,4.6000000000000005,6,4.575963309832449,0.7697990982879299,2.9685393838463034,90.30532181350111,18.59395304685146,24.243611386932507
18,16,2.9318466000258923,0,328.0,4.2,6,4.575963309832449,0.7697990982879299,2.9685393838463034,90.30532181350111,18.59395304685146,24.243611386932507
18,27,1.766428199945949,0,331.0,4.15,2,4.575963309832449,0.7697990982879299,2.9685393838463034,90.30532181350111,18.59395304685146,24.243611386932507
18,20,35.23277070000768,1,5001.0,70.95,0,4.575963309832449,0.7697990982879299,2.9685393838463034,90.30532181350111,18.59395304685146,24.243611386932507
19,5,0.17770689993631095,0,255.0,3.2,0,12.66807513020847,8.714605901877178,8.056353561301233,96.64251472150896,17.851179969799556,16.18026725746952
19,0,0.5579716999782249,0,263.0,3.3000000000000003,4,12.66807513020847,8.714605901877178,8.056353561301233,96.64251472150896,17.851179969799556,16.18026725746952
19,19,0.4047638999763876,0,239.0,3.0,0,12.66807513020847,8.714605901877178,8.056353561301233,96.64251472150896,17.851179969799556,16.18026725746952
19,1,0.853675700025633,0,243.0,3.0500000000000003,3,12.66807513020847,8.714605901877178,8.056353561301233,96.64251472150896,17.851179969799556,16.18026725746952
19,2,0.8605363999959081,0,259.0,3.25,6,12.66807513020847,8.714605901877178,8.056353561301233,96.64251472150896,17.851179969799556,16.18026725746952
19,3,0.8739248999627307,0,283.0,3.5500000000000003,2,12.66807513020847,8.714605901877178,8.056353561301233,96.64251472150896,17.851179969799556,16.18026725746952
19,9,1.0699260999681428,0,255.0,3.2,2,12.66807513020847,8.714605901877178,8.056353561301233,96.64251472150896,17.851179969799556,16.18026725746952
19,7,1.1032238999614492,0,279.0,3.5,8,12.66807513020847,8.714605901877178,8.056353561301233,96.64251472150896,17.851179969799556,16.18026725746952
19,15,1.098059199983254,0,259.0,3.25,9,12.66807513020847,8.714605901877178,8.056353561301233,96.64251472150896,17.851179969799556,16.18026725746952
19,17,1.2443449998972937,0,323.0,4.05,1,12.66807513020847,8.714605901877178,8.056353561301233,96.64251472150896,17.851179969799556,16.18026725746952
19,11,1.4452949999831617,0,275.0,3.45,11,12.66807513020847,8.714605901877178,8.056353561301233,96.64251472150896,17.851179969799556,16.18026725746952
19,6,1.4719028000254184,0,287.0,3.6,6,12.66807513020847,8.714605901877178,8.056353561301233,96.64251472150896,17.851179969799556,16.18026725746952
19,18,1.5440931000048295,0,307.0,3.85,2,12.66807513020847,8.714605901877178,8.056353561301233,96.64251472150896,17.851179969799556,16.18026725746952
19,23,0.7972566999960691,0,231.0,2.9000000000000004,0,12.66807513020847,8.714605901877178,8.056353561301233,96.64251472150896,17.851179969799556,16.18026725746952
19,12,1.7071737999795005,0,307.0,3.85,11,12.66807513020847,8.714605901877178,8.056353561301233,96.64251472150896,17.851179969799556,16.18026725746952
19,14,1.8090278001036495,0,319.0,4.0,5,12.66807513020847,8.714605901877178,8.056353561301233,96.64251472150896,17.851179969799556,16.18026725746952
19,8,1.8926627000328153,0,363.0,4.55,13,12.66807513020847,8.714605901877178,8.056353561301233,96.64251472150896,17.851179969799556,16.18026725746952
19,10,1.9021397000178695,0,275.0,3.45,9,12.66807513020847,8.714605901877178,8.056353561301233,96.64251472150896,17.851179969799556,16.18026725746952
19,20,1.561387199908495,0,275.0,3.45,0,12.66807513020847,8.714605901877178,8.056353561301233,96.64251472150896,17.851179969799556,16.18026725746952
19,25,1.0506733999354765,0,279.0,3.5,2,12.66807513020847,8.714605901877178,8.056353561301233,96.64251472150896,17.851179969799556,16.18026725746952
19,28,0.8992161999922246,0,299.0,3.75,4,12.66807513020847,8.714605901877178,8.056353561301233,96.64251472150896,17.851179969799556,16.18026725746952
19,22,1.3737094000680372,0,579.0,7.25,4,12.66807513020847,8.714605901877178,8.056353561301233,96.64251472150896,17.851179969799556,16.18026725746952
19,13,2.312018599943258,0,483.0,6.050000000000001,9,12.66807513020847,8.714605901877178,8.056353561301233,96.64251472150896,17.851179969799556,16.18026725746952
19,16,2.4833835000172257,0,277.0,3.5500000000000003,6,12.66807513020847,8.714605901877178,8.056353561301233,96.64251472150896,17.851179969799556,16.18026725746952
19,26,1.505854899995029,0,259.0,3.25,10,12.66807513020847,8.714605901877178,8.056353561301233,96.64251472150896,17.851179969799556,16.18026725746952
19,21,2.089503000024706,0,291.0,3.6500000000000004,13,12.66807513020847,8.714605901877178,8.056353561301233,96.64251472150896,17.851179969799556,16.18026725746952
19,24,1.8963824999518692,0,370.0,4.65,0,12.66807513020847,8.714605901877178,8.056353561301233,96.64251472150896,17.851179969799556,16.18026725746952
19,27,1.7060547000728548,0,331.0,4.15,2,12.66807513020847,8.714605901877178,8.056353561301233,96.64251472150896,17.851179969799556,16.18026725746952
19,29,1.583117000060156,0,291.0,3.6500000000000004,14,12.66807513020847,8.714605901877178,8.056353561301233,96.64251472150896,17.851179969799556,16.18026725746952
19,4,49.45342809997965,1,5001.0,68.15,13,12.66807513020847,8.714605901877178,8.056353561301233,96.64251472150896,17.851179969799556,16.18026725746952
20,5,0.1710143000818789,0,255.0,3.2,0,16.14880310328125,8.960912999234932,3.2482344022214527,77.51298113191919,4.558703250838834,12.81323365878769
20,3,0.6819937000982463,0,283.0,3.5500000000000003,2,16.14880310328125,8.960912999234932,3.2482344022214527,77.51298113191919,4.558703250838834,12.81323365878769
20,19,0.5896037999773398,0,243.0,3.0500000000000003,4,16.14880310328125,8.960912999234932,3.2482344022214527,77.51298113191919,4.558703250838834,12.81323365878769
20,1,0.9226783000631258,0,243.0,3.0500000000000003,3,16.14880310328125,8.960912999234932,3.2482344022214527,77.51298113191919,4.558703250838834,12.81323365878769
20,2,0.9604599000886083,0,259.0,3.25,6,16.14880310328125,8.960912999234932,3.2482344022214527,77.51298113191919,4.558703250838834,12.81323365878769
20,15,1.1269847999792546,0,259.0,3.25,9,16.14880310328125,8.960912999234932,3.2482344022214527,77.51298113191919,4.558703250838834,12.81323365878769
20,0,1.2206493000267074,0,299.0,3.75,13,16.14880310328125,8.960912999234932,3.2482344022214527,77.51298113191919,4.558703250838834,12.81323365878769
20,7,1.2364420999074355,0,279.0,3.5,8,16.14880310328125,8.960912999234932,3.2482344022214527,77.51298113191919,4.558703250838834,12.81323365878769
20,17,1.4238751999801025,0,323.0,4.05,1,16.14880310328125,8.960912999234932,3.2482344022214527,77.51298113191919,4.558703250838834,12.81323365878769
20,18,1.7119776000035927,0,307.0,3.85,4,16.14880310328125,8.960912999234932,3.2482344022214527,77.51298113191919,4.558703250838834,12.81323365878769
20,12,1.820064700092189,0,307.0,3.85,8,16.14880310328125,8.960912999234932,3.2482344022214527,77.51298113191919,4.558703250838834,12.81323365878769
20,14,1.8303659999510273,0,319.0,4.0,5,16.14880310328125,8.960912999234932,3.2482344022214527,77.51298113191919,4.558703250838834,12.81323365878769
20,6,1.843725600047037,0,263.0,3.3000000000000003,8,16.14880310328125,8.960912999234932,3.2482344022214527,77.51298113191919,4.558703250838834,12.81323365878769
20,4,1.8730205999454483,0,251.0,3.1500000000000004,11,16.14880310328125,8.960912999234932,3.2482344022214527,77.51298113191919,4.558703250838834,12.81323365878769
20,25,0.7043618999887258,0,263.0,3.3000000000000003,2,16.14880310328125,8.960912999234932,3.2482344022214527,77.51298113191919,4.558703250838834,12.81323365878769
20,16,2.0302312000421807,0,268.0,3.4000000000000004,6,16.14880310328125,8.960912999234932,3.2482344022214527,77.51298113191919,4.558703250838834,12.81323365878769
20,23,1.0919051999226213,0,243.0,3.0500000000000003,5,16.14880310328125,8.960912999234932,3.2482344022214527,77.51298113191919,4.558703250838834,12.81323365878769
20,22,1.5316914999857545,0,579.0,7.25,9,16.14880310328125,8.960912999234932,3.2482344022214527,77.51298113191919,4.558703250838834,12.81323365878769
20,24,1.3340299000265077,0,329.0,4.15,2,16.14880310328125,8.960912999234932,3.2482344022214527,77.51298113191919,4.558703250838834,12.81323365878769
20,10,2.5305263999616727,0,279.0,3.5,10,16.14880310328125,8.960912999234932,3.2482344022214527,77.51298113191919,4.558703250838834,12.81323365878769
20,11,2.6107463999651372,0,307.0,3.85,13,16.14880310328125,8.960912999234932,3.2482344022214527,77.51298113191919,4.558703250838834,12.81323365878769
20,28,1.0849814999382943,0,307.0,3.85,5,16.14880310328125,8.960912999234932,3.2482344022214527,77.51298113191919,4.558703250838834,12.81323365878769
20,9,2.9565317999804392,0,279.0,3.5,16,16.14880310328125,8.960912999234932,3.2482344022214527,77.51298113191919,4.558703250838834,12.81323365878769
20,26,1.9119474000763148,0,259.0,3.25,10,16.14880310328125,8.960912999234932,3.2482344022214527,77.51298113191919,4.558703250838834,12.81323365878769
20,29,1.3721016000490636,0,283.0,3.5500000000000003,13,16.14880310328125,8.960912999234932,3.2482344022214527,77.51298113191919,4.558703250838834,12.81323365878769
20,8,3.2030639000004157,0,347.0,4.3500000000000005,18,16.14880310328125,8.960912999234932,3.2482344022214527,77.51298113191919,4.558703250838834,12.81323365878769
20,21,2.513432600069791,0,247.0,3.1,15,16.14880310328125,8.960912999234932,3.2482344022214527,77.51298113191919,4.558703250838834,12.81323365878769
20,13,3.278501700027846,0,507.0,6.3500000000000005,17,16.14880310328125,8.960912999234932,3.2482344022214527,77.51298113191919,4.558703250838834,12.81323365878769
20,27,2.1182062999578193,0,347.0,4.3500000000000005,7,16.14880310328125,8.960912999234932,3.2482344022214527,77.51298113191919,4.558703250838834,12.81323365878769
20,20,3.1134766000322998,0,340.0,4.4,2,16.14880310328125,8.960912999234932,3.2482344022214527,77.51298113191919,4.558703250838834,12.81323365878769
21,5,0.19624670001212507,0,255.0,3.2,0,16.36029531844986,8.607305832563434,0.16882609225878797,177.68682564439143,8.34822006297558,6.663234314121907
21,3,0.7062194000463933,0,287.0,3.6,2,16.36029531844986,8.607305832563434,0.16882609225878797,177.68682564439143,8.34822006297558,6.663234314121907
21,19,0.6998366999905556,0,247.0,3.1,4,16.36029531844986,8.607305832563434,0.16882609225878797,177.68682564439143,8.34822006297558,6.663234314121907
21,17,1.3092706999741495,0,323.0,4.05,1,16.36029531844986,8.607305832563434,0.16882609225878797,177.68682564439143,8.34822006297558,6.663234314121907
21,7,1.5330635999562219,0,291.0,3.6500000000000004,7,16.36029531844986,8.607305832563434,0.16882609225878797,177.68682564439143,8.34822006297558,6.663234314121907
21,14,1.5452564000152051,0,311.0,3.9000000000000004,5,16.36029531844986,8.607305832563434,0.16882609225878797,177.68682564439143,8.34822006297558,6.663234314121907
21,4,1.7134962000418454,0,259.0,3.25,7,16.36029531844986,8.607305832563434,0.16882609225878797,177.68682564439143,8.34822006297558,6.663234314121907
21,2,1.8268265000078827,0,287.0,3.6,10,16.36029531844986,8.607305832563434,0.16882609225878797,177.68682564439143,8.34822006297558,6.663234314121907
21,1,1.8710500999586657,0,291.0,3.6500000000000004,5,16.36029531844986,8.607305832563434,0.16882609225878797,177.68682564439143,8.34822006297558,6.663234314121907
21,6,2.1221529999747872,0,263.0,3.3000000000000003,15,16.36029531844986,8.607305832563434,0.16882609225878797,177.68682564439143,8.34822006297558,6.663234314121907
21,18,2.1620390000753105,0,335.0,4.2,4,16.36029531844986,8.607305832563434,0.16882609225878797,177.68682564439143,8.34822006297558,6.663234314121907
21,15,2.170469700009562,0,267.0,3.35,13,16.36029531844986,8.607305832563434,0.16882609225878797,177.68682564439143,8.34822006297558,6.663234314121907
21,11,2.179204999934882,0,287.0,3.6,11,16.36029531844986,8.607305832563434,0.16882609225878797,177.68682564439143,8.34822006297558,6.663234314121907
21,12,2.285656400024891,0,311.0,3.9000000000000004,13,16.36029531844986,8.607305832563434,0.16882609225878797,177.68682564439143,8.34822006297558,6.663234314121907
21,20,1.7000872999196872,0,245.0,3.1,2,16.36029531844986,8.607305832563434,0.16882609225878797,177.68682564439143,8.34822006297558,6.663234314121907
21,0,2.5458057000068948,0,371.0,4.65,16,16.36029531844986,8.607305832563434,0.16882609225878797,177.68682564439143,8.34822006297558,6.663234314121907
21,22,1.3254942999919876,0,579.0,7.25,7,16.36029531844986,8.607305832563434,0.16882609225878797,177.68682564439143,8.34822006297558,6.663234314121907
21,25,1.4109747000038624,0,351.0,4.4,0,16.36029531844986,8.607305832563434,0.16882609225878797,177.68682564439143,8.34822006297558,6.663234314121907
21,28,1.029897200060077,0,299.0,3.75,5,16.36029531844986,8.607305832563434,0.16882609225878797,177.68682564439143,8.34822006297558,6.663234314121907
21,23,1.6558234000112861,0,279.0,3.5500000000000003,9,16.36029531844986,8.607305832563434,0.16882609225878797,177.68682564439143,8.34822006297558,6.663234314121907
21,27,1.3689476000145078,0,299.0,3.75,5,16.36029531844986,8.607305832563434,0.16882609225878797,177.68682564439143,8.34822006297558,6.663234314121907
21,10,3.3332833000458777,0,347.0,4.3500000000000005,14,16.36029531844986,8.607305832563434,0.16882609225878797,177.68682564439143,8.34822006297558,6.663234314121907
21,13,3.3446283999364823,0,503.0,6.300000000000001,14,16.36029531844986,8.607305832563434,0.16882609225878797,177.68682564439143,8.34822006297558,6.663234314121907
21,21,2.5401273999596015,0,259.0,3.25,12,16.36029531844986,8.607305832563434,0.16882609225878797,177.68682564439143,8.34822006297558,6.663234314121907
21,24,2.045817599981092,0,350.0,4.45,2,16.36029531844986,8.607305832563434,0.16882609225878797,177.68682564439143,8.34822006297558,6.663234314121907
21,29,1.430757199996151,0,283.0,3.5500000000000003,13,16.36029531844986,8.607305832563434,0.16882609225878797,177.68682564439143,8.34822006297558,6.663234314121907
21,9,3.6335582999745384,0,331.0,4.15,17,16.36029531844986,8.607305832563434,0.16882609225878797,177.68682564439143,8.34822006297558,6.663234314121907
21,16,3.8793761000270024,0,343.0,4.4,9,16.36029531844986,8.607305832563434,0.16882609225878797,177.68682564439143,8.34822006297558,6.663234314121907
21,26,2.1073757000267506,0,271.0,3.4000000000000004,9,16.36029531844986,8.607305832563434,0.16882609225878797,177.68682564439143,8.34822006297558,6.663234314121907
21,8,35.58070009993389,1,5001.0,70.85000000000001,17,16.36029531844986,8.607305832563434,0.16882609225878797,177.68682564439143,8.34822006297558,6.663234314121907
22,5,0.17559899995103478,0,255.0,3.2,0,2.397307346673656,3.3761517140362796,9.43480606873394,130.80073300518882,10.375812434867322,21.090568766855334
22,3,0.5850915999617428,0,283.0,3.5500000000000003,2,2.397307346673656,3.3761517140362796,9.43480606873394,130.80073300518882,10.375812434867322,21.090568766855334
22,19,0.41516519989818335,0,239.0,3.0,0,2.397307346673656,3.3761517140362796,9.43480606873394,130.80073300518882,10.375812434867322,21.090568766855334
22,18,0.8174644999671727,0,291.0,3.6500000000000004,0,2.397307346673656,3.3761517140362796,9.43480606873394,130.80073300518882,10.375812434867322,21.090568766855334
22,0,0.8418943999568,0,263.0,3.3000000000000003,4,2.397307346673656,3.3761517140362796,9.43480606873394,130.80073300518882,10.375812434867322,21.090568766855334
22,2,0.8957191000226885,0,259.0,3.25,6,2.397307346673656,3.3761517140362796,9.43480606873394,130.80073300518882,10.375812434867322,21.090568766855334
22,7,1.0991702999453992,0,287.0,3.6,0,2.397307346673656,3.3761517140362796,9.43480606873394,130.80073300518882,10.375812434867322,21.090568766855334
22,17,1.1167241999646649,0,323.0,4.05,0,2.397307346673656,3.3761517140362796,9.43480606873394,130.80073300518882,10.375812434867322,21.090568766855334
22,1,1.153796200058423,0,243.0,3.0500000000000003,3,2.397307346673656,3.3761517140362796,9.43480606873394,130.80073300518882,10.375812434867322,21.090568766855334
22,9,1.1753262999700382,0,247.0,3.1,0,2.397307346673656,3.3761517140362796,9.43480606873394,130.80073300518882,10.375812434867322,21.090568766855334
22,12,1.3517606999957934,0,287.0,3.6,1,2.397307346673656,3.3761517140362796,9.43480606873394,130.80073300518882,10.375812434867322,21.090568766855334
22,11,1.4191662999801338,0,275.0,3.45,11,2.397307346673656,3.3761517140362796,9.43480606873394,130.80073300518882,10.375812434867322,21.090568766855334
22,15,1.5563218999886885,0,251.0,3.1500000000000004,11,2.397307346673656,3.3761517140362796,9.43480606873394,130.80073300518882,10.375812434867322,21.090568766855334
22,6,1.5856693000532687,0,299.0,3.75,6,2.397307346673656,3.3761517140362796,9.43480606873394,130.80073300518882,10.375812434867322,21.090568766855334
22,8,1.6820859999861568,0,359.0,4.5,9,2.397307346673656,3.3761517140362796,9.43480606873394,130.80073300518882,10.375812434867322,21.090568766855334
22,23,0.9041198000777513,0,251.0,3.1500000000000004,0,2.397307346673656,3.3761517140362796,9.43480606873394,130.80073300518882,10.375812434867322,21.090568766855334
22,4,1.9426345000974834,0,263.0,3.3000000000000003,13,2.397307346673656,3.3761517140362796,9.43480606873394,130.80073300518882,10.375812434867322,21.090568766855334
22,13,2.100085499929264,0,471.0,5.9,1,2.397307346673656,3.3761517140362796,9.43480606873394,130.80073300518882,10.375812434867322,21.090568766855334
22,28,0.9544617999345064,0,299.0,3.75,4,2.397307346673656,3.3761517140362796,9.43480606873394,130.80073300518882,10.375812434867322,21.090568766855334
22,25,1.1478853999869898,0,275.0,3.45,2,2.397307346673656,3.3761517140362796,9.43480606873394,130.80073300518882,10.375812434867322,21.090568766855334
22,20,1.732659799978137,0,291.0,3.6500000000000004,0,2.397307346673656,3.3761517140362796,9.43480606873394,130.80073300518882,10.375812434867322,21.090568766855334
22,26,1.240009699948132,0,247.0,3.1,7,2.397307346673656,3.3761517140362796,9.43480606873394,130.80073300518882,10.375812434867322,21.090568766855334
22,10,2.545146399992518,0,307.0,3.85,1,2.397307346673656,3.3761517140362796,9.43480606873394,130.80073300518882,10.375812434867322,21.090568766855334
22,14,2.9140659999102354,0,483.0,6.050000000000001,10,2.397307346673656,3.3761517140362796,9.43480606873394,130.80073300518882,10.375812434867322,21.090568766855334
22,16,2.9566112000029534,0,345.0,4.3500000000000005,0,2.397307346673656,3.3761517140362796,9.43480606873394,130.80073300518882,10.375812434867322,21.090568766855334
22,27,1.8796974000288174,0,331.0,4.15,2,2.397307346673656,3.3761517140362796,9.43480606873394,130.80073300518882,10.375812434867322,21.090568766855334
22,24,2.564094299916178,0,419.0,5.300000000000001,0,2.397307346673656,3.3761517140362796,9.43480606873394,130.80073300518882,10.375812434867322,21.090568766855334
22,22,3.2689061999553815,0,715.0,8.950000000000001,0,2.397307346673656,3.3761517140362796,9.43480606873394,130.80073300518882,10.375812434867322,21.090568766855334
22,29,3.337425099918619,0,539.0,6.75,11,2.397307346673656,3.3761517140362796,9.43480606873394,130.80073300518882,10.375812434867322,21.090568766855334
22,21,18.89134800003376,0,3391.0,42.400000000000006,3,2.397307346673656,3.3761517140362796,9.43480606873394,130.80073300518882,10.375812434867322,21.090568766855334
23,5,0.18211080005858094,0,255.0,3.2,0,7.27259204758588,9.717820827209607,9.628228219926902,112.94557395634104,9.94497011784771,9.02634929450309
23,0,0.5616187000414357,0,263.0,3.3000000000000003,4,7.27259204758588,9.717820827209607,9.628228219926902,112.94557395634104,9.94497011784771,9.02634929450309
23,3,0.6065508000319824,0,283.0,3.5500000000000003,2,7.27259204758588,9.717820827209607,9.628228219926902,112.94557395634104,9.94497011784771,9.02634929450309
23,19,0.4352072000037879,0,239.0,3.0,0,7.27259204758588,9.717820827209607,9.628228219926902,112.94557395634104,9.94497011784771,9.02634929450309
23,18,0.8267542000394315,0,291.0,3.6500000000000004,0,7.27259204758588,9.717820827209607,9.628228219926902,112.94557395634104,9.94497011784771,9.02634929450309
23,2,0.8748809000244364,0,259.0,3.25,6,7.27259204758588,9.717820827209607,9.628228219926902,112.94557395634104,9.94497011784771,9.02634929450309
23,1,0.9811707999324426,0,243.0,3.0500000000000003,3,7.27259204758588,9.717820827209607,9.628228219926902,112.94557395634104,9.94497011784771,9.02634929450309
23,7,1.0424976999638602,0,283.0,3.5500000000000003,4,7.27259204758588,9.717820827209607,9.628228219926902,112.94557395634104,9.94497011784771,9.02634929450309
23,9,1.2004718999378383,0,255.0,3.2,2,7.27259204758588,9.717820827209607,9.628228219926902,112.94557395634104,9.94497011784771,9.02634929450309
23,17,1.228603900060989,0,323.0,4.05,0,7.27259204758588,9.717820827209607,9.628228219926902,112.94557395634104,9.94497011784771,9.02634929450309
23,12,1.436567800003104,0,283.0,3.5500000000000003,9,7.27259204758588,9.717820827209607,9.628228219926902,112.94557395634104,9.94497011784771,9.02634929450309
23,14,1.4559346999740228,0,311.0,3.9000000000000004,4,7.27259204758588,9.717820827209607,9.628228219926902,112.94557395634104,9.94497011784771,9.02634929450309
23,6,1.6268795999931172,0,295.0,3.7,6,7.27259204758588,9.717820827209607,9.628228219926902,112.94557395634104,9.94497011784771,9.02634929450309
23,15,1.7057254000101238,0,251.0,3.1500000000000004,11,7.27259204758588,9.717820827209607,9.628228219926902,112.94557395634104,9.94497011784771,9.02634929450309
23,23,0.9679979999782518,0,251.0,3.1500000000000004,0,7.27259204758588,9.717820827209607,9.628228219926902,112.94557395634104,9.94497011784771,9.02634929450309
23,22,1.212689199950546,0,571.0,7.15,5,7.27259204758588,9.717820827209607,9.628228219926902,112.94557395634104,9.94497011784771,9.02634929450309
23,11,1.9380262999329716,0,319.0,4.0,8,7.27259204758588,9.717820827209607,9.628228219926902,112.94557395634104,9.94497011784771,9.02634929450309
23,8,2.011610599933192,0,295.0,3.7,10,7.27259204758588,9.717820827209607,9.628228219926902,112.94557395634104,9.94497011784771,9.02634929450309
23,28,0.8525687999790534,0,299.0,3.75,4,7.27259204758588,9.717820827209607,9.628228219926902,112.94557395634104,9.94497011784771,9.02634929450309
23,25,1.1817616999614984,0,275.0,3.45,2,7.27259204758588,9.717820827209607,9.628228219926902,112.94557395634104,9.94497011784771,9.02634929450309
23,10,2.2232862999662757,0,311.0,3.9000000000000004,6,7.27259204758588,9.717820827209607,9.628228219926902,112.94557395634104,9.94497011784771,9.02634929450309
23,26,1.3332710999529809,0,247.0,3.1,7,7.27259204758588,9.717820827209607,9.628228219926902,112.94557395634104,9.94497011784771,9.02634929450309
23,27,1.2641855999827385,0,307.0,3.85,2,7.27259204758588,9.717820827209607,9.628228219926902,112.94557395634104,9.94497011784771,9.02634929450309
23,20,1.939093199907802,0,316.0,4.0,0,7.27259204758588,9.717820827209607,9.628228219926902,112.94557395634104,9.94497011784771,9.02634929450309
23,13,2.9945702999830246,0,723.0,9.05,13,7.27259204758588,9.717820827209607,9.628228219926902,112.94557395634104,9.94497011784771,9.02634929450309
23,29,1.6021763000171632,0,299.0,3.75,14,7.27259204758588,9.717820827209607,9.628228219926902,112.94557395634104,9.94497011784771,9.02634929450309
23,24,2.639469699934125,0,436.0,5.5,0,7.27259204758588,9.717820827209607,9.628228219926902,112.94557395634104,9.94497011784771,9.02634929450309
23,21,3.410886099911295,0,415.0,5.2,11,7.27259204758588,9.717820827209607,9.628228219926902,112.94557395634104,9.94497011784771,9.02634929450309
23,4,36.921751699992456,1,5001.0,70.85000000000001,14,7.27259204758588,9.717820827209607,9.628228219926902,112.94557395634104,9.94497011784771,9.02634929450309
23,16,50.9011103999801,1,5001.0,68.60000000000001,0,7.27259204758588,9.717820827209607,9.628228219926902,112.94557395634104,9.94497011784771,9.02634929450309
24,5,0.1598099999828264,0,255.0,3.2,0,5.696809887549352,0.36886947354532795,6.134686906400979,175.66975580721538,1.029575024999787,8.359393927098344
24,0,0.5579461000161245,0,263.0,3.3000000000000003,4,5.696809887549352,0.36886947354532795,6.134686906400979,175.66975580721538,1.029575024999787,8.359393927098344
24,19,0.4072872999822721,0,239.0,3.0,0,5.696809887549352,0.36886947354532795,6.134686906400979,175.66975580721538,1.029575024999787,8.359393927098344
24,3,0.6689857000019401,0,283.0,3.5500000000000003,2,5.696809887549352,0.36886947354532795,6.134686906400979,175.66975580721538,1.029575024999787,8.359393927098344
24,1,0.8338870999868959,0,243.0,3.0500000000000003,3,5.696809887549352,0.36886947354532795,6.134686906400979,175.66975580721538,1.029575024999787,8.359393927098344
24,2,0.8617033999180421,0,259.0,3.25,6,5.696809887549352,0.36886947354532795,6.134686906400979,175.66975580721538,1.029575024999787,8.359393927098344
24,7,1.1146946999942884,0,275.0,3.45,4,5.696809887549352,0.36886947354532795,6.134686906400979,175.66975580721538,1.029575024999787,8.359393927098344
24,9,1.187258300022222,0,255.0,3.2,2,5.696809887549352,0.36886947354532795,6.134686906400979,175.66975580721538,1.029575024999787,8.359393927098344
24,12,1.2448410000652075,0,283.0,3.5500000000000003,9,5.696809887549352,0.36886947354532795,6.134686906400979,175.66975580721538,1.029575024999787,8.359393927098344
24,17,1.2978656999766827,0,323.0,4.05,0,5.696809887549352,0.36886947354532795,6.134686906400979,175.66975580721538,1.029575024999787,8.359393927098344
24,6,1.306779699982144,0,283.0,3.5500000000000003,6,5.696809887549352,0.36886947354532795,6.134686906400979,175.66975580721538,1.029575024999787,8.359393927098344
24,18,1.4232323999749497,0,295.0,3.7,0,5.696809887549352,0.36886947354532795,6.134686906400979,175.66975580721538,1.029575024999787,8.359393927098344
24,23,0.9820459999609739,0,251.0,3.1500000000000004,0,5.696809887549352,0.36886947354532795,6.134686906400979,175.66975580721538,1.029575024999787,8.359393927098344
24,4,1.8370889000361785,0,263.0,3.3000000000000003,13,5.696809887549352,0.36886947354532795,6.134686906400979,175.66975580721538,1.029575024999787,8.359393927098344
24,8,2.1000350000103936,0,295.0,3.7,10,5.696809887549352,0.36886947354532795,6.134686906400979,175.66975580721538,1.029575024999787,8.359393927098344
24,28,0.9118111999705434,0,299.0,3.75,4,5.696809887549352,0.36886947354532795,6.134686906400979,175.66975580721538,1.029575024999787,8.359393927098344
24,25,1.1280372000765055,0,275.0,3.45,2,5.696809887549352,0.36886947354532795,6.134686906400979,175.66975580721538,1.029575024999787,8.359393927098344
24,11,2.304279600037262,0,299.0,3.75,11,5.696809887549352,0.36886947354532795,6.134686906400979,175.66975580721538,1.029575024999787,8.359393927098344
24,22,1.6438031999859959,0,587.0,7.3500000000000005,2,5.696809887549352,0.36886947354532795,6.134686906400979,175.66975580721538,1.029575024999787,8.359393927098344
24,13,2.4363246000139043,0,483.0,6.050000000000001,9,5.696809887549352,0.36886947354532795,6.134686906400979,175.66975580721538,1.029575024999787,8.359393927098344
24,20,1.9720393000170588,0,311.0,3.9000000000000004,1,5.696809887549352,0.36886947354532795,6.134686906400979,175.66975580721538,1.029575024999787,8.359393927098344
24,29,1.2839184999465942,0,279.0,3.5,1,5.696809887549352,0.36886947354532795,6.134686906400979,175.66975580721538,1.029575024999787,8.359393927098344
24,21,2.204084699973464,0,295.0,3.7,4,5.696809887549352,0.36886947354532795,6.134686906400979,175.66975580721538,1.029575024999787,8.359393927098344
24,14,2.8703553999075666,0,495.0,6.2,8,5.696809887549352,0.36886947354532795,6.134686906400979,175.66975580721538,1.029575024999787,8.359393927098344
24,15,2.8736072999890894,0,383.0,4.800000000000001,8,5.696809887549352,0.36886947354532795,6.134686906400979,175.66975580721538,1.029575024999787,8.359393927098344
24,26,1.687921299948357,0,259.0,3.25,10,5.696809887549352,0.36886947354532795,6.134686906400979,175.66975580721538,1.029575024999787,8.359393927098344
24,10,2.8946585000958294,0,335.0,4.2,6,5.696809887549352,0.36886947354532795,6.134686906400979,175.66975580721538,1.029575024999787,8.359393927098344
24,27,1.7896108001004905,0,331.0,4.15,2,5.696809887549352,0.36886947354532795,6.134686906400979,175.66975580721538,1.029575024999787,8.359393927098344
24,16,3.1075219000922516,0,357.0,4.5,2,5.696809887549352,0.36886947354532795,6.134686906400979,175.66975580721538,1.029575024999787,8.359393927098344
24,24,2.709311499958858,0,436.0,5.5,0,5.696809887549352,0.36886947354532795,6.134686906400979,175.66975580721538,1.029575024999787,8.359393927098344
25,5,0.23585000005550683,0,255.0,3.2,0,18.165317719333075,2.395618906669724,1.5344592337031087,172.36319006939075,19.713009082212015,7.261658145345012
25,3,0.6453806000063196,0,283.0,3.5500000000000003,2,18.165317719333075,2.395618906669724,1.5344592337031087,172.36319006939075,19.713009082212015,7.261658145345012
25,1,0.8548350000055507,0,243.0,3.0500000000000003,3,18.165317719333075,2.395618906669724,1.5344592337031087,172.36319006939075,19.713009082212015,7.261658145345012
25,19,0.6225610999390483,0,243.0,3.0500000000000003,4,18.165317719333075,2.395618906669724,1.5344592337031087,172.36319006939075,19.713009082212015,7.261658145345012
25,20,0.39837700000498444,0,215.0,2.7,0,18.165317719333075,2.395618906669724,1.5344592337031087,172.36319006939075,19.713009082212015,7.261658145345012
25,9,1.0920053999871016,0,255.0,3.2,2,18.165317719333075,2.395618906669724,1.5344592337031087,172.36319006939075,19.713009082212015,7.261658145345012
25,7,1.1919330999953672,0,279.0,3.5,8,18.165317719333075,2.395618906669724,1.5344592337031087,172.36319006939075,19.713009082212015,7.261658145345012
25,17,1.2337927999906242,0,327.0,4.1000000000000005,1,18.165317719333075,2.395618906669724,1.5344592337031087,172.36319006939075,19.713009082212015,7.261658145345012
25,6,1.767927399952896,0,263.0,3.3000000000000003,8,18.165317719333075,2.395618906669724,1.5344592337031087,172.36319006939075,19.713009082212015,7.261658145345012
25,2,1.8094410001067445,0,279.0,3.5,10,18.165317719333075,2.395618906669724,1.5344592337031087,172.36319006939075,19.713009082212015,7.261658145345012
25,10,2.0571849999250844,0,287.0,3.6,8,18.165317719333075,2.395618906669724,1.5344592337031087,172.36319006939075,19.713009082212015,7.261658145345012
25,0,2.0931334999622777,0,315.0,3.95,7,18.165317719333075,2.395618906669724,1.5344592337031087,172.36319006939075,19.713009082212015,7.261658145345012
25,8,2.2442665999988094,0,311.0,3.9000000000000004,18,18.165317719333075,2.395618906669724,1.5344592337031087,172.36319006939075,19.713009082212015,7.261658145345012
25,11,2.290651399991475,0,299.0,3.75,11,18.165317719333075,2.395618906669724,1.5344592337031087,172.36319006939075,19.713009082212015,7.261658145345012
25,12,2.3878607000224292,0,303.0,3.8000000000000003,11,18.165317719333075,2.395618906669724,1.5344592337031087,172.36319006939075,19.713009082212015,7.261658145345012
25,18,2.404200099990703,0,327.0,4.1000000000000005,10,18.165317719333075,2.395618906669724,1.5344592337031087,172.36319006939075,19.713009082212015,7.261658145345012
25,15,2.4429791999282315,0,267.0,3.35,15,18.165317719333075,2.395618906669724,1.5344592337031087,172.36319006939075,19.713009082212015,7.261658145345012
25,23,1.605285600060597,0,271.0,3.4000000000000004,9,18.165317719333075,2.395618906669724,1.5344592337031087,172.36319006939075,19.713009082212015,7.261658145345012
25,16,2.7070997999981046,0,280.0,3.5500000000000003,7,18.165317719333075,2.395618906669724,1.5344592337031087,172.36319006939075,19.713009082212015,7.261658145345012
25,25,1.5325807000044733,0,343.0,4.3,0,18.165317719333075,2.395618906669724,1.5344592337031087,172.36319006939075,19.713009082212015,7.261658145345012
25,4,2.7949478999944404,0,283.0,3.5500000000000003,18,18.165317719333075,2.395618906669724,1.5344592337031087,172.36319006939075,19.713009082212015,7.261658145345012
25,22,1.9083644000347704,0,583.0,7.300000000000001,9,18.165317719333075,2.395618906669724,1.5344592337031087,172.36319006939075,19.713009082212015,7.261658145345012
25,14,2.9701372999697924,0,347.0,4.3500000000000005,10,18.165317719333075,2.395618906669724,1.5344592337031087,172.36319006939075,19.713009082212015,7.261658145345012
25,28,1.1172051000175998,0,303.0,3.8000000000000003,5,18.165317719333075,2.395618906669724,1.5344592337031087,172.36319006939075,19.713009082212015,7.261658145345012
25,26,1.9201792000094429,0,259.0,3.25,10,18.165317719333075,2.395618906669724,1.5344592337031087,172.36319006939075,19.713009082212015,7.261658145345012
25,13,3.3326134000672027,0,507.0,6.3500000000000005,17,18.165317719333075,2.395618906669724,1.5344592337031087,172.36319006939075,19.713009082212015,7.261658145345012
25,27,1.566560999955982,0,303.0,3.8000000000000003,2,18.165317719333075,2.395618906669724,1.5344592337031087,172.36319006939075,19.713009082212015,7.261658145345012
25,21,2.727965099969879,0,283.0,3.5500000000000003,13,18.165317719333075,2.395618906669724,1.5344592337031087,172.36319006939075,19.713009082212015,7.261658145345012
25,24,2.4773601999040693,0,434.0,5.6000000000000005,2,18.165317719333075,2.395618906669724,1.5344592337031087,172.36319006939075,19.713009082212015,7.261658145345012
25,29,1.583932299981825,0,287.0,3.6,14,18.165317719333075,2.395618906669724,1.5344592337031087,172.36319006939075,19.713009082212015,7.261658145345012
26,5,0.2047709000762552,0,255.0,3.2,0,13.442710948117572,7.616196153287175,2.452611685524757,232.05408715296488,7.355662654385064,18.969174917807383
26,3,0.6372981999302283,0,283.0,3.5500000000000003,2,13.442710948117572,7.616196153287175,2.452611685524757,232.05408715296488,7.355662654385064,18.969174917807383
26,0,0.7899868000531569,0,267.0,3.35,4,13.442710948117572,7.616196153287175,2.452611685524757,232.05408715296488,7.355662654385064,18.969174917807383
26,19,0.6141372999409214,0,243.0,3.0500000000000003,4,13.442710948117572,7.616196153287175,2.452611685524757,232.05408715296488,7.355662654385064,18.969174917807383
26,1,0.8501120000146329,0,243.0,3.0500000000000003,3,13.442710948117572,7.616196153287175,2.452611685524757,232.05408715296488,7.355662654385064,18.969174917807383
26,2,0.8931502000195906,0,259.0,3.25,6,13.442710948117572,7.616196153287175,2.452611685524757,232.05408715296488,7.355662654385064,18.969174917807383
26,7,1.150594300008379,0,279.0,3.5,8,13.442710948117572,7.616196153287175,2.452611685524757,232.05408715296488,7.355662654385064,18.969174917807383
26,9,1.1591810999670997,0,255.0,3.2,2,13.442710948117572,7.616196153287175,2.452611685524757,232.05408715296488,7.355662654385064,18.969174917807383
26,15,1.137361100059934,0,259.0,3.25,9,13.442710948117572,7.616196153287175,2.452611685524757,232.05408715296488,7.355662654385064,18.969174917807383
26,12,1.3081540999701247,0,283.0,3.5500000000000003,4,13.442710948117572,7.616196153287175,2.452611685524757,232.05408715296488,7.355662654385064,18.969174917807383
26,20,0.7190810999600217,0,223.0,2.8000000000000003,0,13.442710948117572,7.616196153287175,2.452611685524757,232.05408715296488,7.355662654385064,18.969174917807383
26,18,1.4061079000821337,0,299.0,3.75,2,13.442710948117572,7.616196153287175,2.452611685524757,232.05408715296488,7.355662654385064,18.969174917807383
26,17,1.5495944999856874,0,323.0,4.05,1,13.442710948117572,7.616196153287175,2.452611685524757,232.05408715296488,7.355662654385064,18.969174917807383
26,14,1.5891212999122217,0,315.0,3.95,5,13.442710948117572,7.616196153287175,2.452611685524757,232.05408715296488,7.355662654385064,18.969174917807383
26,23,0.9616393999895081,0,243.0,3.0500000000000003,5,13.442710948117572,7.616196153287175,2.452611685524757,232.05408715296488,7.355662654385064,18.969174917807383
26,25,0.6859747000271454,0,263.0,3.3000000000000003,2,13.442710948117572,7.616196153287175,2.452611685524757,232.05408715296488,7.355662654385064,18.969174917807383
26,22,1.0758477000053972,0,579.0,7.25,2,13.442710948117572,7.616196153287175,2.452611685524757,232.05408715296488,7.355662654385064,18.969174917807383
26,6,1.9479576000012457,0,263.0,3.3000000000000003,8,13.442710948117572,7.616196153287175,2.452611685524757,232.05408715296488,7.355662654385064,18.969174917807383
26,11,1.967516400036402,0,287.0,3.6,14,13.442710948117572,7.616196153287175,2.452611685524757,232.05408715296488,7.355662654385064,18.969174917807383
26,4,1.972644800087437,0,255.0,3.2,7,13.442710948117572,7.616196153287175,2.452611685524757,232.05408715296488,7.355662654385064,18.969174917807383
26,8,2.2302297999849543,0,311.0,3.9000000000000004,18,13.442710948117572,7.616196153287175,2.452611685524757,232.05408715296488,7.355662654385064,18.969174917807383
26,28,0.9502890000585467,0,307.0,3.85,5,13.442710948117572,7.616196153287175,2.452611685524757,232.05408715296488,7.355662654385064,18.969174917807383
26,27,1.2520835000323132,0,307.0,3.85,2,13.442710948117572,7.616196153287175,2.452611685524757,232.05408715296488,7.355662654385064,18.969174917807383
26,10,2.453921200009063,0,291.0,3.6500000000000004,9,13.442710948117572,7.616196153287175,2.452611685524757,232.05408715296488,7.355662654385064,18.969174917807383
26,24,1.6814460000023246,0,355.0,4.45,0,13.442710948117572,7.616196153287175,2.452611685524757,232.05408715296488,7.355662654385064,18.969174917807383
26,26,1.667684799991548,0,267.0,3.35,10,13.442710948117572,7.616196153287175,2.452611685524757,232.05408715296488,7.355662654385064,18.969174917807383
26,13,2.8460013000294566,0,507.0,6.3500000000000005,17,13.442710948117572,7.616196153287175,2.452611685524757,232.05408715296488,7.355662654385064,18.969174917807383
26,29,1.5101595000596717,0,287.0,3.6,14,13.442710948117572,7.616196153287175,2.452611685524757,232.05408715296488,7.355662654385064,18.969174917807383
26,21,2.152526800055057,0,299.0,3.75,16,13.442710948117572,7.616196153287175,2.452611685524757,232.05408715296488,7.355662654385064,18.969174917807383
26,16,3.1375657999888062,0,345.0,4.5,6,13.442710948117572,7.616196153287175,2.452611685524757,232.05408715296488,7.355662654385064,18.969174917807383
27,5,0.17392289999406785,0,255.0,3.2,0,12.670594215217895,5.357746840747585,0.9938687235386422,258.82562389730947,6.415601299434717,5.595555311995627
27,3,0.6999590999912471,0,287.0,3.6,2,12.670594215217895,5.357746840747585,0.9938687235386422,258.82562389730947,6.415601299434717,5.595555311995627
27,1,0.7770292999921367,0,279.0,3.5,3,12.670594215217895,5.357746840747585,0.9938687235386422,258.82562389730947,6.415601299434717,5.595555311995627
27,19,0.6006575999781489,0,243.0,3.0500000000000003,4,12.670594215217895,5.357746840747585,0.9938687235386422,258.82562389730947,6.415601299434717,5.595555311995627
27,17,1.2650295000057667,0,323.0,4.05,1,12.670594215217895,5.357746840747585,0.9938687235386422,258.82562389730947,6.415601299434717,5.595555311995627
27,18,1.322231800062582,0,295.0,3.7,2,12.670594215217895,5.357746840747585,0.9938687235386422,258.82562389730947,6.415601299434717,5.595555311995627
27,7,1.6029808999737725,0,279.0,3.5,8,12.670594215217895,5.357746840747585,0.9938687235386422,258.82562389730947,6.415601299434717,5.595555311995627
27,6,1.9738419000059366,0,343.0,4.3,10,12.670594215217895,5.357746840747585,0.9938687235386422,258.82562389730947,6.415601299434717,5.595555311995627
27,11,2.0660425999667495,0,295.0,3.7,14,12.670594215217895,5.357746840747585,0.9938687235386422,258.82562389730947,6.415601299434717,5.595555311995627
27,22,1.327846399974078,0,579.0,7.25,7,12.670594215217895,5.357746840747585,0.9938687235386422,258.82562389730947,6.415601299434717,5.595555311995627
27,20,1.5248703000834212,0,245.0,3.1,2,12.670594215217895,5.357746840747585,0.9938687235386422,258.82562389730947,6.415601299434717,5.595555311995627
27,24,0.9288180000148714,0,311.0,3.9000000000000004,1,12.670594215217895,5.357746840747585,0.9938687235386422,258.82562389730947,6.415601299434717,5.595555311995627
27,23,1.1093389999587089,0,243.0,3.0500000000000003,5,12.670594215217895,5.357746840747585,0.9938687235386422,258.82562389730947,6.415601299434717,5.595555311995627
27,0,2.4346449999138713,0,371.0,4.65,16,12.670594215217895,5.357746840747585,0.9938687235386422,258.82562389730947,6.415601299434717,5.595555311995627
27,9,2.656317799934186,0,319.0,4.0,16,12.670594215217895,5.357746840747585,0.9938687235386422,258.82562389730947,6.415601299434717,5.595555311995627
27,4,2.656933000078425,0,295.0,3.7,15,12.670594215217895,5.357746840747585,0.9938687235386422,258.82562389730947,6.415601299434717,5.595555311995627
27,12,2.7067127000773326,0,307.0,3.85,11,12.670594215217895,5.357746840747585,0.9938687235386422,258.82562389730947,6.415601299434717,5.595555311995627
27,15,2.747774799936451,0,339.0,4.25,14,12.670594215217895,5.357746840747585,0.9938687235386422,258.82562389730947,6.415601299434717,5.595555311995627
27,8,2.7977876000804827,0,335.0,4.2,15,12.670594215217895,5.357746840747585,0.9938687235386422,258.82562389730947,6.415601299434717,5.595555311995627
27,10,2.800135700032115,0,291.0,3.6500000000000004,9,12.670594215217895,5.357746840747585,0.9938687235386422,258.82562389730947,6.415601299434717,5.595555311995627
27,25,1.2313115000724792,0,343.0,4.3,0,12.670594215217895,5.357746840747585,0.9938687235386422,258.82562389730947,6.415601299434717,5.595555311995627
27,21,2.0903214999707416,0,239.0,3.0,15,12.670594215217895,5.357746840747585,0.9938687235386422,258.82562389730947,6.415601299434717,5.595555311995627
27,28,0.9198909999104217,0,303.0,3.8000000000000003,5,12.670594215217895,5.357746840747585,0.9938687235386422,258.82562389730947,6.415601299434717,5.595555311995627
27,13,3.156764299958013,0,507.0,6.3500000000000005,17,12.670594215217895,5.357746840747585,0.9938687235386422,258.82562389730947,6.415601299434717,5.595555311995627
27,16,3.234413600061089,0,335.0,4.25,11,12.670594215217895,5.357746840747585,0.9938687235386422,258.82562389730947,6.415601299434717,5.595555311995627
27,2,3.328207099926658,0,507.0,6.3500000000000005,19,12.670594215217895,5.357746840747585,0.9938687235386422,258.82562389730947,6.415601299434717,5.595555311995627
27,29,1.146595999947749,0,283.0,3.5500000000000003,13,12.670594215217895,5.357746840747585,0.9938687235386422,258.82562389730947,6.415601299434717,5.595555311995627
27,26,1.6124995000427589,0,275.0,3.45,14,12.670594215217895,5.357746840747585,0.9938687235386422,258.82562389730947,6.415601299434717,5.595555311995627
27,27,1.7921507999999449,0,347.0,4.3500000000000005,7,12.670594215217895,5.357746840747585,0.9938687235386422,258.82562389730947,6.415601299434717,5.595555311995627
27,14,35.51918920001481,1,5002.0,70.60000000000001,20,12.670594215217895,5.357746840747585,0.9938687235386422,258.82562389730947,6.415601299434717,5.595555311995627
28,5,0.18351909995544702,0,255.0,3.2,0,0.8155028310952783,5.908929431882418,6.807887182238596,54.14695723196404,10.24186116598562,6.794873255938139
28,0,0.53012199990917,0,263.0,3.3000000000000003,0,0.8155028310952783,5.908929431882418,6.807887182238596,54.14695723196404,10.24186116598562,6.794873255938139
28,3,0.6189463000046089,0,283.0,3.5500000000000003,2,0.8155028310952783,5.908929431882418,6.807887182238596,54.14695723196404,10.24186116598562,6.794873255938139
28,19,0.46723389998078346,0,239.0,3.0,0,0.8155028310952783,5.908929431882418,6.807887182238596,54.14695723196404,10.24186116598562,6.794873255938139
28,18,0.8632593000074849,0,291.0,3.6500000000000004,0,0.8155028310952783,5.908929431882418,6.807887182238596,54.14695723196404,10.24186116598562,6.794873255938139
28,1,1.0386506000068039,0,243.0,3.0500000000000003,3,0.8155028310952783,5.908929431882418,6.807887182238596,54.14695723196404,10.24186116598562,6.794873255938139
28,7,1.0593556000385433,0,287.0,3.6,0,0.8155028310952783,5.908929431882418,6.807887182238596,54.14695723196404,10.24186116598562,6.794873255938139
28,15,1.1029682999942452,0,259.0,3.25,9,0.8155028310952783,5.908929431882418,6.807887182238596,54.14695723196404,10.24186116598562,6.794873255938139
28,2,1.1135165999876335,0,259.0,3.25,6,0.8155028310952783,5.908929431882418,6.807887182238596,54.14695723196404,10.24186116598562,6.794873255938139
28,9,1.192783100064844,0,255.0,3.2,2,0.8155028310952783,5.908929431882418,6.807887182238596,54.14695723196404,10.24186116598562,6.794873255938139
28,12,1.4389338999753818,0,287.0,3.6,1,0.8155028310952783,5.908929431882418,6.807887182238596,54.14695723196404,10.24186116598562,6.794873255938139
28,8,1.4617795000085607,0,359.0,4.5,4,0.8155028310952783,5.908929431882418,6.807887182238596,54.14695723196404,10.24186116598562,6.794873255938139
28,6,1.6155199999921024,0,299.0,3.75,6,0.8155028310952783,5.908929431882418,6.807887182238596,54.14695723196404,10.24186116598562,6.794873255938139
28,17,1.6426317000295967,0,355.0,4.45,0,0.8155028310952783,5.908929431882418,6.807887182238596,54.14695723196404,10.24186116598562,6.794873255938139
28,11,1.8418026000726968,0,291.0,3.6500000000000004,11,0.8155028310952783,5.908929431882418,6.807887182238596,54.14695723196404,10.24186116598562,6.794873255938139
28,28,0.775369800045155,0,287.0,3.6,0,0.8155028310952783,5.908929431882418,6.807887182238596,54.14695723196404,10.24186116598562,6.794873255938139
28,13,2.0957081000087783,0,471.0,5.9,1,0.8155028310952783,5.908929431882418,6.807887182238596,54.14695723196404,10.24186116598562,6.794873255938139
28,26,1.3334344000322744,0,251.0,3.1500000000000004,7,0.8155028310952783,5.908929431882418,6.807887182238596,54.14695723196404,10.24186116598562,6.794873255938139
28,10,2.4683094000210986,0,307.0,3.85,1,0.8155028310952783,5.908929431882418,6.807887182238596,54.14695723196404,10.24186116598562,6.794873255938139
28,25,1.444107500021346,0,283.0,3.5500000000000003,0,0.8155028310952783,5.908929431882418,6.807887182238596,54.14695723196404,10.24186116598562,6.794873255938139
28,27,1.4050751000177115,0,307.0,3.85,2,0.8155028310952783,5.908929431882418,6.807887182238596,54.14695723196404,10.24186116598562,6.794873255938139
28,4,2.601598500041291,0,303.0,3.8000000000000003,13,0.8155028310952783,5.908929431882418,6.807887182238596,54.14695723196404,10.24186116598562,6.794873255938139
28,16,2.602090199943632,0,331.0,4.15,0,0.8155028310952783,5.908929431882418,6.807887182238596,54.14695723196404,10.24186116598562,6.794873255938139
28,29,1.2132783000124618,0,279.0,3.5,1,0.8155028310952783,5.908929431882418,6.807887182238596,54.14695723196404,10.24186116598562,6.794873255938139
28,20,2.278128700098023,0,325.0,4.1000000000000005,1,0.8155028310952783,5.908929431882418,6.807887182238596,54.14695723196404,10.24186116598562,6.794873255938139
28,14,2.8641218000557274,0,475.0,5.95,3,0.8155028310952783,5.908929431882418,6.807887182238596,54.14695723196404,10.24186116598562,6.794873255938139
28,22,2.3289564000442624,0,643.0,8.05,0,0.8155028310952783,5.908929431882418,6.807887182238596,54.14695723196404,10.24186116598562,6.794873255938139
28,24,2.695380299934186,0,436.0,5.5,0,0.8155028310952783,5.908929431882418,6.807887182238596,54.14695723196404,10.24186116598562,6.794873255938139
28,23,4.236065000062808,0,553.0,7.1000000000000005,0,0.8155028310952783,5.908929431882418,6.807887182238596,54.14695723196404,10.24186116598562,6.794873255938139
28,21,6.078745299950242,3,709.0,8.9,2,0.8155028310952783,5.908929431882418,6.807887182238596,54.14695723196404,10.24186116598562,6.794873255938139
29,5,0.21384240000043064,0,255.0,3.2,0,12.903455808188998,1.7436642900499144,6.940283607214413,146.68383657513436,18.73459977473469,4.1256283243797975
29,19,0.4038198000052944,0,239.0,3.0,0,12.903455808188998,1.7436642900499144,6.940283607214413,146.68383657513436,18.73459977473469,4.1256283243797975
29,0,0.6630954999709502,0,263.0,3.3000000000000003,4,12.903455808188998,1.7436642900499144,6.940283607214413,146.68383657513436,18.73459977473469,4.1256283243797975
29,3,0.685025499900803,0,283.0,3.5500000000000003,2,12.903455808188998,1.7436642900499144,6.940283607214413,146.68383657513436,18.73459977473469,4.1256283243797975
29,1,0.9645844999467954,0,243.0,3.0500000000000003,3,12.903455808188998,1.7436642900499144,6.940283607214413,146.68383657513436,18.73459977473469,4.1256283243797975
29,2,1.0872582000447437,0,259.0,3.25,6,12.903455808188998,1.7436642900499144,6.940283607214413,146.68383657513436,18.73459977473469,4.1256283243797975
29,16,1.0936902000103146,0,223.0,2.8000000000000003,0,12.903455808188998,1.7436642900499144,6.940283607214413,146.68383657513436,18.73459977473469,4.1256283243797975
29,7,1.1969651998952031,0,279.0,3.5,8,12.903455808188998,1.7436642900499144,6.940283607214413,146.68383657513436,18.73459977473469,4.1256283243797975
29,17,1.3276426999364048,0,331.0,4.15,1,12.903455808188998,1.7436642900499144,6.940283607214413,146.68383657513436,18.73459977473469,4.1256283243797975
29,6,1.3502462999895215,0,283.0,3.5500000000000003,6,12.903455808188998,1.7436642900499144,6.940283607214413,146.68383657513436,18.73459977473469,4.1256283243797975
29,9,1.3530500000342727,0,255.0,3.2,2,12.903455808188998,1.7436642900499144,6.940283607214413,146.68383657513436,18.73459977473469,4.1256283243797975
29,12,1.5565635999664664,0,283.0,3.5500000000000003,9,12.903455808188998,1.7436642900499144,6.940283607214413,146.68383657513436,18.73459977473469,4.1256283243797975
29,14,1.7757826000452042,0,319.0,4.0,5,12.903455808188998,1.7436642900499144,6.940283607214413,146.68383657513436,18.73459977473469,4.1256283243797975
29,8,2.0595853000413626,0,363.0,4.55,13,12.903455808188998,1.7436642900499144,6.940283607214413,146.68383657513436,18.73459977473469,4.1256283243797975
29,18,2.140188300050795,0,335.0,4.2,4,12.903455808188998,1.7436642900499144,6.940283607214413,146.68383657513436,18.73459977473469,4.1256283243797975
29,24,1.1512478000950068,0,314.0,3.95,1,12.903455808188998,1.7436642900499144,6.940283607214413,146.68383657513436,18.73459977473469,4.1256283243797975
29,22,1.6269621999235824,0,595.0,7.45,7,12.903455808188998,1.7436642900499144,6.940283607214413,146.68383657513436,18.73459977473469,4.1256283243797975
29,4,2.3224667999893427,0,291.0,3.6500000000000004,13,12.903455808188998,1.7436642900499144,6.940283607214413,146.68383657513436,18.73459977473469,4.1256283243797975
29,11,2.437291399925016,0,299.0,3.75,11,12.903455808188998,1.7436642900499144,6.940283607214413,146.68383657513436,18.73459977473469,4.1256283243797975
29,28,1.1049939999356866,0,303.0,3.8000000000000003,5,12.903455808188998,1.7436642900499144,6.940283607214413,146.68383657513436,18.73459977473469,4.1256283243797975
29,25,1.3185612000524998,0,287.0,3.6,4,12.903455808188998,1.7436642900499144,6.940283607214413,146.68383657513436,18.73459977473469,4.1256283243797975
29,10,2.4683292999397963,0,291.0,3.6500000000000004,9,12.903455808188998,1.7436642900499144,6.940283607214413,146.68383657513436,18.73459977473469,4.1256283243797975
29,23,1.7496439999667928,0,306.0,3.9000000000000004,9,12.903455808188998,1.7436642900499144,6.940283607214413,146.68383657513436,18.73459977473469,4.1256283243797975
29,27,1.4641249000560492,0,303.0,3.8000000000000003,2,12.903455808188998,1.7436642900499144,6.940283607214413,146.68383657513436,18.73459977473469,4.1256283243797975
29,21,2.126165200024843,0,287.0,3.6,15,12.903455808188998,1.7436642900499144,6.940283607214413,146.68383657513436,18.73459977473469,4.1256283243797975
29,26,1.633746700012125,0,267.0,3.35,10,12.903455808188998,1.7436642900499144,6.940283607214413,146.68383657513436,18.73459977473469,4.1256283243797975
29,29,1.6184112000046298,0,287.0,3.6,14,12.903455808188998,1.7436642900499144,6.940283607214413,146.68383657513436,18.73459977473469,4.1256283243797975
29,15,3.0545789999887347,0,311.0,3.9000000000000004,13,12.903455808188998,1.7436642900499144,6.940283607214413,146.68383657513436,18.73459977473469,4.1256283243797975
29,13,3.1307341000065207,0,727.0,9.1,16,12.903455808188998,1.7436642900499144,6.940283607214413,146.68383657513436,18.73459977473469,4.1256283243797975
29,20,2.6111880999524146,0,376.0,4.800000000000001,1,12.903455808188998,1.7436642900499144,6.940283607214413,146.68383657513436,18.73459977473469,4.1256283243797975
30,5,0.17391479993239045,0,255.0,3.2,0,6.82132702100517,1.1347352124058907,9.254466820957772,269.33483834524526,5.158832554303112,19.79952138102537
30,19,0.37211260001640767,0,239.0,3.0,0,6.82132702100517,1.1347352124058907,9.254466820957772,269.33483834524526,5.158832554303112,19.79952138102537
30,0,0.5629562999820337,0,263.0,3.3000000000000003,4,6.82132702100517,1.1347352124058907,9.254466820957772,269.33483834524526,5.158832554303112,19.79952138102537
30,3,0.5957653999794275,0,283.0,3.5500000000000003,2,6.82132702100517,1.1347352124058907,9.254466820957772,269.33483834524526,5.158832554303112,19.79952138102537
30,18,0.8092517000623047,0,291.0,3.6500000000000004,0,6.82132702100517,1.1347352124058907,9.254466820957772,269.33483834524526,5.158832554303112,19.79952138102537
30,2,0.8656518999487162,0,259.0,3.25,6,6.82132702100517,1.1347352124058907,9.254466820957772,269.33483834524526,5.158832554303112,19.79952138102537
30,1,1.0188082000240684,0,243.0,3.0500000000000003,3,6.82132702100517,1.1347352124058907,9.254466820957772,269.33483834524526,5.158832554303112,19.79952138102537
30,7,1.0415015000617132,0,279.0,3.5,4,6.82132702100517,1.1347352124058907,9.254466820957772,269.33483834524526,5.158832554303112,19.79952138102537
30,17,1.1251428000396118,0,323.0,4.05,0,6.82132702100517,1.1347352124058907,9.254466820957772,269.33483834524526,5.158832554303112,19.79952138102537
30,9,1.1754483000840992,0,247.0,3.1,0,6.82132702100517,1.1347352124058907,9.254466820957772,269.33483834524526,5.158832554303112,19.79952138102537
30,12,1.5119031999493018,0,295.0,3.7,9,6.82132702100517,1.1347352124058907,9.254466820957772,269.33483834524526,5.158832554303112,19.79952138102537
30,6,1.7025207000551745,0,295.0,3.7,6,6.82132702100517,1.1347352124058907,9.254466820957772,269.33483834524526,5.158832554303112,19.79952138102537
30,23,1.0484286999562755,0,251.0,3.1500000000000004,0,6.82132702100517,1.1347352124058907,9.254466820957772,269.33483834524526,5.158832554303112,19.79952138102537
30,4,1.9104806000832468,0,263.0,3.3000000000000003,13,6.82132702100517,1.1347352124058907,9.254466820957772,269.33483834524526,5.158832554303112,19.79952138102537
30,8,2.048808400053531,0,295.0,3.7,10,6.82132702100517,1.1347352124058907,9.254466820957772,269.33483834524526,5.158832554303112,19.79952138102537
30,22,1.5382738000480458,0,579.0,7.25,5,6.82132702100517,1.1347352124058907,9.254466820957772,269.33483834524526,5.158832554303112,19.79952138102537
30,28,0.9625655000563711,0,299.0,3.75,4,6.82132702100517,1.1347352124058907,9.254466820957772,269.33483834524526,5.158832554303112,19.79952138102537
30,25,1.181530199944973,0,275.0,3.45,2,6.82132702100517,1.1347352124058907,9.254466820957772,269.33483834524526,5.158832554303112,19.79952138102537
30,26,1.2381112000439316,0,247.0,3.1,7,6.82132702100517,1.1347352124058907,9.254466820957772,269.33483834524526,5.158832554303112,19.79952138102537
30,20,1.8372531000059098,0,291.0,3.6500000000000004,0,6.82132702100517,1.1347352124058907,9.254466820957772,269.33483834524526,5.158832554303112,19.79952138102537
30,10,2.4293304999591783,0,303.0,3.8000000000000003,6,6.82132702100517,1.1347352124058907,9.254466820957772,269.33483834524526,5.158832554303112,19.79952138102537
30,13,2.467528000008315,0,483.0,6.050000000000001,9,6.82132702100517,1.1347352124058907,9.254466820957772,269.33483834524526,5.158832554303112,19.79952138102537
30,11,2.5431890999898314,0,303.0,3.8000000000000003,14,6.82132702100517,1.1347352124058907,9.254466820957772,269.33483834524526,5.158832554303112,19.79952138102537
30,15,2.768051299965009,0,383.0,4.800000000000001,8,6.82132702100517,1.1347352124058907,9.254466820957772,269.33483834524526,5.158832554303112,19.79952138102537
30,14,2.998212300008163,0,483.0,6.050000000000001,10,6.82132702100517,1.1347352124058907,9.254466820957772,269.33483834524526,5.158832554303112,19.79952138102537
30,27,1.996065599960275,0,331.0,4.15,2,6.82132702100517,1.1347352124058907,9.254466820957772,269.33483834524526,5.158832554303112,19.79952138102537
30,29,1.852483500028029,0,299.0,3.75,14,6.82132702100517,1.1347352124058907,9.254466820957772,269.33483834524526,5.158832554303112,19.79952138102537
30,24,2.6379071000264958,0,419.0,5.300000000000001,0,6.82132702100517,1.1347352124058907,9.254466820957772,269.33483834524526,5.158832554303112,19.79952138102537
30,16,3.647896599955857,0,374.0,4.75,2,6.82132702100517,1.1347352124058907,9.254466820957772,269.33483834524526,5.158832554303112,19.79952138102537
30,21,3.5586028000107035,0,415.0,5.2,11,6.82132702100517,1.1347352124058907,9.254466820957772,269.33483834524526,5.158832554303112,19.79952138102537
31,5,0.18299000000115484,0,255.0,3.2,0,16.344444004024318,5.5520081159946235,5.343540725724464,110.46307272511292,1.8620553561179842,26.916472738599804
31,19,0.4187258000019938,0,239.0,3.0,0,16.344444004024318,5.5520081159946235,5.343540725724464,110.46307272511292,1.8620553561179842,26.916472738599804
31,3,0.603129499941133,0,283.0,3.5500000000000003,2,16.344444004024318,5.5520081159946235,5.343540725724464,110.46307272511292,1.8620553561179842,26.916472738599804
31,0,0.7812632999848574,0,275.0,3.45,4,16.344444004024318,5.5520081159946235,5.343540725724464,110.46307272511292,1.8620553561179842,26.916472738599804
31,1,0.8678789000259712,0,243.0,3.0500000000000003,3,16.344444004024318,5.5520081159946235,5.343540725724464,110.46307272511292,1.8620553561179842,26.916472738599804
31,2,0.9509576999116689,0,259.0,3.25,6,16.344444004024318,5.5520081159946235,5.343540725724464,110.46307272511292,1.8620553561179842,26.916472738599804
31,7,1.133506300044246,0,279.0,3.5,8,16.344444004024318,5.5520081159946235,5.343540725724464,110.46307272511292,1.8620553561179842,26.916472738599804
31,9,1.28862200002186,0,255.0,3.2,2,16.344444004024318,5.5520081159946235,5.343540725724464,110.46307272511292,1.8620553561179842,26.916472738599804
31,17,1.3262388000730425,0,323.0,4.05,1,16.344444004024318,5.5520081159946235,5.343540725724464,110.46307272511292,1.8620553561179842,26.916472738599804
31,12,1.5140509000048041,0,283.0,3.5500000000000003,4,16.344444004024318,5.5520081159946235,5.343540725724464,110.46307272511292,1.8620553561179842,26.916472738599804
31,18,1.8099457999924198,0,291.0,3.6500000000000004,8,16.344444004024318,5.5520081159946235,5.343540725724464,110.46307272511292,1.8620553561179842,26.916472738599804
31,14,1.874140499974601,0,319.0,4.0,5,16.344444004024318,5.5520081159946235,5.343540725724464,110.46307272511292,1.8620553561179842,26.916472738599804
31,23,1.0099264999153093,0,231.0,2.9000000000000004,0,16.344444004024318,5.5520081159946235,5.343540725724464,110.46307272511292,1.8620553561179842,26.916472738599804
31,8,1.9024199000559747,0,359.0,4.5,13,16.344444004024318,5.5520081159946235,5.343540725724464,110.46307272511292,1.8620553561179842,26.916472738599804
31,4,1.9093542000046,0,255.0,3.2,11,16.344444004024318,5.5520081159946235,5.343540725724464,110.46307272511292,1.8620553561179842,26.916472738599804
31,10,1.9225161999929696,0,279.0,3.5,9,16.344444004024318,5.5520081159946235,5.343540725724464,110.46307272511292,1.8620553561179842,26.916472738599804
31,22,1.2643915000371635,0,579.0,7.25,7,16.344444004024318,5.5520081159946235,5.343540725724464,110.46307272511292,1.8620553561179842,26.916472738599804
31,15,2.0549704000586644,0,263.0,3.3000000000000003,13,16.344444004024318,5.5520081159946235,5.343540725724464,110.46307272511292,1.8620553561179842,26.916472738599804
31,25,0.9622783000813797,0,279.0,3.5,2,16.344444004024318,5.5520081159946235,5.343540725724464,110.46307272511292,1.8620553561179842,26.916472738599804
31,11,2.2772539000725374,0,299.0,3.75,11,16.344444004024318,5.5520081159946235,5.343540725724464,110.46307272511292,1.8620553561179842,26.916472738599804
31,24,1.3519288999959826,0,327.0,4.1000000000000005,0,16.344444004024318,5.5520081159946235,5.343540725724464,110.46307272511292,1.8620553561179842,26.916472738599804
31,6,2.3147801000159234,0,287.0,3.6,8,16.344444004024318,5.5520081159946235,5.343540725724464,110.46307272511292,1.8620553561179842,26.916472738599804
31,28,0.9916321999626234,0,303.0,3.8000000000000003,5,16.344444004024318,5.5520081159946235,5.343540725724464,110.46307272511292,1.8620553561179842,26.916472738599804
31,21,1.9390992999542505,0,271.0,3.4000000000000004,12,16.344444004024318,5.5520081159946235,5.343540725724464,110.46307272511292,1.8620553561179842,26.916472738599804
31,29,1.1255043999990448,0,271.0,3.4000000000000004,10,16.344444004024318,5.5520081159946235,5.343540725724464,110.46307272511292,1.8620553561179842,26.916472738599804
31,26,1.7263163001043722,0,259.0,3.25,10,16.344444004024318,5.5520081159946235,5.343540725724464,110.46307272511292,1.8620553561179842,26.916472738599804
31,13,3.120744699961506,0,507.0,6.3500000000000005,17,16.344444004024318,5.5520081159946235,5.343540725724464,110.46307272511292,1.8620553561179842,26.916472738599804
31,27,1.8727903000544757,0,331.0,4.15,2,16.344444004024318,5.5520081159946235,5.343540725724464,110.46307272511292,1.8620553561179842,26.916472738599804
31,16,3.4690675999736413,0,345.0,4.5,6,16.344444004024318,5.5520081159946235,5.343540725724464,110.46307272511292,1.8620553561179842,26.916472738599804
31,20,3.865946799982339,0,401.0,5.15,0,16.344444004024318,5.5520081159946235,5.343540725724464,110.46307272511292,1.8620553561179842,26.916472738599804
32,5,0.17785490001551807,0,255.0,3.2,0,18.008361143266608,6.33101457273268,3.4563949313821367,137.3023936531652,14.519113577404788,26.913307798577314
32,19,0.5524315999355167,0,239.0,3.0,0,18.008361143266608,6.33101457273268,3.4563949313821367,137.3023936531652,14.519113577404788,26.913307798577314
32,0,0.7956149999517947,0,267.0,3.35,4,18.008361143266608,6.33101457273268,3.4563949313821367,137.3023936531652,14.519113577404788,26.913307798577314
32,3,0.8038609999930486,0,283.0,3.5500000000000003,2,18.008361143266608,6.33101457273268,3.4563949313821367,137.3023936531652,14.519113577404788,26.913307798577314
32,1,0.9550575000466779,0,243.0,3.0500000000000003,3,18.008361143266608,6.33101457273268,3.4563949313821367,137.3023936531652,14.519113577404788,26.913307798577314
32,2,1.0963138000806794,0,259.0,3.25,6,18.008361143266608,6.33101457273268,3.4563949313821367,137.3023936531652,14.519113577404788,26.913307798577314
32,15,1.1524237000849098,0,259.0,3.25,9,18.008361143266608,6.33101457273268,3.4563949313821367,137.3023936531652,14.519113577404788,26.913307798577314
32,7,1.197158999973908,0,279.0,3.5,8,18.008361143266608,6.33101457273268,3.4563949313821367,137.3023936531652,14.519113577404788,26.913307798577314
32,9,1.2998906000284478,0,255.0,3.2,2,18.008361143266608,6.33101457273268,3.4563949313821367,137.3023936531652,14.519113577404788,26.913307798577314
32,4,1.6297283999156207,0,251.0,3.1500000000000004,11,18.008361143266608,6.33101457273268,3.4563949313821367,137.3023936531652,14.519113577404788,26.913307798577314
32,17,1.6530248000053689,0,323.0,4.05,1,18.008361143266608,6.33101457273268,3.4563949313821367,137.3023936531652,14.519113577404788,26.913307798577314
32,23,0.7191897999728099,0,231.0,2.9000000000000004,0,18.008361143266608,6.33101457273268,3.4563949313821367,137.3023936531652,14.519113577404788,26.913307798577314
32,12,1.774253899930045,0,303.0,3.8000000000000003,11,18.008361143266608,6.33101457273268,3.4563949313821367,137.3023936531652,14.519113577404788,26.913307798577314
32,14,1.7936502000084147,0,319.0,4.0,5,18.008361143266608,6.33101457273268,3.4563949313821367,137.3023936531652,14.519113577404788,26.913307798577314
32,18,1.7848596000112593,0,299.0,3.75,2,18.008361143266608,6.33101457273268,3.4563949313821367,137.3023936531652,14.519113577404788,26.913307798577314
32,25,0.7107170999515802,0,263.0,3.3000000000000003,2,18.008361143266608,6.33101457273268,3.4563949313821367,137.3023936531652,14.519113577404788,26.913307798577314
32,11,1.9570902000414208,0,287.0,3.6,14,18.008361143266608,6.33101457273268,3.4563949313821367,137.3023936531652,14.519113577404788,26.913307798577314
32,16,2.038101900019683,0,260.0,3.3000000000000003,6,18.008361143266608,6.33101457273268,3.4563949313821367,137.3023936531652,14.519113577404788,26.913307798577314
32,10,2.0660032000159845,0,267.0,3.35,8,18.008361143266608,6.33101457273268,3.4563949313821367,137.3023936531652,14.519113577404788,26.913307798577314
32,22,1.280774199985899,0,579.0,7.25,7,18.008361143266608,6.33101457273268,3.4563949313821367,137.3023936531652,14.519113577404788,26.913307798577314
32,6,2.1488295999588445,0,263.0,3.3000000000000003,8,18.008361143266608,6.33101457273268,3.4563949313821367,137.3023936531652,14.519113577404788,26.913307798577314
32,8,2.4297697000438347,0,311.0,3.9000000000000004,18,18.008361143266608,6.33101457273268,3.4563949313821367,137.3023936531652,14.519113577404788,26.913307798577314
32,28,1.0187692999606952,0,303.0,3.8000000000000003,5,18.008361143266608,6.33101457273268,3.4563949313821367,137.3023936531652,14.519113577404788,26.913307798577314
32,21,2.1699387000408024,0,263.0,3.3000000000000003,11,18.008361143266608,6.33101457273268,3.4563949313821367,137.3023936531652,14.519113577404788,26.913307798577314
32,29,1.309185800026171,0,271.0,3.4000000000000004,10,18.008361143266608,6.33101457273268,3.4563949313821367,137.3023936531652,14.519113577404788,26.913307798577314
32,26,1.821014399989508,0,259.0,3.25,10,18.008361143266608,6.33101457273268,3.4563949313821367,137.3023936531652,14.519113577404788,26.913307798577314
32,24,1.9262381000444293,0,355.0,4.45,0,18.008361143266608,6.33101457273268,3.4563949313821367,137.3023936531652,14.519113577404788,26.913307798577314
32,20,2.3696458999766037,0,301.0,3.8000000000000003,1,18.008361143266608,6.33101457273268,3.4563949313821367,137.3023936531652,14.519113577404788,26.913307798577314
32,13,3.1248684999300167,0,507.0,6.3500000000000005,17,18.008361143266608,6.33101457273268,3.4563949313821367,137.3023936531652,14.519113577404788,26.913307798577314
32,27,1.9012414999306202,0,331.0,4.15,2,18.008361143266608,6.33101457273268,3.4563949313821367,137.3023936531652,14.519113577404788,26.913307798577314
33,5,0.16860059997998178,0,255.0,3.2,0,17.741728485302346,7.798755458576238,6.456113296927449,71.03499124876221,3.2325742818922754,26.956625655812378
33,19,0.4281409999821335,0,239.0,3.0,0,17.741728485302346,7.798755458576238,6.456113296927449,71.03499124876221,3.2325742818922754,26.956625655812378
33,3,0.6196741999592632,0,283.0,3.5500000000000003,2,17.741728485302346,7.798755458576238,6.456113296927449,71.03499124876221,3.2325742818922754,26.956625655812378
33,0,0.7680793999461457,0,267.0,3.35,4,17.741728485302346,7.798755458576238,6.456113296927449,71.03499124876221,3.2325742818922754,26.956625655812378
33,1,0.8879881000611931,0,243.0,3.0500000000000003,3,17.741728485302346,7.798755458576238,6.456113296927449,71.03499124876221,3.2325742818922754,26.956625655812378
33,2,0.9303126001032069,0,259.0,3.25,6,17.741728485302346,7.798755458576238,6.456113296927449,71.03499124876221,3.2325742818922754,26.956625655812378
33,15,1.1507442999863997,0,259.0,3.25,9,17.741728485302346,7.798755458576238,6.456113296927449,71.03499124876221,3.2325742818922754,26.956625655812378
33,7,1.1788912999909371,0,279.0,3.5,8,17.741728485302346,7.798755458576238,6.456113296927449,71.03499124876221,3.2325742818922754,26.956625655812378
33,9,1.4189963000826538,0,255.0,3.2,2,17.741728485302346,7.798755458576238,6.456113296927449,71.03499124876221,3.2325742818922754,26.956625655812378
33,17,1.4936466000508517,0,327.0,4.1000000000000005,1,17.741728485302346,7.798755458576238,6.456113296927449,71.03499124876221,3.2325742818922754,26.956625655812378
33,4,1.5412646000040695,0,251.0,3.1500000000000004,11,17.741728485302346,7.798755458576238,6.456113296927449,71.03499124876221,3.2325742818922754,26.956625655812378
33,14,1.5623402999481186,0,319.0,4.0,5,17.741728485302346,7.798755458576238,6.456113296927449,71.03499124876221,3.2325742818922754,26.956625655812378
33,23,0.6964700999669731,0,231.0,2.9000000000000004,0,17.741728485302346,7.798755458576238,6.456113296927449,71.03499124876221,3.2325742818922754,26.956625655812378
33,18,1.6743526000063866,0,303.0,3.8000000000000003,2,17.741728485302346,7.798755458576238,6.456113296927449,71.03499124876221,3.2325742818922754,26.956625655812378
33,12,1.7522725999588147,0,303.0,3.8000000000000003,11,17.741728485302346,7.798755458576238,6.456113296927449,71.03499124876221,3.2325742818922754,26.956625655812378
33,10,2.006923499982804,0,275.0,3.45,9,17.741728485302346,7.798755458576238,6.456113296927449,71.03499124876221,3.2325742818922754,26.956625655812378
33,6,2.0117559999926016,0,287.0,3.6,8,17.741728485302346,7.798755458576238,6.456113296927449,71.03499124876221,3.2325742818922754,26.956625655812378
33,25,0.9354794999817386,0,279.0,3.5,2,17.741728485302346,7.798755458576238,6.456113296927449,71.03499124876221,3.2325742818922754,26.956625655812378
33,8,2.1322421999648213,0,359.0,4.5,13,17.741728485302346,7.798755458576238,6.456113296927449,71.03499124876221,3.2325742818922754,26.956625655812378
33,22,1.4857010000851005,0,579.0,7.25,9,17.741728485302346,7.798755458576238,6.456113296927449,71.03499124876221,3.2325742818922754,26.956625655812378
33,11,2.2630792999407277,0,299.0,3.75,11,17.741728485302346,7.798755458576238,6.456113296927449,71.03499124876221,3.2325742818922754,26.956625655812378
33,28,0.9725961000658572,0,303.0,3.8000000000000003,5,17.741728485302346,7.798755458576238,6.456113296927449,71.03499124876221,3.2325742818922754,26.956625655812378
33,21,2.068359199911356,0,275.0,3.45,11,17.741728485302346,7.798755458576238,6.456113296927449,71.03499124876221,3.2325742818922754,26.956625655812378
33,26,1.906308799982071,0,259.0,3.25,10,17.741728485302346,7.798755458576238,6.456113296927449,71.03499124876221,3.2325742818922754,26.956625655812378
33,13,3.2402213000459597,0,507.0,6.3500000000000005,17,17.741728485302346,7.798755458576238,6.456113296927449,71.03499124876221,3.2325742818922754,26.956625655812378
33,29,1.8873000999446958,0,287.0,3.6,14,17.741728485302346,7.798755458576238,6.456113296927449,71.03499124876221,3.2325742818922754,26.956625655812378
33,27,2.0561648999573663,0,331.0,4.15,2,17.741728485302346,7.798755458576238,6.456113296927449,71.03499124876221,3.2325742818922754,26.956625655812378
33,24,2.9410716999555007,0,419.0,5.300000000000001,0,17.741728485302346,7.798755458576238,6.456113296927449,71.03499124876221,3.2325742818922754,26.956625655812378
33,20,38.018728199996985,1,5000.0,70.95,0,17.741728485302346,7.798755458576238,6.456113296927449,71.03499124876221,3.2325742818922754,26.956625655812378
33,16,42.945275800069794,1,5001.0,71.0,7,17.741728485302346,7.798755458576238,6.456113296927449,71.03499124876221,3.2325742818922754,26.956625655812378
34,5,0.18454149994067848,0,255.0,3.2,0,12.128581193191799,0.09197051616629648,1.104568274373718,215.87544227701395,0.10123167692437374,4.82424154252496
34,3,0.6069188000401482,0,283.0,3.5500000000000003,2,12.128581193191799,0.09197051616629648,1.104568274373718,215.87544227701395,0.10123167692437374,4.82424154252496
34,19,0.6388852000236511,0,243.0,3.0500000000000003,4,12.128581193191799,0.09197051616629648,1.104568274373718,215.87544227701395,0.10123167692437374,4.82424154252496
34,1,0.8634816999547184,0,243.0,3.0500000000000003,3,12.128581193191799,0.09197051616629648,1.104568274373718,215.87544227701395,0.10123167692437374,4.82424154252496
34,20,0.41615329997148365,0,215.0,2.7,0,12.128581193191799,0.09197051616629648,1.104568274373718,215.87544227701395,0.10123167692437374,4.82424154252496
34,18,1.324368599918671,0,299.0,3.75,4,12.128581193191799,0.09197051616629648,1.104568274373718,215.87544227701395,0.10123167692437374,4.82424154252496
34,9,1.4587123999372125,0,255.0,3.2,2,12.128581193191799,0.09197051616629648,1.104568274373718,215.87544227701395,0.10123167692437374,4.82424154252496
34,17,1.5110664999810979,0,323.0,4.05,1,12.128581193191799,0.09197051616629648,1.104568274373718,215.87544227701395,0.10123167692437374,4.82424154252496
34,12,1.8449385999701917,0,295.0,3.7,11,12.128581193191799,0.09197051616629648,1.104568274373718,215.87544227701395,0.10123167692437374,4.82424154252496
34,7,1.9359335999470204,0,283.0,3.5500000000000003,7,12.128581193191799,0.09197051616629648,1.104568274373718,215.87544227701395,0.10123167692437374,4.82424154252496
34,6,1.9858462000265718,0,259.0,3.25,8,12.128581193191799,0.09197051616629648,1.104568274373718,215.87544227701395,0.10123167692437374,4.82424154252496
34,2,1.9907458000816405,0,283.0,3.5500000000000003,10,12.128581193191799,0.09197051616629648,1.104568274373718,215.87544227701395,0.10123167692437374,4.82424154252496
34,0,2.0425404000561684,0,303.0,3.8000000000000003,7,12.128581193191799,0.09197051616629648,1.104568274373718,215.87544227701395,0.10123167692437374,4.82424154252496
34,22,1.4257868999848142,0,579.0,7.25,7,12.128581193191799,0.09197051616629648,1.104568274373718,215.87544227701395,0.10123167692437374,4.82424154252496
34,8,2.322943800012581,0,311.0,3.9000000000000004,18,12.128581193191799,0.09197051616629648,1.104568274373718,215.87544227701395,0.10123167692437374,4.82424154252496
34,11,2.3415543999290094,0,291.0,3.6500000000000004,14,12.128581193191799,0.09197051616629648,1.104568274373718,215.87544227701395,0.10123167692437374,4.82424154252496
34,16,2.4950344000244513,0,280.0,3.5500000000000003,7,12.128581193191799,0.09197051616629648,1.104568274373718,215.87544227701395,0.10123167692437374,4.82424154252496
34,10,2.509176700026728,0,311.0,3.9000000000000004,6,12.128581193191799,0.09197051616629648,1.104568274373718,215.87544227701395,0.10123167692437374,4.82424154252496
34,14,2.607914899941534,0,355.0,4.45,10,12.128581193191799,0.09197051616629648,1.104568274373718,215.87544227701395,0.10123167692437374,4.82424154252496
34,23,1.594561000005342,0,271.0,3.4000000000000004,9,12.128581193191799,0.09197051616629648,1.104568274373718,215.87544227701395,0.10123167692437374,4.82424154252496
34,25,1.3089393000118434,0,343.0,4.3,0,12.128581193191799,0.09197051616629648,1.104568274373718,215.87544227701395,0.10123167692437374,4.82424154252496
34,24,1.51782299997285,0,329.0,4.15,2,12.128581193191799,0.09197051616629648,1.104568274373718,215.87544227701395,0.10123167692437374,4.82424154252496
34,28,1.017113900044933,0,303.0,3.8000000000000003,5,12.128581193191799,0.09197051616629648,1.104568274373718,215.87544227701395,0.10123167692437374,4.82424154252496
34,15,3.0062718999106437,0,383.0,4.800000000000001,19,12.128581193191799,0.09197051616629648,1.104568274373718,215.87544227701395,0.10123167692437374,4.82424154252496
34,4,3.067571899970062,0,295.0,3.7,13,12.128581193191799,0.09197051616629648,1.104568274373718,215.87544227701395,0.10123167692437374,4.82424154252496
34,13,3.195092900074087,0,507.0,6.3500000000000005,17,12.128581193191799,0.09197051616629648,1.104568274373718,215.87544227701395,0.10123167692437374,4.82424154252496
34,26,1.7358361999504268,0,267.0,3.35,10,12.128581193191799,0.09197051616629648,1.104568274373718,215.87544227701395,0.10123167692437374,4.82424154252496
34,27,1.46526680001989,0,303.0,3.8000000000000003,2,12.128581193191799,0.09197051616629648,1.104568274373718,215.87544227701395,0.10123167692437374,4.82424154252496
34,21,2.5784469000063837,0,287.0,3.6,17,12.128581193191799,0.09197051616629648,1.104568274373718,215.87544227701395,0.10123167692437374,4.82424154252496
34,29,1.5252640000544488,0,287.0,3.6,14,12.128581193191799,0.09197051616629648,1.104568274373718,215.87544227701395,0.10123167692437374,4.82424154252496
35,5,0.17997659998945892,0,255.0,3.2,0,10.974675787331723,6.918951976926932,6.554416469075745,106.06732736513995,14.243584426950717,7.117472624904002
35,3,0.6033178999787197,0,283.0,3.5500000000000003,2,10.974675787331723,6.918951976926932,6.554416469075745,106.06732736513995,14.243584426950717,7.117472624904002
35,19,0.4287538999924436,0,239.0,3.0,0,10.974675787331723,6.918951976926932,6.554416469075745,106.06732736513995,14.243584426950717,7.117472624904002
35,0,0.7413739999756217,0,267.0,3.35,4,10.974675787331723,6.918951976926932,6.554416469075745,106.06732736513995,14.243584426950717,7.117472624904002
35,1,0.9080727000255138,0,243.0,3.0500000000000003,3,10.974675787331723,6.918951976926932,6.554416469075745,106.06732736513995,14.243584426950717,7.117472624904002
35,2,0.9594467000570148,0,259.0,3.25,6,10.974675787331723,6.918951976926932,6.554416469075745,106.06732736513995,14.243584426950717,7.117472624904002
35,9,1.102974700042978,0,255.0,3.2,2,10.974675787331723,6.918951976926932,6.554416469075745,106.06732736513995,14.243584426950717,7.117472624904002
35,7,1.2580382999731228,0,279.0,3.5,8,10.974675787331723,6.918951976926932,6.554416469075745,106.06732736513995,14.243584426950717,7.117472624904002
35,12,1.3522536000236869,0,283.0,3.5500000000000003,4,10.974675787331723,6.918951976926932,6.554416469075745,106.06732736513995,14.243584426950717,7.117472624904002
35,17,1.460556500009261,0,323.0,4.05,1,10.974675787331723,6.918951976926932,6.554416469075745,106.06732736513995,14.243584426950717,7.117472624904002
35,11,1.5137436999939382,0,275.0,3.45,11,10.974675787331723,6.918951976926932,6.554416469075745,106.06732736513995,14.243584426950717,7.117472624904002
35,14,1.7059600999346003,0,319.0,4.0,5,10.974675787331723,6.918951976926932,6.554416469075745,106.06732736513995,14.243584426950717,7.117472624904002
35,4,1.8139107000315562,0,255.0,3.2,11,10.974675787331723,6.918951976926932,6.554416469075745,106.06732736513995,14.243584426950717,7.117472624904002
35,18,1.9513120000483468,0,291.0,3.6500000000000004,8,10.974675787331723,6.918951976926932,6.554416469075745,106.06732736513995,14.243584426950717,7.117472624904002
35,22,1.3725010000634938,0,579.0,7.25,7,10.974675787331723,6.918951976926932,6.554416469075745,106.06732736513995,14.243584426950717,7.117472624904002
35,25,1.207554699969478,0,295.0,3.7,4,10.974675787331723,6.918951976926932,6.554416469075745,106.06732736513995,14.243584426950717,7.117472624904002
35,10,2.4274053999688476,0,299.0,3.75,9,10.974675787331723,6.918951976926932,6.554416469075745,106.06732736513995,14.243584426950717,7.117472624904002
35,24,1.470548800076358,0,344.0,4.3500000000000005,1,10.974675787331723,6.918951976926932,6.554416469075745,106.06732736513995,14.243584426950717,7.117472624904002
35,28,1.0498628999339417,0,303.0,3.8000000000000003,5,10.974675787331723,6.918951976926932,6.554416469075745,106.06732736513995,14.243584426950717,7.117472624904002
35,6,2.5488698000553995,0,327.0,4.1000000000000005,3,10.974675787331723,6.918951976926932,6.554416469075745,106.06732736513995,14.243584426950717,7.117472624904002
35,23,1.7658162000589073,0,302.0,3.85,9,10.974675787331723,6.918951976926932,6.554416469075745,106.06732736513995,14.243584426950717,7.117472624904002
35,20,2.1200213000411168,0,316.0,4.0,0,10.974675787331723,6.918951976926932,6.554416469075745,106.06732736513995,14.243584426950717,7.117472624904002
35,8,2.827567100059241,0,359.0,4.5,15,10.974675787331723,6.918951976926932,6.554416469075745,106.06732736513995,14.243584426950717,7.117472624904002
35,15,2.868252499960363,0,351.0,4.4,14,10.974675787331723,6.918951976926932,6.554416469075745,106.06732736513995,14.243584426950717,7.117472624904002
35,21,2.3313002000795677,0,307.0,3.85,13,10.974675787331723,6.918951976926932,6.554416469075745,106.06732736513995,14.243584426950717,7.117472624904002
35,26,1.8390514999628067,0,259.0,3.25,10,10.974675787331723,6.918951976926932,6.554416469075745,106.06732736513995,14.243584426950717,7.117472624904002
35,27,1.8304912999738008,0,331.0,4.15,2,10.974675787331723,6.918951976926932,6.554416469075745,106.06732736513995,14.243584426950717,7.117472624904002
35,13,3.2220835000043735,0,507.0,6.3500000000000005,17,10.974675787331723,6.918951976926932,6.554416469075745,106.06732736513995,14.243584426950717,7.117472624904002
35,29,1.8287230000132695,0,291.0,3.6500000000000004,14,10.974675787331723,6.918951976926932,6.554416469075745,106.06732736513995,14.243584426950717,7.117472624904002
35,16,50.70077689993195,1,5002.0,68.2,6,10.974675787331723,6.918951976926932,6.554416469075745,106.06732736513995,14.243584426950717,7.117472624904002
36,5,0.1908642000053078,0,255.0,3.2,0,6.5079939631853545,7.464914051180242,6.531365700567425,262.3058526235445,13.152257846006867,17.049258100064147
36,0,0.5644059999613091,0,263.0,3.3000000000000003,4,6.5079939631853545,7.464914051180242,6.531365700567425,262.3058526235445,13.152257846006867,17.049258100064147
36,19,0.4237339999526739,0,239.0,3.0,0,6.5079939631853545,7.464914051180242,6.531365700567425,262.3058526235445,13.152257846006867,17.049258100064147
36,3,0.7404838999500498,0,283.0,3.5500000000000003,2,6.5079939631853545,7.464914051180242,6.531365700567425,262.3058526235445,13.152257846006867,17.049258100064147
36,2,0.9497579999733716,0,259.0,3.25,6,6.5079939631853545,7.464914051180242,6.531365700567425,262.3058526235445,13.152257846006867,17.049258100064147
36,1,0.9829704998992383,0,243.0,3.0500000000000003,3,6.5079939631853545,7.464914051180242,6.531365700567425,262.3058526235445,13.152257846006867,17.049258100064147
36,7,1.085177900036797,0,283.0,3.5500000000000003,8,6.5079939631853545,7.464914051180242,6.531365700567425,262.3058526235445,13.152257846006867,17.049258100064147
36,9,1.2251286000246182,0,247.0,3.1,0,6.5079939631853545,7.464914051180242,6.531365700567425,262.3058526235445,13.152257846006867,17.049258100064147
36,17,1.2869216999970376,0,323.0,4.05,0,6.5079939631853545,7.464914051180242,6.531365700567425,262.3058526235445,13.152257846006867,17.049258100064147
36,6,1.485780299990438,0,287.0,3.6,6,6.5079939631853545,7.464914051180242,6.531365700567425,262.3058526235445,13.152257846006867,17.049258100064147
36,12,1.5479224999435246,0,295.0,3.7,9,6.5079939631853545,7.464914051180242,6.531365700567425,262.3058526235445,13.152257846006867,17.049258100064147
36,15,1.6162621999392286,0,251.0,3.1500000000000004,11,6.5079939631853545,7.464914051180242,6.531365700567425,262.3058526235445,13.152257846006867,17.049258100064147
36,11,1.7125297000166029,0,279.0,3.5,11,6.5079939631853545,7.464914051180242,6.531365700567425,262.3058526235445,13.152257846006867,17.049258100064147
36,18,1.7423842999851331,0,307.0,3.85,2,6.5079939631853545,7.464914051180242,6.531365700567425,262.3058526235445,13.152257846006867,17.049258100064147
36,8,1.9634162000147626,0,287.0,3.6,10,6.5079939631853545,7.464914051180242,6.531365700567425,262.3058526235445,13.152257846006867,17.049258100064147
36,25,0.9795322000281885,0,267.0,3.35,0,6.5079939631853545,7.464914051180242,6.531365700567425,262.3058526235445,13.152257846006867,17.049258100064147
36,22,1.4567860999377444,0,571.0,7.15,7,6.5079939631853545,7.464914051180242,6.531365700567425,262.3058526235445,13.152257846006867,17.049258100064147
36,20,1.6919049000134692,0,286.0,3.6,0,6.5079939631853545,7.464914051180242,6.531365700567425,262.3058526235445,13.152257846006867,17.049258100064147
36,28,0.8367107000667602,0,299.0,3.75,4,6.5079939631853545,7.464914051180242,6.531365700567425,262.3058526235445,13.152257846006867,17.049258100064147
36,10,2.33204490004573,0,311.0,3.9000000000000004,6,6.5079939631853545,7.464914051180242,6.531365700567425,262.3058526235445,13.152257846006867,17.049258100064147
36,21,1.7965708000119776,0,263.0,3.3000000000000003,4,6.5079939631853545,7.464914051180242,6.531365700567425,262.3058526235445,13.152257846006867,17.049258100064147
36,13,2.4457241999916732,0,483.0,6.050000000000001,9,6.5079939631853545,7.464914051180242,6.531365700567425,262.3058526235445,13.152257846006867,17.049258100064147
36,26,1.423239600029774,0,259.0,3.25,10,6.5079939631853545,7.464914051180242,6.531365700567425,262.3058526235445,13.152257846006867,17.049258100064147
36,14,2.730796999996528,0,463.0,5.800000000000001,11,6.5079939631853545,7.464914051180242,6.531365700567425,262.3058526235445,13.152257846006867,17.049258100064147
36,29,1.2060745999915525,0,267.0,3.35,10,6.5079939631853545,7.464914051180242,6.531365700567425,262.3058526235445,13.152257846006867,17.049258100064147
36,27,1.74091990001034,0,331.0,4.15,2,6.5079939631853545,7.464914051180242,6.531365700567425,262.3058526235445,13.152257846006867,17.049258100064147
36,24,2.319804499973543,0,419.0,5.300000000000001,0,6.5079939631853545,7.464914051180242,6.531365700567425,262.3058526235445,13.152257846006867,17.049258100064147
36,16,4.523024599999189,0,471.0,6.050000000000001,2,6.5079939631853545,7.464914051180242,6.531365700567425,262.3058526235445,13.152257846006867,17.049258100064147
36,23,6.591252500074916,0,954.0,12.75,4,6.5079939631853545,7.464914051180242,6.531365700567425,262.3058526235445,13.152257846006867,17.049258100064147
36,4,44.40974410006311,1,5001.0,69.25,13,6.5079939631853545,7.464914051180242,6.531365700567425,262.3058526235445,13.152257846006867,17.049258100064147
37,5,0.1815141000552103,0,255.0,3.2,0,1.8734953565618495,3.6771580305943354,2.7255034400490823,110.9974108447709,19.460211095048912,11.792931740002812
37,19,0.39073710003867745,0,239.0,3.0,0,1.8734953565618495,3.6771580305943354,2.7255034400490823,110.9974108447709,19.460211095048912,11.792931740002812
37,0,0.5897522999439389,0,263.0,3.3000000000000003,4,1.8734953565618495,3.6771580305943354,2.7255034400490823,110.9974108447709,19.460211095048912,11.792931740002812
37,3,0.5946398000232875,0,283.0,3.5500000000000003,2,1.8734953565618495,3.6771580305943354,2.7255034400490823,110.9974108447709,19.460211095048912,11.792931740002812
37,1,0.8836586999241263,0,243.0,3.0500000000000003,3,1.8734953565618495,3.6771580305943354,2.7255034400490823,110.9974108447709,19.460211095048912,11.792931740002812
37,7,0.9600624999729916,0,271.0,3.4000000000000004,4,1.8734953565618495,3.6771580305943354,2.7255034400490823,110.9974108447709,19.460211095048912,11.792931740002812
37,2,0.9658060000510886,0,259.0,3.25,6,1.8734953565618495,3.6771580305943354,2.7255034400490823,110.9974108447709,19.460211095048912,11.792931740002812
37,9,1.2214024000568315,0,247.0,3.1,0,1.8734953565618495,3.6771580305943354,2.7255034400490823,110.9974108447709,19.460211095048912,11.792931740002812
37,17,1.2911642000544816,0,327.0,4.1000000000000005,0,1.8734953565618495,3.6771580305943354,2.7255034400490823,110.9974108447709,19.460211095048912,11.792931740002812
37,12,1.414401700021699,0,295.0,3.7,6,1.8734953565618495,3.6771580305943354,2.7255034400490823,110.9974108447709,19.460211095048912,11.792931740002812
37,18,1.5259763000067323,0,299.0,3.75,8,1.8734953565618495,3.6771580305943354,2.7255034400490823,110.9974108447709,19.460211095048912,11.792931740002812
37,11,1.712735699955374,0,279.0,3.5,11,1.8734953565618495,3.6771580305943354,2.7255034400490823,110.9974108447709,19.460211095048912,11.792931740002812
37,15,1.723715899977833,0,251.0,3.1500000000000004,11,1.8734953565618495,3.6771580305943354,2.7255034400490823,110.9974108447709,19.460211095048912,11.792931740002812
37,6,1.8068097999785095,0,287.0,3.6,6,1.8734953565618495,3.6771580305943354,2.7255034400490823,110.9974108447709,19.460211095048912,11.792931740002812
37,22,1.219677499961108,0,571.0,7.15,5,1.8734953565618495,3.6771580305943354,2.7255034400490823,110.9974108447709,19.460211095048912,11.792931740002812
37,23,0.9413601000560448,0,243.0,3.0500000000000003,0,1.8734953565618495,3.6771580305943354,2.7255034400490823,110.9974108447709,19.460211095048912,11.792931740002812
37,25,1.1804234000155702,0,275.0,3.45,2,1.8734953565618495,3.6771580305943354,2.7255034400490823,110.9974108447709,19.460211095048912,11.792931740002812
37,8,2.1990397000918165,0,299.0,3.75,10,1.8734953565618495,3.6771580305943354,2.7255034400490823,110.9974108447709,19.460211095048912,11.792931740002812
37,28,0.8735950000118464,0,299.0,3.75,4,1.8734953565618495,3.6771580305943354,2.7255034400490823,110.9974108447709,19.460211095048912,11.792931740002812
37,10,2.2995109000476077,0,311.0,3.9000000000000004,6,1.8734953565618495,3.6771580305943354,2.7255034400490823,110.9974108447709,19.460211095048912,11.792931740002812
37,26,1.2538061001105234,0,247.0,3.1,7,1.8734953565618495,3.6771580305943354,2.7255034400490823,110.9974108447709,19.460211095048912,11.792931740002812
37,14,2.518975400016643,0,475.0,5.95,7,1.8734953565618495,3.6771580305943354,2.7255034400490823,110.9974108447709,19.460211095048912,11.792931740002812
37,13,2.6113149999873713,0,735.0,9.200000000000001,9,1.8734953565618495,3.6771580305943354,2.7255034400490823,110.9974108447709,19.460211095048912,11.792931740002812
37,21,2.041222000028938,0,271.0,3.4000000000000004,5,1.8734953565618495,3.6771580305943354,2.7255034400490823,110.9974108447709,19.460211095048912,11.792931740002812
37,16,2.7092187999514863,0,331.0,4.15,0,1.8734953565618495,3.6771580305943354,2.7255034400490823,110.9974108447709,19.460211095048912,11.792931740002812
37,29,1.2007316999370232,0,267.0,3.35,10,1.8734953565618495,3.6771580305943354,2.7255034400490823,110.9974108447709,19.460211095048912,11.792931740002812
37,27,1.6156222000718117,0,331.0,4.15,2,1.8734953565618495,3.6771580305943354,2.7255034400490823,110.9974108447709,19.460211095048912,11.792931740002812
37,24,3.89051339996513,0,544.0,6.8500000000000005,0,1.8734953565618495,3.6771580305943354,2.7255034400490823,110.9974108447709,19.460211095048912,11.792931740002812
37,4,34.271441300050355,1,5002.0,70.9,10,1.8734953565618495,3.6771580305943354,2.7255034400490823,110.9974108447709,19.460211095048912,11.792931740002812
37,20,35.65607529995032,1,5000.0,70.95,0,1.8734953565618495,3.6771580305943354,2.7255034400490823,110.9974108447709,19.460211095048912,11.792931740002812
38,5,0.18464789993595332,0,255.0,3.2,0,17.840931103542268,6.311386259972629,7.9686319050623196,175.65927327629802,11.538077692527182,14.775530814565917
38,3,0.6025811999570578,0,283.0,3.5500000000000003,2,17.840931103542268,6.311386259972629,7.9686319050623196,175.65927327629802,11.538077692527182,14.775530814565917
38,19,0.4276073999935761,0,239.0,3.0,0,17.840931103542268,6.311386259972629,7.9686319050623196,175.65927327629802,11.538077692527182,14.775530814565917
38,0,0.7099145000101998,0,275.0,3.45,4,17.840931103542268,6.311386259972629,7.9686319050623196,175.65927327629802,11.538077692527182,14.775530814565917
38,1,0.8259020000696182,0,243.0,3.0500000000000003,3,17.840931103542268,6.311386259972629,7.9686319050623196,175.65927327629802,11.538077692527182,14.775530814565917
38,2,0.9252898000413552,0,259.0,3.25,6,17.840931103542268,6.311386259972629,7.9686319050623196,175.65927327629802,11.538077692527182,14.775530814565917
38,7,1.129500100039877,0,279.0,3.5,8,17.840931103542268,6.311386259972629,7.9686319050623196,175.65927327629802,11.538077692527182,14.775530814565917
38,9,1.2208888999884948,0,255.0,3.2,2,17.840931103542268,6.311386259972629,7.9686319050623196,175.65927327629802,11.538077692527182,14.775530814565917
38,17,1.2955816999310628,0,323.0,4.05,1,17.840931103542268,6.311386259972629,7.9686319050623196,175.65927327629802,11.538077692527182,14.775530814565917
38,12,1.4246180999325588,0,283.0,3.5500000000000003,4,17.840931103542268,6.311386259972629,7.9686319050623196,175.65927327629802,11.538077692527182,14.775530814565917
38,6,1.5591099000303075,0,279.0,3.5,6,17.840931103542268,6.311386259972629,7.9686319050623196,175.65927327629802,11.538077692527182,14.775530814565917
38,15,1.6078850000631064,0,251.0,3.1500000000000004,11,17.840931103542268,6.311386259972629,7.9686319050623196,175.65927327629802,11.538077692527182,14.775530814565917
38,18,1.6140914000570774,0,303.0,3.8000000000000003,2,17.840931103542268,6.311386259972629,7.9686319050623196,175.65927327629802,11.538077692527182,14.775530814565917
38,4,1.6170172999845818,0,251.0,3.1500000000000004,11,17.840931103542268,6.311386259972629,7.9686319050623196,175.65927327629802,11.538077692527182,14.775530814565917
38,14,1.6972252000123262,0,319.0,4.0,5,17.840931103542268,6.311386259972629,7.9686319050623196,175.65927327629802,11.538077692527182,14.775530814565917
38,8,1.9273176999995485,0,363.0,4.55,13,17.840931103542268,6.311386259972629,7.9686319050623196,175.65927327629802,11.538077692527182,14.775530814565917
38,25,0.9225573999574408,0,279.0,3.5,2,17.840931103542268,6.311386259972629,7.9686319050623196,175.65927327629802,11.538077692527182,14.775530814565917
38,24,1.1474604000104591,0,314.0,3.95,1,17.840931103542268,6.311386259972629,7.9686319050623196,175.65927327629802,11.538077692527182,14.775530814565917
38,22,1.3831782001070678,0,579.0,7.25,4,17.840931103542268,6.311386259972629,7.9686319050623196,175.65927327629802,11.538077692527182,14.775530814565917
38,11,2.178630900103599,0,299.0,3.75,11,17.840931103542268,6.311386259972629,7.9686319050623196,175.65927327629802,11.538077692527182,14.775530814565917
38,28,0.8957486000144854,0,303.0,3.8000000000000003,5,17.840931103542268,6.311386259972629,7.9686319050623196,175.65927327629802,11.538077692527182,14.775530814565917
38,10,2.4947941000573337,0,295.0,3.7,9,17.840931103542268,6.311386259972629,7.9686319050623196,175.65927327629802,11.538077692527182,14.775530814565917
38,21,2.064478800049983,0,279.0,3.5,13,17.840931103542268,6.311386259972629,7.9686319050623196,175.65927327629802,11.538077692527182,14.775530814565917
38,26,1.5320960000390187,0,267.0,3.35,10,17.840931103542268,6.311386259972629,7.9686319050623196,175.65927327629802,11.538077692527182,14.775530814565917
38,13,2.7928390000015497,0,507.0,6.3500000000000005,17,17.840931103542268,6.311386259972629,7.9686319050623196,175.65927327629802,11.538077692527182,14.775530814565917
38,20,2.186269300058484,0,328.0,4.15,1,17.840931103542268,6.311386259972629,7.9686319050623196,175.65927327629802,11.538077692527182,14.775530814565917
38,29,1.266914999927394,0,275.0,3.45,11,17.840931103542268,6.311386259972629,7.9686319050623196,175.65927327629802,11.538077692527182,14.775530814565917
38,27,1.666286899941042,0,331.0,4.15,2,17.840931103542268,6.311386259972629,7.9686319050623196,175.65927327629802,11.538077692527182,14.775530814565917
38,23,5.843277500011027,0,840.0,11.200000000000001,9,17.840931103542268,6.311386259972629,7.9686319050623196,175.65927327629802,11.538077692527182,14.775530814565917
38,16,41.10201150004286,1,5002.0,70.9,7,17.840931103542268,6.311386259972629,7.9686319050623196,175.65927327629802,11.538077692527182,14.775530814565917
39,5,0.22356229997240007,0,255.0,3.2,0,3.90485975596089,7.224521152615053,2.8796463881644727,56.07899160786346,12.909445918143357,5.313320382211469
39,3,0.6420827000401914,0,283.0,3.5500000000000003,2,3.90485975596089,7.224521152615053,2.8796463881644727,56.07899160786346,12.909445918143357,5.313320382211469
39,0,0.7735686999512836,0,275.0,3.45,4,3.90485975596089,7.224521152615053,2.8796463881644727,56.07899160786346,12.909445918143357,5.313320382211469
39,1,0.9421176000032574,0,243.0,3.0500000000000003,3,3.90485975596089,7.224521152615053,2.8796463881644727,56.07899160786346,12.909445918143357,5.313320382211469
39,19,0.7808865000260994,0,247.0,3.1,4,3.90485975596089,7.224521152615053,2.8796463881644727,56.07899160786346,12.909445918143357,5.313320382211469
39,2,1.1278741999994963,0,259.0,3.25,6,3.90485975596089,7.224521152615053,2.8796463881644727,56.07899160786346,12.909445918143357,5.313320382211469
39,7,1.1666326000122353,0,279.0,3.5,8,3.90485975596089,7.224521152615053,2.8796463881644727,56.07899160786346,12.909445918143357,5.313320382211469
39,12,1.393294099951163,0,283.0,3.5500000000000003,4,3.90485975596089,7.224521152615053,2.8796463881644727,56.07899160786346,12.909445918143357,5.313320382211469
39,18,1.453182699973695,0,299.0,3.75,2,3.90485975596089,7.224521152615053,2.8796463881644727,56.07899160786346,12.909445918143357,5.313320382211469
39,15,1.5406381000066176,0,259.0,3.25,9,3.90485975596089,7.224521152615053,2.8796463881644727,56.07899160786346,12.909445918143357,5.313320382211469
39,17,1.5816427000099793,0,331.0,4.15,2,3.90485975596089,7.224521152615053,2.8796463881644727,56.07899160786346,12.909445918143357,5.313320382211469
39,6,1.8421333999140188,0,275.0,3.45,6,3.90485975596089,7.224521152615053,2.8796463881644727,56.07899160786346,12.909445918143357,5.313320382211469
39,9,1.8595439000055194,0,271.0,3.4000000000000004,4,3.90485975596089,7.224521152615053,2.8796463881644727,56.07899160786346,12.909445918143357,5.313320382211469
39,10,1.8931820000289008,0,275.0,3.45,4,3.90485975596089,7.224521152615053,2.8796463881644727,56.07899160786346,12.909445918143357,5.313320382211469
39,11,1.9068864999571815,0,279.0,3.5,11,3.90485975596089,7.224521152615053,2.8796463881644727,56.07899160786346,12.909445918143357,5.313320382211469
39,8,2.024762299959548,0,299.0,3.75,8,3.90485975596089,7.224521152615053,2.8796463881644727,56.07899160786346,12.909445918143357,5.313320382211469
39,4,2.1760349000105634,0,259.0,3.25,9,3.90485975596089,7.224521152615053,2.8796463881644727,56.07899160786346,12.909445918143357,5.313320382211469
39,24,1.2327725000213832,0,314.0,3.95,1,3.90485975596089,7.224521152615053,2.8796463881644727,56.07899160786346,12.909445918143357,5.313320382211469
39,28,0.9655459000496194,0,299.0,3.75,4,3.90485975596089,7.224521152615053,2.8796463881644727,56.07899160786346,12.909445918143357,5.313320382211469
39,25,1.3686996001051739,0,283.0,3.5500000000000003,2,3.90485975596089,7.224521152615053,2.8796463881644727,56.07899160786346,12.909445918143357,5.313320382211469
39,22,1.6895051000174135,0,579.0,7.25,9,3.90485975596089,7.224521152615053,2.8796463881644727,56.07899160786346,12.909445918143357,5.313320382211469
39,26,1.3535179999889806,0,247.0,3.1,7,3.90485975596089,7.224521152615053,2.8796463881644727,56.07899160786346,12.909445918143357,5.313320382211469
39,27,1.4584759999997914,0,307.0,3.85,2,3.90485975596089,7.224521152615053,2.8796463881644727,56.07899160786346,12.909445918143357,5.313320382211469
39,29,1.3558039999334142,0,267.0,3.35,10,3.90485975596089,7.224521152615053,2.8796463881644727,56.07899160786346,12.909445918143357,5.313320382211469
39,21,2.2594970000209287,0,263.0,3.3000000000000003,11,3.90485975596089,7.224521152615053,2.8796463881644727,56.07899160786346,12.909445918143357,5.313320382211469
39,13,3.217944399919361,0,755.0,9.450000000000001,9,3.90485975596089,7.224521152615053,2.8796463881644727,56.07899160786346,12.909445918143357,5.313320382211469
39,16,3.41035370004829,0,396.0,5.15,6,3.90485975596089,7.224521152615053,2.8796463881644727,56.07899160786346,12.909445918143357,5.313320382211469
39,20,3.193126800004393,0,403.0,5.2,0,3.90485975596089,7.224521152615053,2.8796463881644727,56.07899160786346,12.909445918143357,5.313320382211469
39,23,4.041694000014104,0,615.0,8.15,4,3.90485975596089,7.224521152615053,2.8796463881644727,56.07899160786346,12.909445918143357,5.313320382211469
39,14,42.169538900023326,1,5000.0,70.60000000000001,10,3.90485975596089,7.224521152615053,2.8796463881644727,56.07899160786346,12.909445918143357,5.313320382211469
40,5,0.19270150002557784,0,255.0,3.2,0,18.809171687058285,9.539285770025874,9.15715746318244,142.5396750638611,0.30913233057734857,27.849556877631763
40,19,0.40459419996477664,0,239.0,3.0,0,18.809171687058285,9.539285770025874,9.15715746318244,142.5396750638611,0.30913233057734857,27.849556877631763
40,3,0.6360670999856666,0,283.0,3.5500000000000003,2,18.809171687058285,9.539285770025874,9.15715746318244,142.5396750638611,0.30913233057734857,27.849556877631763
40,0,0.6614373000338674,0,267.0,3.35,4,18.809171687058285,9.539285770025874,9.15715746318244,142.5396750638611,0.30913233057734857,27.849556877631763
40,1,0.9885051000164822,0,243.0,3.0500000000000003,3,18.809171687058285,9.539285770025874,9.15715746318244,142.5396750638611,0.30913233057734857,27.849556877631763
40,2,1.0343355000950396,0,259.0,3.25,6,18.809171687058285,9.539285770025874,9.15715746318244,142.5396750638611,0.30913233057734857,27.849556877631763
40,9,1.0814940000418574,0,255.0,3.2,2,18.809171687058285,9.539285770025874,9.15715746318244,142.5396750638611,0.30913233057734857,27.849556877631763
40,7,1.1640431999694556,0,279.0,3.5,8,18.809171687058285,9.539285770025874,9.15715746318244,142.5396750638611,0.30913233057734857,27.849556877631763
40,17,1.2489613000070676,0,327.0,4.1000000000000005,1,18.809171687058285,9.539285770025874,9.15715746318244,142.5396750638611,0.30913233057734857,27.849556877631763
40,12,1.4638317000353709,0,283.0,3.5500000000000003,4,18.809171687058285,9.539285770025874,9.15715746318244,142.5396750638611,0.30913233057734857,27.849556877631763
40,18,1.571312400046736,0,307.0,3.85,2,18.809171687058285,9.539285770025874,9.15715746318244,142.5396750638611,0.30913233057734857,27.849556877631763
40,4,1.6098522000247613,0,251.0,3.1500000000000004,11,18.809171687058285,9.539285770025874,9.15715746318244,142.5396750638611,0.30913233057734857,27.849556877631763
40,22,1.0513735000276938,0,579.0,7.25,2,18.809171687058285,9.539285770025874,9.15715746318244,142.5396750638611,0.30913233057734857,27.849556877631763
40,23,0.7267792000202462,0,231.0,2.9000000000000004,0,18.809171687058285,9.539285770025874,9.15715746318244,142.5396750638611,0.30913233057734857,27.849556877631763
40,8,1.976611000020057,0,359.0,4.5,13,18.809171687058285,9.539285770025874,9.15715746318244,142.5396750638611,0.30913233057734857,27.849556877631763
40,25,0.9728919999906793,0,279.0,3.5,2,18.809171687058285,9.539285770025874,9.15715746318244,142.5396750638611,0.30913233057734857,27.849556877631763
40,15,2.0861712000332773,0,339.0,4.25,10,18.809171687058285,9.539285770025874,9.15715746318244,142.5396750638611,0.30913233057734857,27.849556877631763
40,10,2.2274927999824286,0,283.0,3.5500000000000003,10,18.809171687058285,9.539285770025874,9.15715746318244,142.5396750638611,0.30913233057734857,27.849556877631763
40,11,2.323494300013408,0,299.0,3.75,11,18.809171687058285,9.539285770025874,9.15715746318244,142.5396750638611,0.30913233057734857,27.849556877631763
40,28,0.8930034000659361,0,299.0,3.75,4,18.809171687058285,9.539285770025874,9.15715746318244,142.5396750638611,0.30913233057734857,27.849556877631763
40,29,1.200758499908261,0,267.0,3.35,10,18.809171687058285,9.539285770025874,9.15715746318244,142.5396750638611,0.30913233057734857,27.849556877631763
40,21,2.241323500056751,0,295.0,3.7,10,18.809171687058285,9.539285770025874,9.15715746318244,142.5396750638611,0.30913233057734857,27.849556877631763
40,26,1.7220246000215411,0,259.0,3.25,10,18.809171687058285,9.539285770025874,9.15715746318244,142.5396750638611,0.30913233057734857,27.849556877631763
40,13,2.982411599950865,0,507.0,6.3500000000000005,17,18.809171687058285,9.539285770025874,9.15715746318244,142.5396750638611,0.30913233057734857,27.849556877631763
40,27,1.754412299953401,0,331.0,4.15,2,18.809171687058285,9.539285770025874,9.15715746318244,142.5396750638611,0.30913233057734857,27.849556877631763
40,24,1.9899154000449926,0,370.0,4.65,0,18.809171687058285,9.539285770025874,9.15715746318244,142.5396750638611,0.30913233057734857,27.849556877631763
40,16,3.393256300012581,0,345.0,4.5,6,18.809171687058285,9.539285770025874,9.15715746318244,142.5396750638611,0.30913233057734857,27.849556877631763
40,6,3.5785647000884637,0,415.0,5.2,13,18.809171687058285,9.539285770025874,9.15715746318244,142.5396750638611,0.30913233057734857,27.849556877631763
40,20,35.44403490005061,1,5000.0,70.95,0,18.809171687058285,9.539285770025874,9.15715746318244,142.5396750638611,0.30913233057734857,27.849556877631763
40,14,40.01700019999407,1,5000.0,70.60000000000001,15,18.809171687058285,9.539285770025874,9.15715746318244,142.5396750638611,0.30913233057734857,27.849556877631763
41,5,0.16143410000950098,0,255.0,3.2,0,8.563682966346287,9.666548190436696,9.639837773183602,263.25236386684,5.888977841391714,11.552931858057757
41,0,0.5254527000943199,0,263.0,3.3000000000000003,4,8.563682966346287,9.666548190436696,9.639837773183602,263.25236386684,5.888977841391714,11.552931858057757
41,19,0.3921860000118613,0,239.0,3.0,0,8.563682966346287,9.666548190436696,9.639837773183602,263.25236386684,5.888977841391714,11.552931858057757
41,3,0.7128972000209615,0,283.0,3.5500000000000003,2,8.563682966346287,9.666548190436696,9.639837773183602,263.25236386684,5.888977841391714,11.552931858057757
41,1,0.8126895999303088,0,243.0,3.0500000000000003,3,8.563682966346287,9.666548190436696,9.639837773183602,263.25236386684,5.888977841391714,11.552931858057757
41,2,1.1040350999683142,0,259.0,3.25,6,8.563682966346287,9.666548190436696,9.639837773183602,263.25236386684,5.888977841391714,11.552931858057757
41,7,1.2138881999999285,0,283.0,3.5500000000000003,8,8.563682966346287,9.666548190436696,9.639837773183602,263.25236386684,5.888977841391714,11.552931858057757
41,12,1.2371056999545544,0,283.0,3.5500000000000003,9,8.563682966346287,9.666548190436696,9.639837773183602,263.25236386684,5.888977841391714,11.552931858057757
41,17,1.250799800036475,0,331.0,4.15,2,8.563682966346287,9.666548190436696,9.639837773183602,263.25236386684,5.888977841391714,11.552931858057757
41,9,1.2776211000746116,0,255.0,3.2,2,8.563682966346287,9.666548190436696,9.639837773183602,263.25236386684,5.888977841391714,11.552931858057757
41,18,1.3705042999936268,0,295.0,3.7,0,8.563682966346287,9.666548190436696,9.639837773183602,263.25236386684,5.888977841391714,11.552931858057757
41,11,1.4249999000458047,0,275.0,3.45,11,8.563682966346287,9.666548190436696,9.639837773183602,263.25236386684,5.888977841391714,11.552931858057757
41,6,1.4322507999604568,0,287.0,3.6,6,8.563682966346287,9.666548190436696,9.639837773183602,263.25236386684,5.888977841391714,11.552931858057757
41,15,1.701521800016053,0,251.0,3.1500000000000004,11,8.563682966346287,9.666548190436696,9.639837773183602,263.25236386684,5.888977841391714,11.552931858057757
41,4,1.746439200011082,0,263.0,3.3000000000000003,13,8.563682966346287,9.666548190436696,9.639837773183602,263.25236386684,5.888977841391714,11.552931858057757
41,8,1.7891531999921426,0,295.0,3.7,10,8.563682966346287,9.666548190436696,9.639837773183602,263.25236386684,5.888977841391714,11.552931858057757
41,23,1.059483699966222,0,251.0,3.1500000000000004,0,8.563682966346287,9.666548190436696,9.639837773183602,263.25236386684,5.888977841391714,11.552931858057757
41,22,1.2183852000162005,0,571.0,7.15,5,8.563682966346287,9.666548190436696,9.639837773183602,263.25236386684,5.888977841391714,11.552931858057757
41,28,0.884679599897936,0,299.0,3.75,4,8.563682966346287,9.666548190436696,9.639837773183602,263.25236386684,5.888977841391714,11.552931858057757
41,25,1.0279728999594226,0,275.0,3.45,2,8.563682966346287,9.666548190436696,9.639837773183602,263.25236386684,5.888977841391714,11.552931858057757
41,13,2.276110199978575,0,483.0,6.050000000000001,9,8.563682966346287,9.666548190436696,9.639837773183602,263.25236386684,5.888977841391714,11.552931858057757
41,20,1.7926588000264019,0,306.0,3.85,1,8.563682966346287,9.666548190436696,9.639837773183602,263.25236386684,5.888977841391714,11.552931858057757
41,26,1.2349038999527693,0,247.0,3.1,7,8.563682966346287,9.666548190436696,9.639837773183602,263.25236386684,5.888977841391714,11.552931858057757
41,10,2.551042100065388,0,335.0,4.2,6,8.563682966346287,9.666548190436696,9.639837773183602,263.25236386684,5.888977841391714,11.552931858057757
41,21,2.035410900018178,0,307.0,3.85,7,8.563682966346287,9.666548190436696,9.639837773183602,263.25236386684,5.888977841391714,11.552931858057757
41,27,1.5609395999927074,0,331.0,4.15,2,8.563682966346287,9.666548190436696,9.639837773183602,263.25236386684,5.888977841391714,11.552931858057757
41,14,2.841932100011036,0,491.0,6.15,11,8.563682966346287,9.666548190436696,9.639837773183602,263.25236386684,5.888977841391714,11.552931858057757
41,29,1.6540188000071794,0,299.0,3.75,14,8.563682966346287,9.666548190436696,9.639837773183602,263.25236386684,5.888977841391714,11.552931858057757
41,24,2.5135351999197155,0,436.0,5.5,0,8.563682966346287,9.666548190436696,9.639837773183602,263.25236386684,5.888977841391714,11.552931858057757
41,16,4.90464660001453,0,633.0,8.25,0,8.563682966346287,9.666548190436696,9.639837773183602,263.25236386684,5.888977841391714,11.552931858057757
42,5,0.1811667000874877,0,255.0,3.2,0,17.022733430337137,3.1692200515627764,1.7779781921923157,189.20031561458754,18.72309548321562,20.88089390024919
42,19,0.4121791999787092,0,239.0,3.0,0,17.022733430337137,3.1692200515627764,1.7779781921923157,189.20031561458754,18.72309548321562,20.88089390024919
42,0,0.6133366000140086,0,263.0,3.3000000000000003,4,17.022733430337137,3.1692200515627764,1.7779781921923157,189.20031561458754,18.72309548321562,20.88089390024919
42,3,0.7048803999787197,0,283.0,3.5500000000000003,2,17.022733430337137,3.1692200515627764,1.7779781921923157,189.20031561458754,18.72309548321562,20.88089390024919
42,1,0.9204063999932259,0,243.0,3.0500000000000003,3,17.022733430337137,3.1692200515627764,1.7779781921923157,189.20031561458754,18.72309548321562,20.88089390024919
42,2,0.9256410000380129,0,259.0,3.25,6,17.022733430337137,3.1692200515627764,1.7779781921923157,189.20031561458754,18.72309548321562,20.88089390024919
42,20,0.41374139999970794,0,215.0,2.7,0,17.022733430337137,3.1692200515627764,1.7779781921923157,189.20031561458754,18.72309548321562,20.88089390024919
42,9,1.2128876999486238,0,255.0,3.2,2,17.022733430337137,3.1692200515627764,1.7779781921923157,189.20031561458754,18.72309548321562,20.88089390024919
42,7,1.2434565000003204,0,279.0,3.5,8,17.022733430337137,3.1692200515627764,1.7779781921923157,189.20031561458754,18.72309548321562,20.88089390024919
42,17,1.5150696999626234,0,323.0,4.05,1,17.022733430337137,3.1692200515627764,1.7779781921923157,189.20031561458754,18.72309548321562,20.88089390024919
42,4,1.6636518000159413,0,251.0,3.1500000000000004,11,17.022733430337137,3.1692200515627764,1.7779781921923157,189.20031561458754,18.72309548321562,20.88089390024919
42,14,1.755452899960801,0,319.0,4.0,5,17.022733430337137,3.1692200515627764,1.7779781921923157,189.20031561458754,18.72309548321562,20.88089390024919
42,12,1.9769331000279635,0,307.0,3.85,8,17.022733430337137,3.1692200515627764,1.7779781921923157,189.20031561458754,18.72309548321562,20.88089390024919
42,25,0.9558112999657169,0,263.0,3.3000000000000003,2,17.022733430337137,3.1692200515627764,1.7779781921923157,189.20031561458754,18.72309548321562,20.88089390024919
42,22,1.3484177999198437,0,579.0,7.25,7,17.022733430337137,3.1692200515627764,1.7779781921923157,189.20031561458754,18.72309548321562,20.88089390024919
42,16,2.06650419998914,0,260.0,3.3000000000000003,6,17.022733430337137,3.1692200515627764,1.7779781921923157,189.20031561458754,18.72309548321562,20.88089390024919
42,18,2.1742155000101775,0,315.0,3.95,10,17.022733430337137,3.1692200515627764,1.7779781921923157,189.20031561458754,18.72309548321562,20.88089390024919
42,10,2.177390400087461,0,267.0,3.35,8,17.022733430337137,3.1692200515627764,1.7779781921923157,189.20031561458754,18.72309548321562,20.88089390024919
42,6,2.183924400014803,0,263.0,3.3000000000000003,8,17.022733430337137,3.1692200515627764,1.7779781921923157,189.20031561458754,18.72309548321562,20.88089390024919
42,11,2.3282979000359774,0,299.0,3.75,11,17.022733430337137,3.1692200515627764,1.7779781921923157,189.20031561458754,18.72309548321562,20.88089390024919
42,28,0.9831349999876693,0,303.0,3.8000000000000003,5,17.022733430337137,3.1692200515627764,1.7779781921923157,189.20031561458754,18.72309548321562,20.88089390024919
42,15,2.604474600055255,0,339.0,4.25,14,17.022733430337137,3.1692200515627764,1.7779781921923157,189.20031561458754,18.72309548321562,20.88089390024919
42,21,2.040191199979745,0,259.0,3.25,12,17.022733430337137,3.1692200515627764,1.7779781921923157,189.20031561458754,18.72309548321562,20.88089390024919
42,26,1.5997853999724612,0,259.0,3.25,10,17.022733430337137,3.1692200515627764,1.7779781921923157,189.20031561458754,18.72309548321562,20.88089390024919
42,24,1.919047600007616,0,358.0,4.5,1,17.022733430337137,3.1692200515627764,1.7779781921923157,189.20031561458754,18.72309548321562,20.88089390024919
42,8,2.877837200067006,0,351.0,4.4,18,17.022733430337137,3.1692200515627764,1.7779781921923157,189.20031561458754,18.72309548321562,20.88089390024919
42,29,1.197461700066924,0,283.0,3.5500000000000003,13,17.022733430337137,3.1692200515627764,1.7779781921923157,189.20031561458754,18.72309548321562,20.88089390024919
42,27,1.7237948999973014,0,327.0,4.1000000000000005,7,17.022733430337137,3.1692200515627764,1.7779781921923157,189.20031561458754,18.72309548321562,20.88089390024919
42,13,3.061546300072223,0,507.0,6.3500000000000005,17,17.022733430337137,3.1692200515627764,1.7779781921923157,189.20031561458754,18.72309548321562,20.88089390024919
42,23,2.5015970000531524,0,370.0,4.800000000000001,9,17.022733430337137,3.1692200515627764,1.7779781921923157,189.20031561458754,18.72309548321562,20.88089390024919
43,5,0.17972870008088648,0,255.0,3.2,0,11.401223401787298,0.9717649377076854,6.18857154432178,297.51346252606584,2.8016803047304806,15.549889570912102
43,0,0.5752656999975443,0,263.0,3.3000000000000003,4,11.401223401787298,0.9717649377076854,6.18857154432178,297.51346252606584,2.8016803047304806,15.549889570912102
43,3,0.6352753000101075,0,283.0,3.5500000000000003,2,11.401223401787298,0.9717649377076854,6.18857154432178,297.51346252606584,2.8016803047304806,15.549889570912102
43,19,0.5137658999301493,0,239.0,3.0,0,11.401223401787298,0.9717649377076854,6.18857154432178,297.51346252606584,2.8016803047304806,15.549889570912102
43,1,0.8841963999439031,0,243.0,3.0500000000000003,3,11.401223401787298,0.9717649377076854,6.18857154432178,297.51346252606584,2.8016803047304806,15.549889570912102
43,2,0.9450648000929505,0,259.0,3.25,6,11.401223401787298,0.9717649377076854,6.18857154432178,297.51346252606584,2.8016803047304806,15.549889570912102
43,9,1.1167357000522316,0,255.0,3.2,2,11.401223401787298,0.9717649377076854,6.18857154432178,297.51346252606584,2.8016803047304806,15.549889570912102
43,7,1.218874300015159,0,279.0,3.5,8,11.401223401787298,0.9717649377076854,6.18857154432178,297.51346252606584,2.8016803047304806,15.549889570912102
43,17,1.2728629000484943,0,323.0,4.05,1,11.401223401787298,0.9717649377076854,6.18857154432178,297.51346252606584,2.8016803047304806,15.549889570912102
43,18,1.4187419000081718,0,299.0,3.75,2,11.401223401787298,0.9717649377076854,6.18857154432178,297.51346252606584,2.8016803047304806,15.549889570912102
43,12,1.46939260000363,0,283.0,3.5500000000000003,9,11.401223401787298,0.9717649377076854,6.18857154432178,297.51346252606584,2.8016803047304806,15.549889570912102
43,14,1.6145404999842867,0,319.0,4.0,5,11.401223401787298,0.9717649377076854,6.18857154432178,297.51346252606584,2.8016803047304806,15.549889570912102
43,6,1.688183099962771,0,283.0,3.5500000000000003,3,11.401223401787298,0.9717649377076854,6.18857154432178,297.51346252606584,2.8016803047304806,15.549889570912102
43,4,1.9041760000400245,0,255.0,3.2,13,11.401223401787298,0.9717649377076854,6.18857154432178,297.51346252606584,2.8016803047304806,15.549889570912102
43,25,0.7923593999585137,0,267.0,3.35,0,11.401223401787298,0.9717649377076854,6.18857154432178,297.51346252606584,2.8016803047304806,15.549889570912102
43,10,1.9238242999417707,0,275.0,3.45,9,11.401223401787298,0.9717649377076854,6.18857154432178,297.51346252606584,2.8016803047304806,15.549889570912102
43,15,1.992872599978,0,263.0,3.3000000000000003,13,11.401223401787298,0.9717649377076854,6.18857154432178,297.51346252606584,2.8016803047304806,15.549889570912102
43,22,1.3172614000504836,0,579.0,7.25,7,11.401223401787298,0.9717649377076854,6.18857154432178,297.51346252606584,2.8016803047304806,15.549889570912102
43,8,2.0128810999449342,0,375.0,4.7,8,11.401223401787298,0.9717649377076854,6.18857154432178,297.51346252606584,2.8016803047304806,15.549889570912102
43,11,2.1629498000256717,0,299.0,3.75,11,11.401223401787298,0.9717649377076854,6.18857154432178,297.51346252606584,2.8016803047304806,15.549889570912102
43,20,1.7092831000918522,0,291.0,3.6500000000000004,0,11.401223401787298,0.9717649377076854,6.18857154432178,297.51346252606584,2.8016803047304806,15.549889570912102
43,28,0.8677985001122579,0,299.0,3.75,4,11.401223401787298,0.9717649377076854,6.18857154432178,297.51346252606584,2.8016803047304806,15.549889570912102
43,13,2.353948300005868,0,483.0,6.050000000000001,9,11.401223401787298,0.9717649377076854,6.18857154432178,297.51346252606584,2.8016803047304806,15.549889570912102
43,29,1.079380700015463,0,279.0,3.5,1,11.401223401787298,0.9717649377076854,6.18857154432178,297.51346252606584,2.8016803047304806,15.549889570912102
43,26,1.4871607000241056,0,267.0,3.35,10,11.401223401787298,0.9717649377076854,6.18857154432178,297.51346252606584,2.8016803047304806,15.549889570912102
43,21,2.0944249000167474,0,303.0,3.8000000000000003,11,11.401223401787298,0.9717649377076854,6.18857154432178,297.51346252606584,2.8016803047304806,15.549889570912102
43,24,1.876189799979329,0,370.0,4.65,0,11.401223401787298,0.9717649377076854,6.18857154432178,297.51346252606584,2.8016803047304806,15.549889570912102
43,27,1.6069017000263557,0,331.0,4.15,2,11.401223401787298,0.9717649377076854,6.18857154432178,297.51346252606584,2.8016803047304806,15.549889570912102
43,16,3.572332500014454,0,377.0,4.9,6,11.401223401787298,0.9717649377076854,6.18857154432178,297.51346252606584,2.8016803047304806,15.549889570912102
43,23,4.9141433000331745,0,748.0,10.0,4,11.401223401787298,0.9717649377076854,6.18857154432178,297.51346252606584,2.8016803047304806,15.549889570912102
44,5,0.20881519990507513,0,255.0,3.2,0,17.547461438559107,7.407686177542044,7.000455835853153,225.6210209967773,7.189823024395103,8.807755327934801
44,0,0.6036449999082834,0,263.0,3.3000000000000003,4,17.547461438559107,7.407686177542044,7.000455835853153,225.6210209967773,7.189823024395103,8.807755327934801
44,3,0.6432360999751836,0,283.0,3.5500000000000003,2,17.547461438559107,7.407686177542044,7.000455835853153,225.6210209967773,7.189823024395103,8.807755327934801
44,19,0.4772703000344336,0,239.0,3.0,0,17.547461438559107,7.407686177542044,7.000455835853153,225.6210209967773,7.189823024395103,8.807755327934801
44,1,0.847033999976702,0,243.0,3.0500000000000003,3,17.547461438559107,7.407686177542044,7.000455835853153,225.6210209967773,7.189823024395103,8.807755327934801
44,2,0.9245035999920219,0,259.0,3.25,6,17.547461438559107,7.407686177542044,7.000455835853153,225.6210209967773,7.189823024395103,8.807755327934801
44,9,1.1880811000009999,0,255.0,3.2,2,17.547461438559107,7.407686177542044,7.000455835853153,225.6210209967773,7.189823024395103,8.807755327934801
44,7,1.2045351999113336,0,279.0,3.5,8,17.547461438559107,7.407686177542044,7.000455835853153,225.6210209967773,7.189823024395103,8.807755327934801
44,15,1.2540107999229804,0,259.0,3.25,9,17.547461438559107,7.407686177542044,7.000455835853153,225.6210209967773,7.189823024395103,8.807755327934801
44,17,1.3109512999653816,0,323.0,4.05,1,17.547461438559107,7.407686177542044,7.000455835853153,225.6210209967773,7.189823024395103,8.807755327934801
44,4,1.6330160000361502,0,251.0,3.1500000000000004,11,17.547461438559107,7.407686177542044,7.000455835853153,225.6210209967773,7.189823024395103,8.807755327934801
44,12,1.6901170999044552,0,303.0,3.8000000000000003,11,17.547461438559107,7.407686177542044,7.000455835853153,225.6210209967773,7.189823024395103,8.807755327934801
44,14,1.7541704999748617,0,319.0,4.0,5,17.547461438559107,7.407686177542044,7.000455835853153,225.6210209967773,7.189823024395103,8.807755327934801
44,6,1.8626021000090986,0,271.0,3.4000000000000004,8,17.547461438559107,7.407686177542044,7.000455835853153,225.6210209967773,7.189823024395103,8.807755327934801
44,18,1.8645775999175385,0,331.0,4.15,4,17.547461438559107,7.407686177542044,7.000455835853153,225.6210209967773,7.189823024395103,8.807755327934801
44,22,1.273267799988389,0,579.0,7.25,7,17.547461438559107,7.407686177542044,7.000455835853153,225.6210209967773,7.189823024395103,8.807755327934801
44,11,2.0546987999696285,0,291.0,3.6500000000000004,14,17.547461438559107,7.407686177542044,7.000455835853153,225.6210209967773,7.189823024395103,8.807755327934801
44,24,1.142873700009659,0,314.0,3.95,1,17.547461438559107,7.407686177542044,7.000455835853153,225.6210209967773,7.189823024395103,8.807755327934801
44,25,1.048387399991043,0,279.0,3.5,2,17.547461438559107,7.407686177542044,7.000455835853153,225.6210209967773,7.189823024395103,8.807755327934801
44,10,2.2656248999992386,0,299.0,3.75,9,17.547461438559107,7.407686177542044,7.000455835853153,225.6210209967773,7.189823024395103,8.807755327934801
44,8,2.29438889992889,0,315.0,3.95,18,17.547461438559107,7.407686177542044,7.000455835853153,225.6210209967773,7.189823024395103,8.807755327934801
44,28,1.0311049999436364,0,303.0,3.8000000000000003,5,17.547461438559107,7.407686177542044,7.000455835853153,225.6210209967773,7.189823024395103,8.807755327934801
44,26,1.620434800046496,0,259.0,3.25,10,17.547461438559107,7.407686177542044,7.000455835853153,225.6210209967773,7.189823024395103,8.807755327934801
44,21,2.1866855999687687,0,307.0,3.85,13,17.547461438559107,7.407686177542044,7.000455835853153,225.6210209967773,7.189823024395103,8.807755327934801
44,13,2.949261200032197,0,507.0,6.3500000000000005,17,17.547461438559107,7.407686177542044,7.000455835853153,225.6210209967773,7.189823024395103,8.807755327934801
44,29,1.3240509000606835,0,275.0,3.45,11,17.547461438559107,7.407686177542044,7.000455835853153,225.6210209967773,7.189823024395103,8.807755327934801
44,27,1.750800299923867,0,331.0,4.15,2,17.547461438559107,7.407686177542044,7.000455835853153,225.6210209967773,7.189823024395103,8.807755327934801
44,16,6.846538900048472,0,933.0,12.450000000000001,6,17.547461438559107,7.407686177542044,7.000455835853153,225.6210209967773,7.189823024395103,8.807755327934801
44,23,9.434576999978162,0,1333.0,17.95,9,17.547461438559107,7.407686177542044,7.000455835853153,225.6210209967773,7.189823024395103,8.807755327934801
44,20,36.63531119993422,1,5000.0,70.95,0,17.547461438559107,7.407686177542044,7.000455835853153,225.6210209967773,7.189823024395103,8.807755327934801
45,5,0.1785958999535069,0,255.0,3.2,0,16.187223109570272,8.101133946791808,8.684015953943026,278.31013813911784,10.226847977218757,15.045488840615988
45,3,0.5948027999838814,0,283.0,3.5500000000000003,2,16.187223109570272,8.101133946791808,8.684015953943026,278.31013813911784,10.226847977218757,15.045488840615988
45,19,0.49641960009466857,0,239.0,3.0,0,16.187223109570272,8.101133946791808,8.684015953943026,278.31013813911784,10.226847977218757,15.045488840615988
45,0,0.7255888000363484,0,267.0,3.35,4,16.187223109570272,8.101133946791808,8.684015953943026,278.31013813911784,10.226847977218757,15.045488840615988
45,1,0.8493265000870451,0,243.0,3.0500000000000003,3,16.187223109570272,8.101133946791808,8.684015953943026,278.31013813911784,10.226847977218757,15.045488840615988
45,9,1.071541600045748,0,255.0,3.2,2,16.187223109570272,8.101133946791808,8.684015953943026,278.31013813911784,10.226847977218757,15.045488840615988
45,2,1.162740199943073,0,259.0,3.25,6,16.187223109570272,8.101133946791808,8.684015953943026,278.31013813911784,10.226847977218757,15.045488840615988
45,7,1.2333542000269517,0,279.0,3.5,8,16.187223109570272,8.101133946791808,8.684015953943026,278.31013813911784,10.226847977218757,15.045488840615988
45,15,1.3427080999827012,0,259.0,3.25,9,16.187223109570272,8.101133946791808,8.684015953943026,278.31013813911784,10.226847977218757,15.045488840615988
45,17,1.409590300056152,0,323.0,4.05,1,16.187223109570272,8.101133946791808,8.684015953943026,278.31013813911784,10.226847977218757,15.045488840615988
45,12,1.6280128000071272,0,283.0,3.5500000000000003,4,16.187223109570272,8.101133946791808,8.684015953943026,278.31013813911784,10.226847977218757,15.045488840615988
45,23,0.7943034999771044,0,231.0,2.9000000000000004,0,16.187223109570272,8.101133946791808,8.684015953943026,278.31013813911784,10.226847977218757,15.045488840615988
45,4,1.918962600058876,0,251.0,3.1500000000000004,11,16.187223109570272,8.101133946791808,8.684015953943026,278.31013813911784,10.226847977218757,15.045488840615988
45,8,1.9373467999976128,0,363.0,4.55,13,16.187223109570272,8.101133946791808,8.684015953943026,278.31013813911784,10.226847977218757,15.045488840615988
45,14,2.0955522999865934,0,319.0,4.0,5,16.187223109570272,8.101133946791808,8.684015953943026,278.31013813911784,10.226847977218757,15.045488840615988
45,25,0.979744500014931,0,279.0,3.5,2,16.187223109570272,8.101133946791808,8.684015953943026,278.31013813911784,10.226847977218757,15.045488840615988
45,18,2.2528329000342637,0,291.0,3.6500000000000004,8,16.187223109570272,8.101133946791808,8.684015953943026,278.31013813911784,10.226847977218757,15.045488840615988
45,11,2.325278599979356,0,299.0,3.75,11,16.187223109570272,8.101133946791808,8.684015953943026,278.31013813911784,10.226847977218757,15.045488840615988
45,22,1.6158372000791132,0,579.0,7.25,4,16.187223109570272,8.101133946791808,8.684015953943026,278.31013813911784,10.226847977218757,15.045488840615988
45,28,1.0470304999034852,0,303.0,3.8000000000000003,5,16.187223109570272,8.101133946791808,8.684015953943026,278.31013813911784,10.226847977218757,15.045488840615988
45,10,2.6161874999525025,0,295.0,3.7,9,16.187223109570272,8.101133946791808,8.684015953943026,278.31013813911784,10.226847977218757,15.045488840615988
45,26,1.657208799966611,0,259.0,3.25,10,16.187223109570272,8.101133946791808,8.684015953943026,278.31013813911784,10.226847977218757,15.045488840615988
45,24,1.879324399982579,0,377.0,4.800000000000001,1,16.187223109570272,8.101133946791808,8.684015953943026,278.31013813911784,10.226847977218757,15.045488840615988
45,6,3.0108902000356466,0,363.0,4.55,6,16.187223109570272,8.101133946791808,8.684015953943026,278.31013813911784,10.226847977218757,15.045488840615988
45,21,2.347599600092508,0,291.0,3.6500000000000004,13,16.187223109570272,8.101133946791808,8.684015953943026,278.31013813911784,10.226847977218757,15.045488840615988
45,29,1.5426691999891773,0,283.0,3.5500000000000003,14,16.187223109570272,8.101133946791808,8.684015953943026,278.31013813911784,10.226847977218757,15.045488840615988
45,27,1.8598909000866115,0,331.0,4.15,2,16.187223109570272,8.101133946791808,8.684015953943026,278.31013813911784,10.226847977218757,15.045488840615988
45,13,3.277450699941255,0,507.0,6.3500000000000005,17,16.187223109570272,8.101133946791808,8.684015953943026,278.31013813911784,10.226847977218757,15.045488840615988
45,20,3.0540731999790296,0,389.0,5.0,0,16.187223109570272,8.101133946791808,8.684015953943026,278.31013813911784,10.226847977218757,15.045488840615988
45,16,5.790451199980453,0,727.0,9.65,6,16.187223109570272,8.101133946791808,8.684015953943026,278.31013813911784,10.226847977218757,15.045488840615988
46,5,0.2320706999162212,0,255.0,3.2,0,15.965903579335503,6.4996393077776515,7.049472084851263,248.94816735902526,17.800106836351326,10.139854705546075
46,0,0.5790977999567986,0,263.0,3.3000000000000003,4,15.965903579335503,6.4996393077776515,7.049472084851263,248.94816735902526,17.800106836351326,10.139854705546075
46,3,0.6810791000025347,0,283.0,3.5500000000000003,2,15.965903579335503,6.4996393077776515,7.049472084851263,248.94816735902526,17.800106836351326,10.139854705546075
46,19,0.557890799944289,0,239.0,3.0,0,15.965903579335503,6.4996393077776515,7.049472084851263,248.94816735902526,17.800106836351326,10.139854705546075
46,2,0.9353660999331623,0,259.0,3.25,6,15.965903579335503,6.4996393077776515,7.049472084851263,248.94816735902526,17.800106836351326,10.139854705546075
46,1,1.2114147000247613,0,243.0,3.0500000000000003,3,15.965903579335503,6.4996393077776515,7.049472084851263,248.94816735902526,17.800106836351326,10.139854705546075
46,17,1.3865425999974832,0,327.0,4.1000000000000005,1,15.965903579335503,6.4996393077776515,7.049472084851263,248.94816735902526,17.800106836351326,10.139854705546075
46,7,1.43693720002193,0,279.0,3.5,8,15.965903579335503,6.4996393077776515,7.049472084851263,248.94816735902526,17.800106836351326,10.139854705546075
46,9,1.5564079000614583,0,255.0,3.2,2,15.965903579335503,6.4996393077776515,7.049472084851263,248.94816735902526,17.800106836351326,10.139854705546075
46,4,1.6252429999876767,0,251.0,3.1500000000000004,11,15.965903579335503,6.4996393077776515,7.049472084851263,248.94816735902526,17.800106836351326,10.139854705546075
46,12,1.6378359999507666,0,283.0,3.5500000000000003,4,15.965903579335503,6.4996393077776515,7.049472084851263,248.94816735902526,17.800106836351326,10.139854705546075
46,18,1.7707857000641525,0,299.0,3.75,4,15.965903579335503,6.4996393077776515,7.049472084851263,248.94816735902526,17.800106836351326,10.139854705546075
46,14,2.102827399969101,0,319.0,4.0,5,15.965903579335503,6.4996393077776515,7.049472084851263,248.94816735902526,17.800106836351326,10.139854705546075
46,22,1.3083904000231996,0,579.0,7.25,2,15.965903579335503,6.4996393077776515,7.049472084851263,248.94816735902526,17.800106836351326,10.139854705546075
46,8,2.4201179000083357,0,311.0,3.9000000000000004,18,15.965903579335503,6.4996393077776515,7.049472084851263,248.94816735902526,17.800106836351326,10.139854705546075
46,25,1.0331281000981107,0,279.0,3.5,2,15.965903579335503,6.4996393077776515,7.049472084851263,248.94816735902526,17.800106836351326,10.139854705546075
46,24,1.299818200059235,0,314.0,3.95,1,15.965903579335503,6.4996393077776515,7.049472084851263,248.94816735902526,17.800106836351326,10.139854705546075
46,11,2.759147600037977,0,299.0,3.75,11,15.965903579335503,6.4996393077776515,7.049472084851263,248.94816735902526,17.800106836351326,10.139854705546075
46,28,1.17235280002933,0,303.0,3.8000000000000003,5,15.965903579335503,6.4996393077776515,7.049472084851263,248.94816735902526,17.800106836351326,10.139854705546075
46,20,2.293020199984312,0,306.0,3.85,1,15.965903579335503,6.4996393077776515,7.049472084851263,248.94816735902526,17.800106836351326,10.139854705546075
46,10,2.8982768999412656,0,291.0,3.6500000000000004,9,15.965903579335503,6.4996393077776515,7.049472084851263,248.94816735902526,17.800106836351326,10.139854705546075
46,6,2.9174348999513313,0,287.0,3.6,13,15.965903579335503,6.4996393077776515,7.049472084851263,248.94816735902526,17.800106836351326,10.139854705546075
46,15,2.998632299946621,0,351.0,4.4,14,15.965903579335503,6.4996393077776515,7.049472084851263,248.94816735902526,17.800106836351326,10.139854705546075
46,13,3.2299254999961704,0,507.0,6.3500000000000005,17,15.965903579335503,6.4996393077776515,7.049472084851263,248.94816735902526,17.800106836351326,10.139854705546075
46,21,2.550036199972965,0,307.0,3.85,13,15.965903579335503,6.4996393077776515,7.049472084851263,248.94816735902526,17.800106836351326,10.139854705546075
46,26,1.8573773999232799,0,259.0,3.25,10,15.965903579335503,6.4996393077776515,7.049472084851263,248.94816735902526,17.800106836351326,10.139854705546075
46,29,1.61988679994829,0,283.0,3.5500000000000003,14,15.965903579335503,6.4996393077776515,7.049472084851263,248.94816735902526,17.800106836351326,10.139854705546075
46,27,1.8993977000936866,0,331.0,4.15,2,15.965903579335503,6.4996393077776515,7.049472084851263,248.94816735902526,17.800106836351326,10.139854705546075
46,23,4.736250000074506,0,650.0,8.6,9,15.965903579335503,6.4996393077776515,7.049472084851263,248.94816735902526,17.800106836351326,10.139854705546075
46,16,51.27095639996696,1,5003.0,68.3,6,15.965903579335503,6.4996393077776515,7.049472084851263,248.94816735902526,17.800106836351326,10.139854705546075
47,5,0.16503949998877943,0,255.0,3.2,0,7.51165905279888,0.93981939840869,5.824973395862123,58.98556844918552,9.311960362649202,16.2793390412273
47,19,0.38853029999881983,0,239.0,3.0,0,7.51165905279888,0.93981939840869,5.824973395862123,58.98556844918552,9.311960362649202,16.2793390412273
47,3,0.5875324999215081,0,283.0,3.5500000000000003,2,7.51165905279888,0.93981939840869,5.824973395862123,58.98556844918552,9.311960362649202,16.2793390412273
47,0,0.6971986999269575,0,263.0,3.3000000000000003,4,7.51165905279888,0.93981939840869,5.824973395862123,58.98556844918552,9.311960362649202,16.2793390412273
47,9,0.8101460000034422,0,247.0,3.1,0,7.51165905279888,0.93981939840869,5.824973395862123,58.98556844918552,9.311960362649202,16.2793390412273
47,1,0.824207799974829,0,243.0,3.0500000000000003,3,7.51165905279888,0.93981939840869,5.824973395862123,58.98556844918552,9.311960362649202,16.2793390412273
47,2,0.8583716999273747,0,259.0,3.25,6,7.51165905279888,0.93981939840869,5.824973395862123,58.98556844918552,9.311960362649202,16.2793390412273
47,7,1.1303044999949634,0,283.0,3.5500000000000003,8,7.51165905279888,0.93981939840869,5.824973395862123,58.98556844918552,9.311960362649202,16.2793390412273
47,17,1.5159104999620467,0,323.0,4.05,1,7.51165905279888,0.93981939840869,5.824973395862123,58.98556844918552,9.311960362649202,16.2793390412273
47,18,1.5605897000059485,0,307.0,3.85,2,7.51165905279888,0.93981939840869,5.824973395862123,58.98556844918552,9.311960362649202,16.2793390412273
47,12,1.602800799999386,0,291.0,3.6500000000000004,9,7.51165905279888,0.93981939840869,5.824973395862123,58.98556844918552,9.311960362649202,16.2793390412273
47,6,1.710010900045745,0,291.0,3.6500000000000004,6,7.51165905279888,0.93981939840869,5.824973395862123,58.98556844918552,9.311960362649202,16.2793390412273
47,23,0.9679499000776559,0,251.0,3.1500000000000004,0,7.51165905279888,0.93981939840869,5.824973395862123,58.98556844918552,9.311960362649202,16.2793390412273
47,15,1.869726200005971,0,263.0,3.3000000000000003,13,7.51165905279888,0.93981939840869,5.824973395862123,58.98556844918552,9.311960362649202,16.2793390412273
47,22,1.311897899955511,0,579.0,7.25,7,7.51165905279888,0.93981939840869,5.824973395862123,58.98556844918552,9.311960362649202,16.2793390412273
47,25,1.2762397000333294,0,287.0,3.6,4,7.51165905279888,0.93981939840869,5.824973395862123,58.98556844918552,9.311960362649202,16.2793390412273
47,11,2.1650403999956325,0,291.0,3.6500000000000004,14,7.51165905279888,0.93981939840869,5.824973395862123,58.98556844918552,9.311960362649202,16.2793390412273
47,8,2.264055300038308,0,291.0,3.6500000000000004,10,7.51165905279888,0.93981939840869,5.824973395862123,58.98556844918552,9.311960362649202,16.2793390412273
47,10,2.2935971000697464,0,291.0,3.6500000000000004,9,7.51165905279888,0.93981939840869,5.824973395862123,58.98556844918552,9.311960362649202,16.2793390412273
47,28,0.8847675999859348,0,299.0,3.75,4,7.51165905279888,0.93981939840869,5.824973395862123,58.98556844918552,9.311960362649202,16.2793390412273
47,14,2.466577999992296,0,467.0,5.8500000000000005,8,7.51165905279888,0.93981939840869,5.824973395862123,58.98556844918552,9.311960362649202,16.2793390412273
47,29,1.2478792999172583,0,267.0,3.35,10,7.51165905279888,0.93981939840869,5.824973395862123,58.98556844918552,9.311960362649202,16.2793390412273
47,13,2.8690642999717966,0,491.0,6.15,12,7.51165905279888,0.93981939840869,5.824973395862123,58.98556844918552,9.311960362649202,16.2793390412273
47,26,1.870289899990894,0,271.0,3.4000000000000004,10,7.51165905279888,0.93981939840869,5.824973395862123,58.98556844918552,9.311960362649202,16.2793390412273
47,21,2.4953615999547765,0,319.0,4.0,7,7.51165905279888,0.93981939840869,5.824973395862123,58.98556844918552,9.311960362649202,16.2793390412273
47,27,1.681025999947451,0,331.0,4.15,2,7.51165905279888,0.93981939840869,5.824973395862123,58.98556844918552,9.311960362649202,16.2793390412273
47,16,3.2902395999990404,0,366.0,4.6000000000000005,0,7.51165905279888,0.93981939840869,5.824973395862123,58.98556844918552,9.311960362649202,16.2793390412273
47,20,2.747114700032398,0,368.0,4.7,0,7.51165905279888,0.93981939840869,5.824973395862123,58.98556844918552,9.311960362649202,16.2793390412273
47,24,2.5291306999279186,0,419.0,5.300000000000001,0,7.51165905279888,0.93981939840869,5.824973395862123,58.98556844918552,9.311960362649202,16.2793390412273
47,4,43.7030184000032,1,5002.0,68.3,9,7.51165905279888,0.93981939840869,5.824973395862123,58.98556844918552,9.311960362649202,16.2793390412273
48,5,0.1823065000353381,0,255.0,3.2,0,5.730825042565688,5.9083326056901075,0.4019524743965893,59.337047187303604,16.452011213193167,10.805719242337886
48,0,0.6906873000552878,0,275.0,3.45,4,5.730825042565688,5.9083326056901075,0.4019524743965893,59.337047187303604,16.452011213193167,10.805719242337886
48,3,0.7156754999887198,0,283.0,3.5500000000000003,2,5.730825042565688,5.9083326056901075,0.4019524743965893,59.337047187303604,16.452011213193167,10.805719242337886
48,1,1.1820047000655904,0,243.0,3.0500000000000003,3,5.730825042565688,5.9083326056901075,0.4019524743965893,59.337047187303604,16.452011213193167,10.805719242337886
48,15,1.203089200076647,0,259.0,3.25,9,5.730825042565688,5.9083326056901075,0.4019524743965893,59.337047187303604,16.452011213193167,10.805719242337886
48,7,1.213056799955666,0,279.0,3.5,8,5.730825042565688,5.9083326056901075,0.4019524743965893,59.337047187303604,16.452011213193167,10.805719242337886
48,12,1.304572399938479,0,283.0,3.5500000000000003,6,5.730825042565688,5.9083326056901075,0.4019524743965893,59.337047187303604,16.452011213193167,10.805719242337886
48,17,1.3411614999640733,0,323.0,4.05,1,5.730825042565688,5.9083326056901075,0.4019524743965893,59.337047187303604,16.452011213193167,10.805719242337886
48,2,1.5505532999522984,0,279.0,3.5,6,5.730825042565688,5.9083326056901075,0.4019524743965893,59.337047187303604,16.452011213193167,10.805719242337886
48,11,1.616150900023058,0,275.0,3.45,11,5.730825042565688,5.9083326056901075,0.4019524743965893,59.337047187303604,16.452011213193167,10.805719242337886
48,14,1.8194299000315368,0,315.0,3.95,5,5.730825042565688,5.9083326056901075,0.4019524743965893,59.337047187303604,16.452011213193167,10.805719242337886
48,6,1.8575049999635667,0,263.0,3.3000000000000003,8,5.730825042565688,5.9083326056901075,0.4019524743965893,59.337047187303604,16.452011213193167,10.805719242337886
48,16,1.8706786000402644,0,260.0,3.3000000000000003,6,5.730825042565688,5.9083326056901075,0.4019524743965893,59.337047187303604,16.452011213193167,10.805719242337886
48,18,1.9505400999914855,0,331.0,4.15,4,5.730825042565688,5.9083326056901075,0.4019524743965893,59.337047187303604,16.452011213193167,10.805719242337886
48,25,0.7246235000202432,0,263.0,3.3000000000000003,2,5.730825042565688,5.9083326056901075,0.4019524743965893,59.337047187303604,16.452011213193167,10.805719242337886
48,4,2.063909300020896,0,255.0,3.2,11,5.730825042565688,5.9083326056901075,0.4019524743965893,59.337047187303604,16.452011213193167,10.805719242337886
48,23,1.1048257999354973,0,243.0,3.0500000000000003,5,5.730825042565688,5.9083326056901075,0.4019524743965893,59.337047187303604,16.452011213193167,10.805719242337886
48,9,2.454506600042805,0,271.0,3.4000000000000004,12,5.730825042565688,5.9083326056901075,0.4019524743965893,59.337047187303604,16.452011213193167,10.805719242337886
48,28,1.0195300000486895,0,299.0,3.75,4,5.730825042565688,5.9083326056901075,0.4019524743965893,59.337047187303604,16.452011213193167,10.805719242337886
48,22,1.4640529000898823,0,579.0,7.25,7,5.730825042565688,5.9083326056901075,0.4019524743965893,59.337047187303604,16.452011213193167,10.805719242337886
48,10,2.66225180006586,0,291.0,3.6500000000000004,9,5.730825042565688,5.9083326056901075,0.4019524743965893,59.337047187303604,16.452011213193167,10.805719242337886
48,8,2.8240142000140622,0,327.0,4.1000000000000005,12,5.730825042565688,5.9083326056901075,0.4019524743965893,59.337047187303604,16.452011213193167,10.805719242337886
48,24,1.645161300082691,0,354.0,4.5,2,5.730825042565688,5.9083326056901075,0.4019524743965893,59.337047187303604,16.452011213193167,10.805719242337886
48,26,1.6761210999684408,0,247.0,3.1,7,5.730825042565688,5.9083326056901075,0.4019524743965893,59.337047187303604,16.452011213193167,10.805719242337886
48,13,3.078721099998802,0,739.0,9.25,12,5.730825042565688,5.9083326056901075,0.4019524743965893,59.337047187303604,16.452011213193167,10.805719242337886
48,27,1.5798564000288025,0,307.0,3.85,2,5.730825042565688,5.9083326056901075,0.4019524743965893,59.337047187303604,16.452011213193167,10.805719242337886
48,29,1.4050442000152543,0,283.0,3.5500000000000003,13,5.730825042565688,5.9083326056901075,0.4019524743965893,59.337047187303604,16.452011213193167,10.805719242337886
48,21,2.53341100004036,0,259.0,3.25,16,5.730825042565688,5.9083326056901075,0.4019524743965893,59.337047187303604,16.452011213193167,10.805719242337886
48,20,2.874600199982524,0,330.0,4.25,2,5.730825042565688,5.9083326056901075,0.4019524743965893,59.337047187303604,16.452011213193167,10.805719242337886
48,19,39.883701500017196,1,5002.0,71.0,10,5.730825042565688,5.9083326056901075,0.4019524743965893,59.337047187303604,16.452011213193167,10.805719242337886
49,5,0.19404920004308224,0,255.0,3.2,0,2.5412102530376957,5.222432600548044,7.722936175676248,103.95525687421079,12.457809516380005,2.56042394981304
49,0,0.5923363999463618,0,263.0,3.3000000000000003,4,2.5412102530376957,5.222432600548044,7.722936175676248,103.95525687421079,12.457809516380005,2.56042394981304
49,19,0.4044339000247419,0,239.0,3.0,0,2.5412102530376957,5.222432600548044,7.722936175676248,103.95525687421079,12.457809516380005,2.56042394981304
49,3,0.6083780000917614,0,283.0,3.5500000000000003,2,2.5412102530376957,5.222432600548044,7.722936175676248,103.95525687421079,12.457809516380005,2.56042394981304
49,18,0.8291724000591785,0,291.0,3.6500000000000004,0,2.5412102530376957,5.222432600548044,7.722936175676248,103.95525687421079,12.457809516380005,2.56042394981304
49,1,0.9154573999112472,0,243.0,3.0500000000000003,3,2.5412102530376957,5.222432600548044,7.722936175676248,103.95525687421079,12.457809516380005,2.56042394981304
49,7,1.0836134999990463,0,279.0,3.5,0,2.5412102530376957,5.222432600548044,7.722936175676248,103.95525687421079,12.457809516380005,2.56042394981304
49,2,1.229624499916099,0,259.0,3.25,6,2.5412102530376957,5.222432600548044,7.722936175676248,103.95525687421079,12.457809516380005,2.56042394981304
49,12,1.2954718999098986,0,283.0,3.5500000000000003,9,2.5412102530376957,5.222432600548044,7.722936175676248,103.95525687421079,12.457809516380005,2.56042394981304
49,9,1.3118205999489874,0,255.0,3.2,2,2.5412102530376957,5.222432600548044,7.722936175676248,103.95525687421079,12.457809516380005,2.56042394981304
49,14,1.505899199983105,0,303.0,3.8000000000000003,0,2.5412102530376957,5.222432600548044,7.722936175676248,103.95525687421079,12.457809516380005,2.56042394981304
49,15,1.5907777000684291,0,255.0,3.2,11,2.5412102530376957,5.222432600548044,7.722936175676248,103.95525687421079,12.457809516380005,2.56042394981304
49,11,1.7005071999737993,0,279.0,3.5,11,2.5412102530376957,5.222432600548044,7.722936175676248,103.95525687421079,12.457809516380005,2.56042394981304
49,17,1.9087062000762671,0,355.0,4.45,0,2.5412102530376957,5.222432600548044,7.722936175676248,103.95525687421079,12.457809516380005,2.56042394981304
49,8,2.3179534000810236,0,395.0,4.95,4,2.5412102530376957,5.222432600548044,7.722936175676248,103.95525687421079,12.457809516380005,2.56042394981304
49,23,1.4839741999749094,0,274.0,3.45,4,2.5412102530376957,5.222432600548044,7.722936175676248,103.95525687421079,12.457809516380005,2.56042394981304
49,28,1.0631977999582887,0,299.0,3.75,4,2.5412102530376957,5.222432600548044,7.722936175676248,103.95525687421079,12.457809516380005,2.56042394981304
49,20,1.8018587999977171,0,294.0,3.7,0,2.5412102530376957,5.222432600548044,7.722936175676248,103.95525687421079,12.457809516380005,2.56042394981304
49,10,2.4190579999703914,0,311.0,3.9000000000000004,6,2.5412102530376957,5.222432600548044,7.722936175676248,103.95525687421079,12.457809516380005,2.56042394981304
49,25,1.6202741999877617,0,283.0,3.5500000000000003,0,2.5412102530376957,5.222432600548044,7.722936175676248,103.95525687421079,12.457809516380005,2.56042394981304
49,26,1.5897934000240639,0,251.0,3.1500000000000004,7,2.5412102530376957,5.222432600548044,7.722936175676248,103.95525687421079,12.457809516380005,2.56042394981304
49,29,1.398980800062418,0,279.0,3.5,1,2.5412102530376957,5.222432600548044,7.722936175676248,103.95525687421079,12.457809516380005,2.56042394981304
49,27,1.621370500070043,0,307.0,3.85,5,2.5412102530376957,5.222432600548044,7.722936175676248,103.95525687421079,12.457809516380005,2.56042394981304
49,24,2.4016298999777064,0,363.0,4.55,0,2.5412102530376957,5.222432600548044,7.722936175676248,103.95525687421079,12.457809516380005,2.56042394981304
49,13,3.613156000035815,0,775.0,9.700000000000001,19,2.5412102530376957,5.222432600548044,7.722936175676248,103.95525687421079,12.457809516380005,2.56042394981304
49,21,4.5567228000145406,0,503.0,6.300000000000001,2,2.5412102530376957,5.222432600548044,7.722936175676248,103.95525687421079,12.457809516380005,2.56042394981304
49,22,6.282695799949579,0,899.0,11.25,5,2.5412102530376957,5.222432600548044,7.722936175676248,103.95525687421079,12.457809516380005,2.56042394981304
49,6,7.973802100052126,0,999.0,12.5,3,2.5412102530376957,5.222432600548044,7.722936175676248,103.95525687421079,12.457809516380005,2.56042394981304
49,4,37.70628149993718,1,5000.0,70.65,14,2.5412102530376957,5.222432600548044,7.722936175676248,103.95525687421079,12.457809516380005,2.56042394981304
49,16,49.66837269999087,1,5002.0,67.9,2,2.5412102530376957,5.222432600548044,7.722936175676248,103.95525687421079,12.457809516380005,2.56042394981304
50,5,0.18985439999960363,0,255.0,3.2,0,1.033634423372154,5.31354631568148,5.452287703940055,209.35747537455163,14.52182667445323,29.27556238387604
50,0,0.5047945999540389,0,263.0,3.3000000000000003,0,1.033634423372154,5.31354631568148,5.452287703940055,209.35747537455163,14.52182667445323,29.27556238387604
50,19,0.39553199999500066,0,239.0,3.0,0,1.033634423372154,5.31354631568148,5.452287703940055,209.35747537455163,14.52182667445323,29.27556238387604
50,3,0.6473877000389621,0,283.0,3.5500000000000003,2,1.033634423372154,5.31354631568148,5.452287703940055,209.35747537455163,14.52182667445323,29.27556238387604
50,18,0.7817627999465913,0,291.0,3.6500000000000004,0,1.033634423372154,5.31354631568148,5.452287703940055,209.35747537455163,14.52182667445323,29.27556238387604
50,1,0.8669232999673113,0,243.0,3.0500000000000003,3,1.033634423372154,5.31354631568148,5.452287703940055,209.35747537455163,14.52182667445323,29.27556238387604
50,2,0.9410528000444174,0,259.0,3.25,6,1.033634423372154,5.31354631568148,5.452287703940055,209.35747537455163,14.52182667445323,29.27556238387604
50,17,1.1016896000364795,0,323.0,4.05,0,1.033634423372154,5.31354631568148,5.452287703940055,209.35747537455163,14.52182667445323,29.27556238387604
50,7,1.1222902000881732,0,279.0,3.5,0,1.033634423372154,5.31354631568148,5.452287703940055,209.35747537455163,14.52182667445323,29.27556238387604
50,15,1.159370300010778,0,259.0,3.25,9,1.033634423372154,5.31354631568148,5.452287703940055,209.35747537455163,14.52182667445323,29.27556238387604
50,9,1.2117453999817371,0,247.0,3.1,0,1.033634423372154,5.31354631568148,5.452287703940055,209.35747537455163,14.52182667445323,29.27556238387604
50,14,1.2511187999043614,0,303.0,3.8000000000000003,0,1.033634423372154,5.31354631568148,5.452287703940055,209.35747537455163,14.52182667445323,29.27556238387604
50,6,1.3340768000343814,0,283.0,3.5500000000000003,6,1.033634423372154,5.31354631568148,5.452287703940055,209.35747537455163,14.52182667445323,29.27556238387604
50,12,1.3988897000672296,0,287.0,3.6,1,1.033634423372154,5.31354631568148,5.452287703940055,209.35747537455163,14.52182667445323,29.27556238387604
50,8,1.582115099998191,0,351.0,4.4,9,1.033634423372154,5.31354631568148,5.452287703940055,209.35747537455163,14.52182667445323,29.27556238387604
50,11,1.6801099999574944,0,291.0,3.6500000000000004,11,1.033634423372154,5.31354631568148,5.452287703940055,209.35747537455163,14.52182667445323,29.27556238387604
50,4,1.8271493000211194,0,263.0,3.3000000000000003,13,1.033634423372154,5.31354631568148,5.452287703940055,209.35747537455163,14.52182667445323,29.27556238387604
50,22,1.2103216999676079,0,571.0,7.15,7,1.033634423372154,5.31354631568148,5.452287703940055,209.35747537455163,14.52182667445323,29.27556238387604
50,28,0.7249938000459224,0,287.0,3.6,0,1.033634423372154,5.31354631568148,5.452287703940055,209.35747537455163,14.52182667445323,29.27556238387604
50,25,1.1228240999625996,0,275.0,3.45,2,1.033634423372154,5.31354631568148,5.452287703940055,209.35747537455163,14.52182667445323,29.27556238387604
50,13,2.084113599965349,0,471.0,5.9,1,1.033634423372154,5.31354631568148,5.452287703940055,209.35747537455163,14.52182667445323,29.27556238387604
50,10,2.2945905999513343,0,303.0,3.8000000000000003,1,1.033634423372154,5.31354631568148,5.452287703940055,209.35747537455163,14.52182667445323,29.27556238387604
50,26,1.412659200024791,0,247.0,3.1,7,1.033634423372154,5.31354631568148,5.452287703940055,209.35747537455163,14.52182667445323,29.27556238387604
50,29,1.5307367999339476,0,283.0,3.5500000000000003,5,1.033634423372154,5.31354631568148,5.452287703940055,209.35747537455163,14.52182667445323,29.27556238387604
50,16,2.8981333000119776,0,345.0,4.3500000000000005,0,1.033634423372154,5.31354631568148,5.452287703940055,209.35747537455163,14.52182667445323,29.27556238387604
50,23,2.1942543999757618,0,353.0,4.5,0,1.033634423372154,5.31354631568148,5.452287703940055,209.35747537455163,14.52182667445323,29.27556238387604
50,27,1.9029723000712693,0,331.0,4.15,2,1.033634423372154,5.31354631568148,5.452287703940055,209.35747537455163,14.52182667445323,29.27556238387604
50,21,3.5142163999844342,0,407.0,5.1000000000000005,0,1.033634423372154,5.31354631568148,5.452287703940055,209.35747537455163,14.52182667445323,29.27556238387604
50,20,3.664717400097288,0,401.0,5.15,0,1.033634423372154,5.31354631568148,5.452287703940055,209.35747537455163,14.52182667445323,29.27556238387604
50,24,4.041391900042072,0,544.0,6.8500000000000005,0,1.033634423372154,5.31354631568148,5.452287703940055,209.35747537455163,14.52182667445323,29.27556238387604
51,5,0.16512370004784316,0,255.0,3.2,0,10.326006966023906,3.2295647294124596,7.972343328210166,117.70806281551856,8.779428414112722,2.353691440267979
51,3,0.5695804000133649,0,283.0,3.5500000000000003,2,10.326006966023906,3.2295647294124596,7.972343328210166,117.70806281551856,8.779428414112722,2.353691440267979
51,19,0.4042205000296235,0,239.0,3.0,0,10.326006966023906,3.2295647294124596,7.972343328210166,117.70806281551856,8.779428414112722,2.353691440267979
51,0,0.5845493000233546,0,263.0,3.3000000000000003,4,10.326006966023906,3.2295647294124596,7.972343328210166,117.70806281551856,8.779428414112722,2.353691440267979
51,1,0.8633665000088513,0,243.0,3.0500000000000003,3,10.326006966023906,3.2295647294124596,7.972343328210166,117.70806281551856,8.779428414112722,2.353691440267979
51,18,0.8693379999604076,0,291.0,3.6500000000000004,0,10.326006966023906,3.2295647294124596,7.972343328210166,117.70806281551856,8.779428414112722,2.353691440267979
51,2,0.9140785000054166,0,259.0,3.25,6,10.326006966023906,3.2295647294124596,7.972343328210166,117.70806281551856,8.779428414112722,2.353691440267979
51,7,1.1157993000233546,0,279.0,3.5,8,10.326006966023906,3.2295647294124596,7.972343328210166,117.70806281551856,8.779428414112722,2.353691440267979
51,9,1.1380710999947041,0,255.0,3.2,2,10.326006966023906,3.2295647294124596,7.972343328210166,117.70806281551856,8.779428414112722,2.353691440267979
51,6,1.5232799999648705,0,295.0,3.7,6,10.326006966023906,3.2295647294124596,7.972343328210166,117.70806281551856,8.779428414112722,2.353691440267979
51,15,1.52800000004936,0,251.0,3.1500000000000004,11,10.326006966023906,3.2295647294124596,7.972343328210166,117.70806281551856,8.779428414112722,2.353691440267979
51,14,1.5751991999568418,0,319.0,4.0,5,10.326006966023906,3.2295647294124596,7.972343328210166,117.70806281551856,8.779428414112722,2.353691440267979
51,17,1.5751982999499887,0,347.0,4.3500000000000005,1,10.326006966023906,3.2295647294124596,7.972343328210166,117.70806281551856,8.779428414112722,2.353691440267979
51,8,1.8972810000414029,0,295.0,3.7,10,10.326006966023906,3.2295647294124596,7.972343328210166,117.70806281551856,8.779428414112722,2.353691440267979
51,24,1.0476657999679446,0,314.0,3.95,1,10.326006966023906,3.2295647294124596,7.972343328210166,117.70806281551856,8.779428414112722,2.353691440267979
51,23,1.1843218000140041,0,262.0,3.3000000000000003,4,10.326006966023906,3.2295647294124596,7.972343328210166,117.70806281551856,8.779428414112722,2.353691440267979
51,11,2.071881499956362,0,299.0,3.75,11,10.326006966023906,3.2295647294124596,7.972343328210166,117.70806281551856,8.779428414112722,2.353691440267979
51,10,2.2088265999918804,0,291.0,3.6500000000000004,4,10.326006966023906,3.2295647294124596,7.972343328210166,117.70806281551856,8.779428414112722,2.353691440267979
51,25,1.3020172000396997,0,287.0,3.6,4,10.326006966023906,3.2295647294124596,7.972343328210166,117.70806281551856,8.779428414112722,2.353691440267979
51,4,2.4755714000202715,0,299.0,3.75,15,10.326006966023906,3.2295647294124596,7.972343328210166,117.70806281551856,8.779428414112722,2.353691440267979
51,20,1.9434725999599323,0,311.0,3.9000000000000004,1,10.326006966023906,3.2295647294124596,7.972343328210166,117.70806281551856,8.779428414112722,2.353691440267979
51,28,1.0096706999465823,0,303.0,3.8000000000000003,5,10.326006966023906,3.2295647294124596,7.972343328210166,117.70806281551856,8.779428414112722,2.353691440267979
51,27,1.4471076000481844,0,307.0,3.85,2,10.326006966023906,3.2295647294124596,7.972343328210166,117.70806281551856,8.779428414112722,2.353691440267979
51,26,1.697645099950023,0,267.0,3.35,10,10.326006966023906,3.2295647294124596,7.972343328210166,117.70806281551856,8.779428414112722,2.353691440267979
51,21,2.396594399935566,0,307.0,3.85,17,10.326006966023906,3.2295647294124596,7.972343328210166,117.70806281551856,8.779428414112722,2.353691440267979
51,29,1.658703799941577,0,291.0,3.6500000000000004,14,10.326006966023906,3.2295647294124596,7.972343328210166,117.70806281551856,8.779428414112722,2.353691440267979
51,13,3.1976557000307366,0,723.0,9.05,13,10.326006966023906,3.2295647294124596,7.972343328210166,117.70806281551856,8.779428414112722,2.353691440267979
51,22,2.9956585000036284,0,687.0,8.6,7,10.326006966023906,3.2295647294124596,7.972343328210166,117.70806281551856,8.779428414112722,2.353691440267979
51,12,43.22433420002926,1,5003.0,69.7,8,10.326006966023906,3.2295647294124596,7.972343328210166,117.70806281551856,8.779428414112722,2.353691440267979
51,16,52.251332900021225,1,5001.0,68.15,4,10.326006966023906,3.2295647294124596,7.972343328210166,117.70806281551856,8.779428414112722,2.353691440267979
52,5,0.16895660001318902,0,255.0,3.2,0,0.5070148683091502,9.626484146779251,8.376203193070838,223.9935515234245,8.179058888285397,5.1988296021253735
52,0,0.4888664000900462,0,263.0,3.3000000000000003,0,0.5070148683091502,9.626484146779251,8.376203193070838,223.9935515234245,8.179058888285397,5.1988296021253735
52,19,0.3978789000539109,0,239.0,3.0,0,0.5070148683091502,9.626484146779251,8.376203193070838,223.9935515234245,8.179058888285397,5.1988296021253735
52,3,0.6591667999746278,0,283.0,3.5500000000000003,2,0.5070148683091502,9.626484146779251,8.376203193070838,223.9935515234245,8.179058888285397,5.1988296021253735
52,18,0.8181892998982221,0,291.0,3.6500000000000004,0,0.5070148683091502,9.626484146779251,8.376203193070838,223.9935515234245,8.179058888285397,5.1988296021253735
52,2,0.8602485998999327,0,259.0,3.25,6,0.5070148683091502,9.626484146779251,8.376203193070838,223.9935515234245,8.179058888285397,5.1988296021253735
52,1,0.8729244000278413,0,243.0,3.0500000000000003,3,0.5070148683091502,9.626484146779251,8.376203193070838,223.9935515234245,8.179058888285397,5.1988296021253735
52,7,1.0733611000468954,0,287.0,3.6,0,0.5070148683091502,9.626484146779251,8.376203193070838,223.9935515234245,8.179058888285397,5.1988296021253735
52,12,1.345185499987565,0,287.0,3.6,1,0.5070148683091502,9.626484146779251,8.376203193070838,223.9935515234245,8.179058888285397,5.1988296021253735
52,9,1.372848300030455,0,259.0,3.25,2,0.5070148683091502,9.626484146779251,8.376203193070838,223.9935515234245,8.179058888285397,5.1988296021253735
52,8,1.4483415000140667,0,359.0,4.5,4,0.5070148683091502,9.626484146779251,8.376203193070838,223.9935515234245,8.179058888285397,5.1988296021253735
52,11,1.470664200023748,0,275.0,3.45,11,0.5070148683091502,9.626484146779251,8.376203193070838,223.9935515234245,8.179058888285397,5.1988296021253735
52,17,1.6197511000791565,0,351.0,4.4,0,0.5070148683091502,9.626484146779251,8.376203193070838,223.9935515234245,8.179058888285397,5.1988296021253735
52,15,1.6385318000102416,0,255.0,3.2,11,0.5070148683091502,9.626484146779251,8.376203193070838,223.9935515234245,8.179058888285397,5.1988296021253735
52,6,1.7048892000457272,0,295.0,3.7,6,0.5070148683091502,9.626484146779251,8.376203193070838,223.9935515234245,8.179058888285397,5.1988296021253735
52,28,0.8414419000037014,0,287.0,3.6,0,0.5070148683091502,9.626484146779251,8.376203193070838,223.9935515234245,8.179058888285397,5.1988296021253735
52,25,1.5062723000301048,0,291.0,3.6500000000000004,0,0.5070148683091502,9.626484146779251,8.376203193070838,223.9935515234245,8.179058888285397,5.1988296021253735
52,10,2.389546300051734,0,311.0,3.9000000000000004,6,0.5070148683091502,9.626484146779251,8.376203193070838,223.9935515234245,8.179058888285397,5.1988296021253735
52,26,1.5510211999062449,0,247.0,3.1,7,0.5070148683091502,9.626484146779251,8.376203193070838,223.9935515234245,8.179058888285397,5.1988296021253735
52,20,2.1695290999487042,0,316.0,4.0,0,0.5070148683091502,9.626484146779251,8.376203193070838,223.9935515234245,8.179058888285397,5.1988296021253735
52,27,1.5870822999859229,0,303.0,3.8000000000000003,2,0.5070148683091502,9.626484146779251,8.376203193070838,223.9935515234245,8.179058888285397,5.1988296021253735
52,24,2.16946210002061,0,363.0,4.55,0,0.5070148683091502,9.626484146779251,8.376203193070838,223.9935515234245,8.179058888285397,5.1988296021253735
52,14,3.041737399995327,0,479.0,6.0,7,0.5070148683091502,9.626484146779251,8.376203193070838,223.9935515234245,8.179058888285397,5.1988296021253735
52,13,3.7049000998958945,0,747.0,9.35,5,0.5070148683091502,9.626484146779251,8.376203193070838,223.9935515234245,8.179058888285397,5.1988296021253735
52,22,3.4878152000019327,0,727.0,9.1,7,0.5070148683091502,9.626484146779251,8.376203193070838,223.9935515234245,8.179058888285397,5.1988296021253735
52,23,3.99635719996877,0,557.0,7.300000000000001,4,0.5070148683091502,9.626484146779251,8.376203193070838,223.9935515234245,8.179058888285397,5.1988296021253735
52,21,4.908422100008465,0,535.0,6.7,0,0.5070148683091502,9.626484146779251,8.376203193070838,223.9935515234245,8.179058888285397,5.1988296021253735
52,29,4.1118378000101075,0,587.0,7.3500000000000005,6,0.5070148683091502,9.626484146779251,8.376203193070838,223.9935515234245,8.179058888285397,5.1988296021253735
52,4,37.41078640008345,1,5003.0,70.5,13,0.5070148683091502,9.626484146779251,8.376203193070838,223.9935515234245,8.179058888285397,5.1988296021253735
52,16,51.25693760009017,1,5001.0,68.60000000000001,0,0.5070148683091502,9.626484146779251,8.376203193070838,223.9935515234245,8.179058888285397,5.1988296021253735
53,5,0.18839439994189888,0,255.0,3.2,0,3.128740853421721,2.502428981645953,5.537343980590593,228.6489806750156,13.203947534354626,8.398016908378285
53,0,0.5608323001069948,0,263.0,3.3000000000000003,4,3.128740853421721,2.502428981645953,5.537343980590593,228.6489806750156,13.203947534354626,8.398016908378285
53,3,0.5671695999335498,0,283.0,3.5500000000000003,2,3.128740853421721,2.502428981645953,5.537343980590593,228.6489806750156,13.203947534354626,8.398016908378285
53,19,0.41815290006343275,0,239.0,3.0,0,3.128740853421721,2.502428981645953,5.537343980590593,228.6489806750156,13.203947534354626,8.398016908378285
53,18,0.8148037999635562,0,291.0,3.6500000000000004,0,3.128740853421721,2.502428981645953,5.537343980590593,228.6489806750156,13.203947534354626,8.398016908378285
53,2,0.9112440999597311,0,259.0,3.25,6,3.128740853421721,2.502428981645953,5.537343980590593,228.6489806750156,13.203947534354626,8.398016908378285
53,1,0.9264848000602797,0,243.0,3.0500000000000003,3,3.128740853421721,2.502428981645953,5.537343980590593,228.6489806750156,13.203947534354626,8.398016908378285
53,7,1.0935976000037044,0,283.0,3.5500000000000003,4,3.128740853421721,2.502428981645953,5.537343980590593,228.6489806750156,13.203947534354626,8.398016908378285
53,9,1.2521321999374777,0,247.0,3.1,0,3.128740853421721,2.502428981645953,5.537343980590593,228.6489806750156,13.203947534354626,8.398016908378285
53,17,1.3906282999087125,0,327.0,4.1000000000000005,0,3.128740853421721,2.502428981645953,5.537343980590593,228.6489806750156,13.203947534354626,8.398016908378285
53,6,1.4009919000091031,0,283.0,3.5500000000000003,6,3.128740853421721,2.502428981645953,5.537343980590593,228.6489806750156,13.203947534354626,8.398016908378285
53,8,1.5077232000185177,0,351.0,4.4,9,3.128740853421721,2.502428981645953,5.537343980590593,228.6489806750156,13.203947534354626,8.398016908378285
53,12,1.5430034999735653,0,295.0,3.7,9,3.128740853421721,2.502428981645953,5.537343980590593,228.6489806750156,13.203947534354626,8.398016908378285
53,11,1.94314560003113,0,283.0,3.5500000000000003,11,3.128740853421721,2.502428981645953,5.537343980590593,228.6489806750156,13.203947534354626,8.398016908378285
53,4,2.0122034000232816,0,263.0,3.3000000000000003,13,3.128740853421721,2.502428981645953,5.537343980590593,228.6489806750156,13.203947534354626,8.398016908378285
53,25,1.2952806999674067,0,275.0,3.45,2,3.128740853421721,2.502428981645953,5.537343980590593,228.6489806750156,13.203947534354626,8.398016908378285
53,23,1.5880197000224143,0,307.0,3.9000000000000004,0,3.128740853421721,2.502428981645953,5.537343980590593,228.6489806750156,13.203947534354626,8.398016908378285
53,28,1.0413500999566168,0,299.0,3.75,4,3.128740853421721,2.502428981645953,5.537343980590593,228.6489806750156,13.203947534354626,8.398016908378285
53,13,2.6164948999648914,0,483.0,6.050000000000001,9,3.128740853421721,2.502428981645953,5.537343980590593,228.6489806750156,13.203947534354626,8.398016908378285
53,10,2.7588993000099435,0,335.0,4.2,6,3.128740853421721,2.502428981645953,5.537343980590593,228.6489806750156,13.203947534354626,8.398016908378285
53,16,2.814448600052856,0,331.0,4.15,0,3.128740853421721,2.502428981645953,5.537343980590593,228.6489806750156,13.203947534354626,8.398016908378285
53,26,1.7157211999874562,0,247.0,3.1,7,3.128740853421721,2.502428981645953,5.537343980590593,228.6489806750156,13.203947534354626,8.398016908378285
53,15,2.8737529000500217,0,383.0,4.800000000000001,8,3.128740853421721,2.502428981645953,5.537343980590593,228.6489806750156,13.203947534354626,8.398016908378285
53,14,3.0724139000521973,0,491.0,6.15,11,3.128740853421721,2.502428981645953,5.537343980590593,228.6489806750156,13.203947534354626,8.398016908378285
53,27,1.9556520000332966,0,331.0,4.15,2,3.128740853421721,2.502428981645953,5.537343980590593,228.6489806750156,13.203947534354626,8.398016908378285
53,29,1.8315350000048056,0,299.0,3.75,14,3.128740853421721,2.502428981645953,5.537343980590593,228.6489806750156,13.203947534354626,8.398016908378285
53,20,2.8906971000833437,0,380.0,4.8500000000000005,0,3.128740853421721,2.502428981645953,5.537343980590593,228.6489806750156,13.203947534354626,8.398016908378285
53,24,3.054016499896534,0,436.0,5.5,0,3.128740853421721,2.502428981645953,5.537343980590593,228.6489806750156,13.203947534354626,8.398016908378285
53,21,3.8120099999941885,0,415.0,5.2,11,3.128740853421721,2.502428981645953,5.537343980590593,228.6489806750156,13.203947534354626,8.398016908378285
53,22,35.86866960010957,1,5002.0,69.85000000000001,7,3.128740853421721,2.502428981645953,5.537343980590593,228.6489806750156,13.203947534354626,8.398016908378285
54,5,0.21082010003738105,0,255.0,3.2,0,19.09730561326388,7.378969166957685,5.588105119862867,202.93018655858805,8.392001248555799,7.431929685034724
54,0,0.5984307000180706,0,263.0,3.3000000000000003,4,19.09730561326388,7.378969166957685,5.588105119862867,202.93018655858805,8.392001248555799,7.431929685034724
54,3,0.826676799915731,0,283.0,3.5500000000000003,2,19.09730561326388,7.378969166957685,5.588105119862867,202.93018655858805,8.392001248555799,7.431929685034724
54,19,0.6260934999445453,0,243.0,3.0500000000000003,4,19.09730561326388,7.378969166957685,5.588105119862867,202.93018655858805,8.392001248555799,7.431929685034724
54,1,0.8506358999293298,0,243.0,3.0500000000000003,3,19.09730561326388,7.378969166957685,5.588105119862867,202.93018655858805,8.392001248555799,7.431929685034724
54,9,1.2320531000150368,0,255.0,3.2,2,19.09730561326388,7.378969166957685,5.588105119862867,202.93018655858805,8.392001248555799,7.431929685034724
54,15,1.3370806000893936,0,259.0,3.25,9,19.09730561326388,7.378969166957685,5.588105119862867,202.93018655858805,8.392001248555799,7.431929685034724
54,7,1.4431884000077844,0,283.0,3.5500000000000003,7,19.09730561326388,7.378969166957685,5.588105119862867,202.93018655858805,8.392001248555799,7.431929685034724
54,17,1.481851499993354,0,323.0,4.05,1,19.09730561326388,7.378969166957685,5.588105119862867,202.93018655858805,8.392001248555799,7.431929685034724
54,6,1.8059780999319628,0,263.0,3.3000000000000003,8,19.09730561326388,7.378969166957685,5.588105119862867,202.93018655858805,8.392001248555799,7.431929685034724
54,14,1.9216459000017494,0,319.0,4.0,5,19.09730561326388,7.378969166957685,5.588105119862867,202.93018655858805,8.392001248555799,7.431929685034724
54,18,1.9956685000797734,0,331.0,4.15,4,19.09730561326388,7.378969166957685,5.588105119862867,202.93018655858805,8.392001248555799,7.431929685034724
54,12,2.03355890000239,0,307.0,3.85,8,19.09730561326388,7.378969166957685,5.588105119862867,202.93018655858805,8.392001248555799,7.431929685034724
54,23,1.1551674000220373,0,243.0,3.0500000000000003,5,19.09730561326388,7.378969166957685,5.588105119862867,202.93018655858805,8.392001248555799,7.431929685034724
54,11,2.0682147999759763,0,287.0,3.6,14,19.09730561326388,7.378969166957685,5.588105119862867,202.93018655858805,8.392001248555799,7.431929685034724
54,2,2.42400630004704,0,283.0,3.5500000000000003,10,19.09730561326388,7.378969166957685,5.588105119862867,202.93018655858805,8.392001248555799,7.431929685034724
54,25,1.0588140999898314,0,279.0,3.5,2,19.09730561326388,7.378969166957685,5.588105119862867,202.93018655858805,8.392001248555799,7.431929685034724
54,22,1.6295639999443665,0,579.0,7.25,7,19.09730561326388,7.378969166957685,5.588105119862867,202.93018655858805,8.392001248555799,7.431929685034724
54,16,2.6308183999499306,0,313.0,4.0,7,19.09730561326388,7.378969166957685,5.588105119862867,202.93018655858805,8.392001248555799,7.431929685034724
54,8,2.6941617999691516,0,311.0,3.9000000000000004,18,19.09730561326388,7.378969166957685,5.588105119862867,202.93018655858805,8.392001248555799,7.431929685034724
54,10,2.699815999949351,0,295.0,3.7,10,19.09730561326388,7.378969166957685,5.588105119862867,202.93018655858805,8.392001248555799,7.431929685034724
54,24,1.5267330999486148,0,329.0,4.15,2,19.09730561326388,7.378969166957685,5.588105119862867,202.93018655858805,8.392001248555799,7.431929685034724
54,28,1.05101359996479,0,303.0,3.8000000000000003,5,19.09730561326388,7.378969166957685,5.588105119862867,202.93018655858805,8.392001248555799,7.431929685034724
54,20,2.3856304000364617,0,316.0,4.0,0,19.09730561326388,7.378969166957685,5.588105119862867,202.93018655858805,8.392001248555799,7.431929685034724
54,26,1.6373173000756651,0,259.0,3.25,10,19.09730561326388,7.378969166957685,5.588105119862867,202.93018655858805,8.392001248555799,7.431929685034724
54,4,3.1269128000130877,0,303.0,3.8000000000000003,13,19.09730561326388,7.378969166957685,5.588105119862867,202.93018655858805,8.392001248555799,7.431929685034724
54,13,3.325935299973935,0,507.0,6.3500000000000005,17,19.09730561326388,7.378969166957685,5.588105119862867,202.93018655858805,8.392001248555799,7.431929685034724
54,21,2.4948480000020936,0,295.0,3.7,17,19.09730561326388,7.378969166957685,5.588105119862867,202.93018655858805,8.392001248555799,7.431929685034724
54,27,1.8496981000062078,0,331.0,4.15,2,19.09730561326388,7.378969166957685,5.588105119862867,202.93018655858805,8.392001248555799,7.431929685034724
54,29,1.5766520999604836,0,287.0,3.6,14,19.09730561326388,7.378969166957685,5.588105119862867,202.93018655858805,8.392001248555799,7.431929685034724
55,5,0.18629830004647374,0,255.0,3.2,0,7.119453573025232,7.578461104643691,0.2424955374345831,79.01816012672906,0.920052840435055,1.221864069569104
55,3,0.5435750000178814,0,303.0,3.8000000000000003,0,7.119453573025232,7.578461104643691,0.2424955374345831,79.01816012672906,0.920052840435055,1.221864069569104
55,20,0.5713092999067158,0,215.0,2.7,0,7.119453573025232,7.578461104643691,0.2424955374345831,79.01816012672906,0.920052840435055,1.221864069569104
55,7,1.2484009999316186,0,279.0,3.5,8,7.119453573025232,7.578461104643691,0.2424955374345831,79.01816012672906,0.920052840435055,1.221864069569104
55,15,1.7287657000124454,0,259.0,3.25,7,7.119453573025232,7.578461104643691,0.2424955374345831,79.01816012672906,0.920052840435055,1.221864069569104
55,9,2.1224747999804094,0,279.0,3.5,4,7.119453573025232,7.578461104643691,0.2424955374345831,79.01816012672906,0.920052840435055,1.221864069569104
55,4,2.185488700051792,0,291.0,3.6500000000000004,6,7.119453573025232,7.578461104643691,0.2424955374345831,79.01816012672906,0.920052840435055,1.221864069569104
55,1,2.365144299925305,0,295.0,3.7,5,7.119453573025232,7.578461104643691,0.2424955374345831,79.01816012672906,0.920052840435055,1.221864069569104
55,8,2.3857139999745414,0,319.0,4.0,12,7.119453573025232,7.578461104643691,0.2424955374345831,79.01816012672906,0.920052840435055,1.221864069569104
55,11,2.4872279999544844,0,355.0,4.45,10,7.119453573025232,7.578461104643691,0.2424955374345831,79.01816012672906,0.920052840435055,1.221864069569104
55,12,2.6868470000335947,0,315.0,3.95,14,7.119453573025232,7.578461104643691,0.2424955374345831,79.01816012672906,0.920052840435055,1.221864069569104
55,2,2.7078128999564797,0,335.0,4.2,12,7.119453573025232,7.578461104643691,0.2424955374345831,79.01816012672906,0.920052840435055,1.221864069569104
55,25,0.9331797000486404,0,279.0,3.5,2,7.119453573025232,7.578461104643691,0.2424955374345831,79.01816012672906,0.920052840435055,1.221864069569104
55,24,1.1607565999729559,0,295.0,3.7,1,7.119453573025232,7.578461104643691,0.2424955374345831,79.01816012672906,0.920052840435055,1.221864069569104
55,22,2.031056600040756,0,595.0,7.45,9,7.119453573025232,7.578461104643691,0.2424955374345831,79.01816012672906,0.920052840435055,1.221864069569104
55,0,3.3495542999589816,0,355.0,4.45,11,7.119453573025232,7.578461104643691,0.2424955374345831,79.01816012672906,0.920052840435055,1.221864069569104
55,18,3.6114899000385776,0,355.0,4.45,10,7.119453573025232,7.578461104643691,0.2424955374345831,79.01816012672906,0.920052840435055,1.221864069569104
55,27,1.4888563000131398,0,287.0,3.6,5,7.119453573025232,7.578461104643691,0.2424955374345831,79.01816012672906,0.920052840435055,1.221864069569104
55,17,3.9311376999830827,0,415.0,5.300000000000001,5,7.119453573025232,7.578461104643691,0.2424955374345831,79.01816012672906,0.920052840435055,1.221864069569104
55,14,4.140250700060278,0,483.0,6.050000000000001,5,7.119453573025232,7.578461104643691,0.2424955374345831,79.01816012672906,0.920052840435055,1.221864069569104
55,13,4.516083900001831,0,735.0,9.200000000000001,16,7.119453573025232,7.578461104643691,0.2424955374345831,79.01816012672906,0.920052840435055,1.221864069569104
55,21,3.382208500057459,0,259.0,3.25,15,7.119453573025232,7.578461104643691,0.2424955374345831,79.01816012672906,0.920052840435055,1.221864069569104
55,26,2.2728710001101717,0,283.0,3.5500000000000003,4,7.119453573025232,7.578461104643691,0.2424955374345831,79.01816012672906,0.920052840435055,1.221864069569104
55,23,3.2857963000424206,0,330.0,4.15,16,7.119453573025232,7.578461104643691,0.2424955374345831,79.01816012672906,0.920052840435055,1.221864069569104
55,28,2.930435899994336,0,407.0,5.1000000000000005,9,7.119453573025232,7.578461104643691,0.2424955374345831,79.01816012672906,0.920052840435055,1.221864069569104
55,6,6.016715500038117,0,647.0,8.1,15,7.119453573025232,7.578461104643691,0.2424955374345831,79.01816012672906,0.920052840435055,1.221864069569104
55,29,3.3925625000847504,0,435.0,5.45,11,7.119453573025232,7.578461104643691,0.2424955374345831,79.01816012672906,0.920052840435055,1.221864069569104
55,16,18.83491530001629,0,1500.0,20.900000000000002,10,7.119453573025232,7.578461104643691,0.2424955374345831,79.01816012672906,0.920052840435055,1.221864069569104
55,10,27.06572720000986,1,5000.0,62.5,5,7.119453573025232,7.578461104643691,0.2424955374345831,79.01816012672906,0.920052840435055,1.221864069569104
55,19,42.13081380003132,1,5002.0,71.0,10,7.119453573025232,7.578461104643691,0.2424955374345831,79.01816012672906,0.920052840435055,1.221864069569104
56,5,0.17350090004038066,0,255.0,3.2,0,17.109211680220145,7.036578593800237,4.7943209079645195,74.45854016275037,9.832317502336647,14.20415312341697
56,3,0.5979578000260517,0,283.0,3.5500000000000003,2,17.109211680220145,7.036578593800237,4.7943209079645195,74.45854016275037,9.832317502336647,14.20415312341697
56,19,0.4347483000019565,0,239.0,3.0,0,17.109211680220145,7.036578593800237,4.7943209079645195,74.45854016275037,9.832317502336647,14.20415312341697
56,0,0.6150684000458568,0,263.0,3.3000000000000003,4,17.109211680220145,7.036578593800237,4.7943209079645195,74.45854016275037,9.832317502336647,14.20415312341697
56,1,0.8239861000329256,0,243.0,3.0500000000000003,3,17.109211680220145,7.036578593800237,4.7943209079645195,74.45854016275037,9.832317502336647,14.20415312341697
56,2,1.0196501000318676,0,259.0,3.25,6,17.109211680220145,7.036578593800237,4.7943209079645195,74.45854016275037,9.832317502336647,14.20415312341697
56,9,1.1881331000477076,0,255.0,3.2,2,17.109211680220145,7.036578593800237,4.7943209079645195,74.45854016275037,9.832317502336647,14.20415312341697
56,7,1.316438899957575,0,279.0,3.5,8,17.109211680220145,7.036578593800237,4.7943209079645195,74.45854016275037,9.832317502336647,14.20415312341697
56,18,1.460653799935244,0,299.0,3.75,4,17.109211680220145,7.036578593800237,4.7943209079645195,74.45854016275037,9.832317502336647,14.20415312341697
56,17,1.5558469999814406,0,323.0,4.05,1,17.109211680220145,7.036578593800237,4.7943209079645195,74.45854016275037,9.832317502336647,14.20415312341697
56,6,1.6063037000130862,0,259.0,3.25,8,17.109211680220145,7.036578593800237,4.7943209079645195,74.45854016275037,9.832317502336647,14.20415312341697
56,14,1.7875363000202924,0,319.0,4.0,5,17.109211680220145,7.036578593800237,4.7943209079645195,74.45854016275037,9.832317502336647,14.20415312341697
56,12,1.7902060999767855,0,303.0,3.8000000000000003,11,17.109211680220145,7.036578593800237,4.7943209079645195,74.45854016275037,9.832317502336647,14.20415312341697
56,15,1.9444226999767125,0,263.0,3.3000000000000003,13,17.109211680220145,7.036578593800237,4.7943209079645195,74.45854016275037,9.832317502336647,14.20415312341697
56,8,2.12140000006184,0,311.0,3.9000000000000004,18,17.109211680220145,7.036578593800237,4.7943209079645195,74.45854016275037,9.832317502336647,14.20415312341697
56,20,1.527488199993968,0,260.0,3.3000000000000003,0,17.109211680220145,7.036578593800237,4.7943209079645195,74.45854016275037,9.832317502336647,14.20415312341697
56,22,1.586805099970661,0,579.0,7.25,9,17.109211680220145,7.036578593800237,4.7943209079645195,74.45854016275037,9.832317502336647,14.20415312341697
56,23,1.3843210000777617,0,243.0,3.0500000000000003,5,17.109211680220145,7.036578593800237,4.7943209079645195,74.45854016275037,9.832317502336647,14.20415312341697
56,16,2.2195164000149816,0,279.0,3.5500000000000003,6,17.109211680220145,7.036578593800237,4.7943209079645195,74.45854016275037,9.832317502336647,14.20415312341697
56,4,2.261332400026731,0,259.0,3.25,11,17.109211680220145,7.036578593800237,4.7943209079645195,74.45854016275037,9.832317502336647,14.20415312341697
56,25,1.0971162000205368,0,279.0,3.5,2,17.109211680220145,7.036578593800237,4.7943209079645195,74.45854016275037,9.832317502336647,14.20415312341697
56,11,2.3925252000335604,0,299.0,3.75,11,17.109211680220145,7.036578593800237,4.7943209079645195,74.45854016275037,9.832317502336647,14.20415312341697
56,13,2.527592199970968,0,483.0,6.050000000000001,9,17.109211680220145,7.036578593800237,4.7943209079645195,74.45854016275037,9.832317502336647,14.20415312341697
56,21,1.9204610000597313,0,271.0,3.4000000000000004,8,17.109211680220145,7.036578593800237,4.7943209079645195,74.45854016275037,9.832317502336647,14.20415312341697
56,28,0.9607943999581039,0,303.0,3.8000000000000003,5,17.109211680220145,7.036578593800237,4.7943209079645195,74.45854016275037,9.832317502336647,14.20415312341697
56,10,2.543513200012967,0,279.0,3.5,10,17.109211680220145,7.036578593800237,4.7943209079645195,74.45854016275037,9.832317502336647,14.20415312341697
56,29,1.3697326000547037,0,283.0,3.5500000000000003,14,17.109211680220145,7.036578593800237,4.7943209079645195,74.45854016275037,9.832317502336647,14.20415312341697
56,26,1.7741596000269055,0,259.0,3.25,10,17.109211680220145,7.036578593800237,4.7943209079645195,74.45854016275037,9.832317502336647,14.20415312341697
56,27,1.6450003000209108,0,331.0,4.15,2,17.109211680220145,7.036578593800237,4.7943209079645195,74.45854016275037,9.832317502336647,14.20415312341697
56,24,5.919899899978191,0,872.0,11.05,1,17.109211680220145,7.036578593800237,4.7943209079645195,74.45854016275037,9.832317502336647,14.20415312341697
57,5,0.17961950006429106,0,255.0,3.2,0,3.4640373982003037,4.33851649237973,4.045196870533997,203.96252451305412,12.701873017352876,1.3591202931613355
57,19,0.4455312999198213,0,239.0,3.0,0,3.4640373982003037,4.33851649237973,4.045196870533997,203.96252451305412,12.701873017352876,1.3591202931613355
57,3,0.6602126999059692,0,283.0,3.5500000000000003,2,3.4640373982003037,4.33851649237973,4.045196870533997,203.96252451305412,12.701873017352876,1.3591202931613355
57,0,0.7387715000659227,0,263.0,3.3000000000000003,4,3.4640373982003037,4.33851649237973,4.045196870533997,203.96252451305412,12.701873017352876,1.3591202931613355
57,18,0.8545022999169305,0,291.0,3.6500000000000004,0,3.4640373982003037,4.33851649237973,4.045196870533997,203.96252451305412,12.701873017352876,1.3591202931613355
57,1,0.9361567999003455,0,243.0,3.0500000000000003,3,3.4640373982003037,4.33851649237973,4.045196870533997,203.96252451305412,12.701873017352876,1.3591202931613355
57,2,1.0305700999451801,0,259.0,3.25,6,3.4640373982003037,4.33851649237973,4.045196870533997,203.96252451305412,12.701873017352876,1.3591202931613355
57,7,1.2330957000376657,0,283.0,3.5500000000000003,4,3.4640373982003037,4.33851649237973,4.045196870533997,203.96252451305412,12.701873017352876,1.3591202931613355
57,9,1.5242358000250533,0,259.0,3.25,2,3.4640373982003037,4.33851649237973,4.045196870533997,203.96252451305412,12.701873017352876,1.3591202931613355
57,12,1.591292499913834,0,283.0,3.5500000000000003,9,3.4640373982003037,4.33851649237973,4.045196870533997,203.96252451305412,12.701873017352876,1.3591202931613355
57,17,1.5860198000445962,0,355.0,4.45,0,3.4640373982003037,4.33851649237973,4.045196870533997,203.96252451305412,12.701873017352876,1.3591202931613355
57,15,1.7810684000141919,0,251.0,3.1500000000000004,11,3.4640373982003037,4.33851649237973,4.045196870533997,203.96252451305412,12.701873017352876,1.3591202931613355
57,23,0.9821334999287501,0,243.0,3.0500000000000003,0,3.4640373982003037,4.33851649237973,4.045196870533997,203.96252451305412,12.701873017352876,1.3591202931613355
57,22,1.2248912000795826,0,571.0,7.15,5,3.4640373982003037,4.33851649237973,4.045196870533997,203.96252451305412,12.701873017352876,1.3591202931613355
57,8,2.0412768999813125,0,295.0,3.7,10,3.4640373982003037,4.33851649237973,4.045196870533997,203.96252451305412,12.701873017352876,1.3591202931613355
57,11,2.1827687000622973,0,279.0,3.5,11,3.4640373982003037,4.33851649237973,4.045196870533997,203.96252451305412,12.701873017352876,1.3591202931613355
57,24,1.2471871000016108,0,314.0,3.95,1,3.4640373982003037,4.33851649237973,4.045196870533997,203.96252451305412,12.701873017352876,1.3591202931613355
57,4,2.501182100037113,0,299.0,3.75,15,3.4640373982003037,4.33851649237973,4.045196870533997,203.96252451305412,12.701873017352876,1.3591202931613355
57,25,1.6058827999513596,0,299.0,3.75,4,3.4640373982003037,4.33851649237973,4.045196870533997,203.96252451305412,12.701873017352876,1.3591202931613355
57,28,1.0590204999316484,0,303.0,3.8000000000000003,5,3.4640373982003037,4.33851649237973,4.045196870533997,203.96252451305412,12.701873017352876,1.3591202931613355
57,10,2.666047199978493,0,303.0,3.8000000000000003,1,3.4640373982003037,4.33851649237973,4.045196870533997,203.96252451305412,12.701873017352876,1.3591202931613355
57,20,2.086597300018184,0,316.0,4.0,0,3.4640373982003037,4.33851649237973,4.045196870533997,203.96252451305412,12.701873017352876,1.3591202931613355
57,27,1.419409100082703,0,307.0,3.85,2,3.4640373982003037,4.33851649237973,4.045196870533997,203.96252451305412,12.701873017352876,1.3591202931613355
57,21,2.3077372999396175,0,303.0,3.8000000000000003,11,3.4640373982003037,4.33851649237973,4.045196870533997,203.96252451305412,12.701873017352876,1.3591202931613355
57,14,3.1512433999450877,0,487.0,6.1000000000000005,8,3.4640373982003037,4.33851649237973,4.045196870533997,203.96252451305412,12.701873017352876,1.3591202931613355
57,29,1.5827182000502944,0,283.0,3.5500000000000003,14,3.4640373982003037,4.33851649237973,4.045196870533997,203.96252451305412,12.701873017352876,1.3591202931613355
57,26,2.023299099993892,0,283.0,3.5500000000000003,7,3.4640373982003037,4.33851649237973,4.045196870533997,203.96252451305412,12.701873017352876,1.3591202931613355
57,13,3.4608522999333218,0,779.0,9.75,19,3.4640373982003037,4.33851649237973,4.045196870533997,203.96252451305412,12.701873017352876,1.3591202931613355
57,6,5.2241835000459105,0,739.0,9.25,3,3.4640373982003037,4.33851649237973,4.045196870533997,203.96252451305412,12.701873017352876,1.3591202931613355
57,16,50.37464789999649,1,5002.0,68.55,0,3.4640373982003037,4.33851649237973,4.045196870533997,203.96252451305412,12.701873017352876,1.3591202931613355
58,5,0.19195440004114062,0,255.0,3.2,0,7.492252292529424,6.258599157142363,5.081048959942868,264.1224602970806,13.1738726323789,4.888032812442891
58,19,0.4320731000043452,0,239.0,3.0,0,7.492252292529424,6.258599157142363,5.081048959942868,264.1224602970806,13.1738726323789,4.888032812442891
58,0,0.7997399000450969,0,267.0,3.35,4,7.492252292529424,6.258599157142363,5.081048959942868,264.1224602970806,13.1738726323789,4.888032812442891
58,1,0.8852345999330282,0,243.0,3.0500000000000003,3,7.492252292529424,6.258599157142363,5.081048959942868,264.1224602970806,13.1738726323789,4.888032812442891
58,3,0.9133741999976337,0,283.0,3.5500000000000003,2,7.492252292529424,6.258599157142363,5.081048959942868,264.1224602970806,13.1738726323789,4.888032812442891
58,2,0.9798000999726355,0,259.0,3.25,6,7.492252292529424,6.258599157142363,5.081048959942868,264.1224602970806,13.1738726323789,4.888032812442891
58,7,1.12537450005766,0,279.0,3.5,8,7.492252292529424,6.258599157142363,5.081048959942868,264.1224602970806,13.1738726323789,4.888032812442891
58,9,1.2268198999809101,0,255.0,3.2,2,7.492252292529424,6.258599157142363,5.081048959942868,264.1224602970806,13.1738726323789,4.888032812442891
58,17,1.3938339999876916,0,323.0,4.05,1,7.492252292529424,6.258599157142363,5.081048959942868,264.1224602970806,13.1738726323789,4.888032812442891
58,12,1.6027097000041977,0,283.0,3.5500000000000003,9,7.492252292529424,6.258599157142363,5.081048959942868,264.1224602970806,13.1738726323789,4.888032812442891
58,14,1.6916779999155551,0,319.0,4.0,5,7.492252292529424,6.258599157142363,5.081048959942868,264.1224602970806,13.1738726323789,4.888032812442891
58,6,1.8212105000857264,0,295.0,3.7,6,7.492252292529424,6.258599157142363,5.081048959942868,264.1224602970806,13.1738726323789,4.888032812442891
58,18,1.8357176000718027,0,303.0,3.8000000000000003,2,7.492252292529424,6.258599157142363,5.081048959942868,264.1224602970806,13.1738726323789,4.888032812442891
58,11,1.9378158999606967,0,299.0,3.75,11,7.492252292529424,6.258599157142363,5.081048959942868,264.1224602970806,13.1738726323789,4.888032812442891
58,15,1.9589051000075415,0,251.0,3.1500000000000004,11,7.492252292529424,6.258599157142363,5.081048959942868,264.1224602970806,13.1738726323789,4.888032812442891
58,22,1.3410117999883369,0,579.0,7.25,7,7.492252292529424,6.258599157142363,5.081048959942868,264.1224602970806,13.1738726323789,4.888032812442891
58,24,1.3836830999935046,0,314.0,3.95,1,7.492252292529424,6.258599157142363,5.081048959942868,264.1224602970806,13.1738726323789,4.888032812442891
58,4,2.4708499000407755,0,287.0,3.6,10,7.492252292529424,6.258599157142363,5.081048959942868,264.1224602970806,13.1738726323789,4.888032812442891
58,10,2.495508100022562,0,295.0,3.7,9,7.492252292529424,6.258599157142363,5.081048959942868,264.1224602970806,13.1738726323789,4.888032812442891
58,25,1.3599820000818,0,295.0,3.7,4,7.492252292529424,6.258599157142363,5.081048959942868,264.1224602970806,13.1738726323789,4.888032812442891
58,8,2.594730900018476,0,355.0,4.45,18,7.492252292529424,6.258599157142363,5.081048959942868,264.1224602970806,13.1738726323789,4.888032812442891
58,28,1.0144576999591663,0,303.0,3.8000000000000003,5,7.492252292529424,6.258599157142363,5.081048959942868,264.1224602970806,13.1738726323789,4.888032812442891
58,23,1.7412948000710458,0,288.0,3.6500000000000004,9,7.492252292529424,6.258599157142363,5.081048959942868,264.1224602970806,13.1738726323789,4.888032812442891
58,27,1.3920383000513539,0,307.0,3.85,2,7.492252292529424,6.258599157142363,5.081048959942868,264.1224602970806,13.1738726323789,4.888032812442891
58,26,1.7123080999590456,0,247.0,3.1,7,7.492252292529424,6.258599157142363,5.081048959942868,264.1224602970806,13.1738726323789,4.888032812442891
58,29,1.408306400058791,0,283.0,3.5500000000000003,14,7.492252292529424,6.258599157142363,5.081048959942868,264.1224602970806,13.1738726323789,4.888032812442891
58,21,2.344935999950394,0,307.0,3.85,13,7.492252292529424,6.258599157142363,5.081048959942868,264.1224602970806,13.1738726323789,4.888032812442891
58,13,3.1628786999499425,0,727.0,9.1,16,7.492252292529424,6.258599157142363,5.081048959942868,264.1224602970806,13.1738726323789,4.888032812442891
58,20,38.245339300017804,1,5000.0,70.95,0,7.492252292529424,6.258599157142363,5.081048959942868,264.1224602970806,13.1738726323789,4.888032812442891
58,16,52.08516789996065,1,5000.0,68.35000000000001,6,7.492252292529424,6.258599157142363,5.081048959942868,264.1224602970806,13.1738726323789,4.888032812442891
59,5,0.27249669993761927,0,255.0,3.2,0,1.4113749480085969,6.424192782063156,0.36246197436205596,196.44389531836583,18.80460482849915,17.26422533627637
59,0,0.6412106000352651,0,275.0,3.45,4,1.4113749480085969,6.424192782063156,0.36246197436205596,196.44389531836583,18.80460482849915,17.26422533627637
59,3,0.6828206999925897,0,283.0,3.5500000000000003,2,1.4113749480085969,6.424192782063156,0.36246197436205596,196.44389531836583,18.80460482849915,17.26422533627637
59,1,0.8447817999403924,0,279.0,3.5,3,1.4113749480085969,6.424192782063156,0.36246197436205596,196.44389531836583,18.80460482849915,17.26422533627637
59,7,0.9934985000872985,0,271.0,3.4000000000000004,4,1.4113749480085969,6.424192782063156,0.36246197436205596,196.44389531836583,18.80460482849915,17.26422533627637
59,2,1.0838666000636294,0,259.0,3.25,6,1.4113749480085969,6.424192782063156,0.36246197436205596,196.44389531836583,18.80460482849915,17.26422533627637
59,20,0.47508539992850274,0,215.0,2.7,0,1.4113749480085969,6.424192782063156,0.36246197436205596,196.44389531836583,18.80460482849915,17.26422533627637
59,16,1.15889020008035,0,227.0,2.85,4,1.4113749480085969,6.424192782063156,0.36246197436205596,196.44389531836583,18.80460482849915,17.26422533627637
59,9,1.2823885000543669,0,255.0,3.2,0,1.4113749480085969,6.424192782063156,0.36246197436205596,196.44389531836583,18.80460482849915,17.26422533627637
59,18,1.331566600012593,0,283.0,3.5500000000000003,0,1.4113749480085969,6.424192782063156,0.36246197436205596,196.44389531836583,18.80460482849915,17.26422533627637
59,19,1.0438106000656262,0,247.0,3.1,4,1.4113749480085969,6.424192782063156,0.36246197436205596,196.44389531836583,18.80460482849915,17.26422533627637
59,17,1.4480297999689355,0,327.0,4.1000000000000005,1,1.4113749480085969,6.424192782063156,0.36246197436205596,196.44389531836583,18.80460482849915,17.26422533627637
59,12,1.4927208999870345,0,283.0,3.5500000000000003,4,1.4113749480085969,6.424192782063156,0.36246197436205596,196.44389531836583,18.80460482849915,17.26422533627637
59,14,1.69196299999021,0,311.0,3.9000000000000004,4,1.4113749480085969,6.424192782063156,0.36246197436205596,196.44389531836583,18.80460482849915,17.26422533627637
59,23,0.7131932000629604,0,231.0,2.9000000000000004,0,1.4113749480085969,6.424192782063156,0.36246197436205596,196.44389531836583,18.80460482849915,17.26422533627637
59,4,1.7337269999552518,0,263.0,3.3000000000000003,9,1.4113749480085969,6.424192782063156,0.36246197436205596,196.44389531836583,18.80460482849915,17.26422533627637
59,25,0.7779546000529081,0,263.0,3.3000000000000003,2,1.4113749480085969,6.424192782063156,0.36246197436205596,196.44389531836583,18.80460482849915,17.26422533627637
59,6,1.9680697000585496,0,263.0,3.3000000000000003,5,1.4113749480085969,6.424192782063156,0.36246197436205596,196.44389531836583,18.80460482849915,17.26422533627637
59,15,2.1054856999544427,0,339.0,4.25,4,1.4113749480085969,6.424192782063156,0.36246197436205596,196.44389531836583,18.80460482849915,17.26422533627637
59,11,2.160264499951154,0,283.0,3.5500000000000003,11,1.4113749480085969,6.424192782063156,0.36246197436205596,196.44389531836583,18.80460482849915,17.26422533627637
59,28,0.9657813000958413,0,299.0,3.75,4,1.4113749480085969,6.424192782063156,0.36246197436205596,196.44389531836583,18.80460482849915,17.26422533627637
59,22,1.4706906999927014,0,583.0,7.300000000000001,9,1.4113749480085969,6.424192782063156,0.36246197436205596,196.44389531836583,18.80460482849915,17.26422533627637
59,24,1.335031699971296,0,327.0,4.1000000000000005,0,1.4113749480085969,6.424192782063156,0.36246197436205596,196.44389531836583,18.80460482849915,17.26422533627637
59,10,2.45172819995787,0,295.0,3.7,2,1.4113749480085969,6.424192782063156,0.36246197436205596,196.44389531836583,18.80460482849915,17.26422533627637
59,26,1.3355765999294817,0,247.0,3.1,6,1.4113749480085969,6.424192782063156,0.36246197436205596,196.44389531836583,18.80460482849915,17.26422533627637
59,13,2.581246200017631,0,483.0,6.050000000000001,8,1.4113749480085969,6.424192782063156,0.36246197436205596,196.44389531836583,18.80460482849915,17.26422533627637
59,29,1.285492300055921,0,283.0,3.5500000000000003,13,1.4113749480085969,6.424192782063156,0.36246197436205596,196.44389531836583,18.80460482849915,17.26422533627637
59,27,1.3455546000041068,0,307.0,3.85,2,1.4113749480085969,6.424192782063156,0.36246197436205596,196.44389531836583,18.80460482849915,17.26422533627637
59,21,2.1368070000316948,0,275.0,3.45,6,1.4113749480085969,6.424192782063156,0.36246197436205596,196.44389531836583,18.80460482849915,17.26422533627637
59,8,34.378766800044104,1,5000.0,70.85000000000001,18,1.4113749480085969,6.424192782063156,0.36246197436205596,196.44389531836583,18.80460482849915,17.26422533627637
60,5,0.175323799951002,0,255.0,3.2,0,7.763398524130438,6.432882184423532,4.636703615866015,186.40419732898374,18.8292961755305,11.583079134023228
60,0,0.7362006999319419,0,267.0,3.35,4,7.763398524130438,6.432882184423532,4.636703615866015,186.40419732898374,18.8292961755305,11.583079134023228
60,19,0.6620236999588087,0,239.0,3.0,0,7.763398524130438,6.432882184423532,4.636703615866015,186.40419732898374,18.8292961755305,11.583079134023228
60,3,0.8849758000578731,0,283.0,3.5500000000000003,2,7.763398524130438,6.432882184423532,4.636703615866015,186.40419732898374,18.8292961755305,11.583079134023228
60,1,0.9544259000103921,0,243.0,3.0500000000000003,3,7.763398524130438,6.432882184423532,4.636703615866015,186.40419732898374,18.8292961755305,11.583079134023228
60,2,0.9850534999277443,0,259.0,3.25,6,7.763398524130438,6.432882184423532,4.636703615866015,186.40419732898374,18.8292961755305,11.583079134023228
60,9,1.1004306999966502,0,255.0,3.2,2,7.763398524130438,6.432882184423532,4.636703615866015,186.40419732898374,18.8292961755305,11.583079134023228
60,7,1.1112459999276325,0,279.0,3.5,8,7.763398524130438,6.432882184423532,4.636703615866015,186.40419732898374,18.8292961755305,11.583079134023228
60,12,1.34327910002321,0,283.0,3.5500000000000003,4,7.763398524130438,6.432882184423532,4.636703615866015,186.40419732898374,18.8292961755305,11.583079134023228
60,15,1.3441483000060543,0,259.0,3.25,9,7.763398524130438,6.432882184423532,4.636703615866015,186.40419732898374,18.8292961755305,11.583079134023228
60,17,1.4199569000629708,0,323.0,4.05,1,7.763398524130438,6.432882184423532,4.636703615866015,186.40419732898374,18.8292961755305,11.583079134023228
60,4,1.552285599987954,0,255.0,3.2,13,7.763398524130438,6.432882184423532,4.636703615866015,186.40419732898374,18.8292961755305,11.583079134023228
60,23,0.7886600999627262,0,231.0,2.9000000000000004,0,7.763398524130438,6.432882184423532,4.636703615866015,186.40419732898374,18.8292961755305,11.583079134023228
60,14,1.966383299906738,0,319.0,4.0,5,7.763398524130438,6.432882184423532,4.636703615866015,186.40419732898374,18.8292961755305,11.583079134023228
60,16,2.02390909998212,0,260.0,3.3000000000000003,6,7.763398524130438,6.432882184423532,4.636703615866015,186.40419732898374,18.8292961755305,11.583079134023228
60,18,2.097587399999611,0,307.0,3.85,2,7.763398524130438,6.432882184423532,4.636703615866015,186.40419732898374,18.8292961755305,11.583079134023228
60,25,1.0055111999390647,0,267.0,3.35,0,7.763398524130438,6.432882184423532,4.636703615866015,186.40419732898374,18.8292961755305,11.583079134023228
60,8,2.1915532000130042,0,367.0,4.6000000000000005,8,7.763398524130438,6.432882184423532,4.636703615866015,186.40419732898374,18.8292961755305,11.583079134023228
60,11,2.223169400007464,0,299.0,3.75,11,7.763398524130438,6.432882184423532,4.636703615866015,186.40419732898374,18.8292961755305,11.583079134023228
60,28,0.9715113999554887,0,299.0,3.75,4,7.763398524130438,6.432882184423532,4.636703615866015,186.40419732898374,18.8292961755305,11.583079134023228
60,22,1.4943657000549138,0,579.0,7.25,4,7.763398524130438,6.432882184423532,4.636703615866015,186.40419732898374,18.8292961755305,11.583079134023228
60,13,2.5366489000152797,0,483.0,6.050000000000001,9,7.763398524130438,6.432882184423532,4.636703615866015,186.40419732898374,18.8292961755305,11.583079134023228
60,6,2.54765129997395,0,319.0,4.0,6,7.763398524130438,6.432882184423532,4.636703615866015,186.40419732898374,18.8292961755305,11.583079134023228
60,21,1.8220543999923393,0,263.0,3.3000000000000003,8,7.763398524130438,6.432882184423532,4.636703615866015,186.40419732898374,18.8292961755305,11.583079134023228
60,29,1.3161478999536484,0,283.0,3.5500000000000003,13,7.763398524130438,6.432882184423532,4.636703615866015,186.40419732898374,18.8292961755305,11.583079134023228
60,26,1.6258302999194711,0,247.0,3.1,7,7.763398524130438,6.432882184423532,4.636703615866015,186.40419732898374,18.8292961755305,11.583079134023228
60,10,2.840297600021586,0,295.0,3.7,9,7.763398524130438,6.432882184423532,4.636703615866015,186.40419732898374,18.8292961755305,11.583079134023228
60,24,2.0467469999566674,0,370.0,4.65,0,7.763398524130438,6.432882184423532,4.636703615866015,186.40419732898374,18.8292961755305,11.583079134023228
60,27,1.7456689999671653,0,331.0,4.15,2,7.763398524130438,6.432882184423532,4.636703615866015,186.40419732898374,18.8292961755305,11.583079134023228
60,20,37.36761730001308,1,5000.0,70.95,0,7.763398524130438,6.432882184423532,4.636703615866015,186.40419732898374,18.8292961755305,11.583079134023228
61,5,0.2519471999257803,0,255.0,3.2,0,19.223811276478283,9.053506419560637,2.038332234414035,67.34032521879136,2.015560027548533,0.5466547695464918
61,3,0.7050487999804318,0,287.0,3.6,2,19.223811276478283,9.053506419560637,2.038332234414035,67.34032521879136,2.015560027548533,0.5466547695464918
61,20,0.510840000002645,0,215.0,2.7,0,19.223811276478283,9.053506419560637,2.038332234414035,67.34032521879136,2.015560027548533,0.5466547695464918
61,19,1.0764918000204489,0,243.0,3.0500000000000003,4,19.223811276478283,9.053506419560637,2.038332234414035,67.34032521879136,2.015560027548533,0.5466547695464918
61,7,1.6185701000504196,0,291.0,3.6500000000000004,7,19.223811276478283,9.053506419560637,2.038332234414035,67.34032521879136,2.015560027548533,0.5466547695464918
61,12,1.664134299964644,0,295.0,3.7,9,19.223811276478283,9.053506419560637,2.038332234414035,67.34032521879136,2.015560027548533,0.5466547695464918
61,17,1.7202886999584734,0,327.0,4.1000000000000005,1,19.223811276478283,9.053506419560637,2.038332234414035,67.34032521879136,2.015560027548533,0.5466547695464918
61,1,1.7447557999985293,0,291.0,3.6500000000000004,5,19.223811276478283,9.053506419560637,2.038332234414035,67.34032521879136,2.015560027548533,0.5466547695464918
61,6,2.143140400061384,0,263.0,3.3000000000000003,15,19.223811276478283,9.053506419560637,2.038332234414035,67.34032521879136,2.015560027548533,0.5466547695464918
61,8,2.28513259999454,0,379.0,4.75,14,19.223811276478283,9.053506419560637,2.038332234414035,67.34032521879136,2.015560027548533,0.5466547695464918
61,9,2.390529999975115,0,287.0,3.6,9,19.223811276478283,9.053506419560637,2.038332234414035,67.34032521879136,2.015560027548533,0.5466547695464918
61,4,2.566687799990177,0,283.0,3.5500000000000003,14,19.223811276478283,9.053506419560637,2.038332234414035,67.34032521879136,2.015560027548533,0.5466547695464918
61,25,1.0540513000451028,0,279.0,3.5,2,19.223811276478283,9.053506419560637,2.038332234414035,67.34032521879136,2.015560027548533,0.5466547695464918
61,18,2.878008099971339,0,347.0,4.3500000000000005,10,19.223811276478283,9.053506419560637,2.038332234414035,67.34032521879136,2.015560027548533,0.5466547695464918
61,15,2.9117280000355095,0,347.0,4.3500000000000005,7,19.223811276478283,9.053506419560637,2.038332234414035,67.34032521879136,2.015560027548533,0.5466547695464918
61,22,1.6775999000528827,0,579.0,7.25,9,19.223811276478283,9.053506419560637,2.038332234414035,67.34032521879136,2.015560027548533,0.5466547695464918
61,24,1.492349199950695,0,322.0,4.05,2,19.223811276478283,9.053506419560637,2.038332234414035,67.34032521879136,2.015560027548533,0.5466547695464918
61,11,3.18351480003912,0,333.0,4.2,13,19.223811276478283,9.053506419560637,2.038332234414035,67.34032521879136,2.015560027548533,0.5466547695464918
61,16,3.340212899958715,0,336.0,4.3,11,19.223811276478283,9.053506419560637,2.038332234414035,67.34032521879136,2.015560027548533,0.5466547695464918
61,28,1.0548852999927476,0,307.0,3.85,5,19.223811276478283,9.053506419560637,2.038332234414035,67.34032521879136,2.015560027548533,0.5466547695464918
61,27,1.2247952000470832,0,303.0,3.8000000000000003,5,19.223811276478283,9.053506419560637,2.038332234414035,67.34032521879136,2.015560027548533,0.5466547695464918
61,13,3.4512430999893695,0,515.0,6.45,14,19.223811276478283,9.053506419560637,2.038332234414035,67.34032521879136,2.015560027548533,0.5466547695464918
61,23,1.867675399989821,0,294.0,3.75,9,19.223811276478283,9.053506419560637,2.038332234414035,67.34032521879136,2.015560027548533,0.5466547695464918
61,21,2.361392999999225,0,275.0,3.45,15,19.223811276478283,9.053506419560637,2.038332234414035,67.34032521879136,2.015560027548533,0.5466547695464918
61,10,3.6903022000333294,0,335.0,4.2,14,19.223811276478283,9.053506419560637,2.038332234414035,67.34032521879136,2.015560027548533,0.5466547695464918
61,26,2.1551375000271946,0,263.0,3.3000000000000003,10,19.223811276478283,9.053506419560637,2.038332234414035,67.34032521879136,2.015560027548533,0.5466547695464918
61,2,5.059166699997149,0,482.0,6.25,14,19.223811276478283,9.053506419560637,2.038332234414035,67.34032521879136,2.015560027548533,0.5466547695464918
61,29,2.7207128000445664,0,423.0,5.300000000000001,14,19.223811276478283,9.053506419560637,2.038332234414035,67.34032521879136,2.015560027548533,0.5466547695464918
61,14,28.29940879996866,1,5003.0,63.300000000000004,10,19.223811276478283,9.053506419560637,2.038332234414035,67.34032521879136,2.015560027548533,0.5466547695464918
61,0,43.902704200008884,1,5000.0,62.5,7,19.223811276478283,9.053506419560637,2.038332234414035,67.34032521879136,2.015560027548533,0.5466547695464918
62,5,0.1660737000638619,0,255.0,3.2,0,1.888859215118568,6.830067734163569,0.804767619756267,129.7439075734403,16.89750621938909,0.698158072074776
62,3,0.688440200057812,0,287.0,3.6,2,1.888859215118568,6.830067734163569,0.804767619756267,129.7439075734403,16.89750621938909,0.698158072074776
62,2,1.0139403000939637,0,287.0,3.6,2,1.888859215118568,6.830067734163569,0.804767619756267,129.7439075734403,16.89750621938909,0.698158072074776
62,20,0.46132789994589984,0,215.0,2.7,0,1.888859215118568,6.830067734163569,0.804767619756267,129.7439075734403,16.89750621938909,0.698158072074776
62,17,1.2518850000342354,0,347.0,4.3500000000000005,1,1.888859215118568,6.830067734163569,0.804767619756267,129.7439075734403,16.89750621938909,0.698158072074776
62,7,1.2963421000167727,0,323.0,4.05,4,1.888859215118568,6.830067734163569,0.804767619756267,129.7439075734403,16.89750621938909,0.698158072074776
62,19,1.4129919999977574,0,275.0,3.45,3,1.888859215118568,6.830067734163569,0.804767619756267,129.7439075734403,16.89750621938909,0.698158072074776
62,12,1.6241877999855205,0,295.0,3.7,9,1.888859215118568,6.830067734163569,0.804767619756267,129.7439075734403,16.89750621938909,0.698158072074776
62,1,1.9725633000489324,0,295.0,3.7,5,1.888859215118568,6.830067734163569,0.804767619756267,129.7439075734403,16.89750621938909,0.698158072074776
62,4,2.0327352000167593,0,307.0,3.85,6,1.888859215118568,6.830067734163569,0.804767619756267,129.7439075734403,16.89750621938909,0.698158072074776
62,11,2.135236599948257,0,315.0,3.95,8,1.888859215118568,6.830067734163569,0.804767619756267,129.7439075734403,16.89750621938909,0.698158072074776
62,25,0.8988138999557123,0,279.0,3.5,2,1.888859215118568,6.830067734163569,0.804767619756267,129.7439075734403,16.89750621938909,0.698158072074776
62,8,2.8493878999724984,0,315.0,3.95,5,1.888859215118568,6.830067734163569,0.804767619756267,129.7439075734403,16.89750621938909,0.698158072074776
62,6,3.19262530002743,0,363.0,4.55,5,1.888859215118568,6.830067734163569,0.804767619756267,129.7439075734403,16.89750621938909,0.698158072074776
62,26,1.5706548999296501,0,251.0,3.1500000000000004,4,1.888859215118568,6.830067734163569,0.804767619756267,129.7439075734403,16.89750621938909,0.698158072074776
62,21,2.2310676999622956,0,259.0,3.25,11,1.888859215118568,6.830067734163569,0.804767619756267,129.7439075734403,16.89750621938909,0.698158072074776
62,18,3.3441195000195876,0,395.0,4.95,10,1.888859215118568,6.830067734163569,0.804767619756267,129.7439075734403,16.89750621938909,0.698158072074776
62,14,3.3507739000488073,0,427.0,5.3500000000000005,0,1.888859215118568,6.830067734163569,0.804767619756267,129.7439075734403,16.89750621938909,0.698158072074776
62,13,3.5210759999463335,0,543.0,6.800000000000001,10,1.888859215118568,6.830067734163569,0.804767619756267,129.7439075734403,16.89750621938909,0.698158072074776
62,9,3.5266985000343993,0,355.0,4.45,9,1.888859215118568,6.830067734163569,0.804767619756267,129.7439075734403,16.89750621938909,0.698158072074776
62,24,2.242242900072597,0,390.0,4.95,2,1.888859215118568,6.830067734163569,0.804767619756267,129.7439075734403,16.89750621938909,0.698158072074776
62,15,3.906718699960038,0,427.0,5.3500000000000005,11,1.888859215118568,6.830067734163569,0.804767619756267,129.7439075734403,16.89750621938909,0.698158072074776
62,10,3.9724644999951124,0,359.0,4.5,9,1.888859215118568,6.830067734163569,0.804767619756267,129.7439075734403,16.89750621938909,0.698158072074776
62,27,2.046971199917607,0,335.0,4.2,8,1.888859215118568,6.830067734163569,0.804767619756267,129.7439075734403,16.89750621938909,0.698158072074776
62,28,2.0203112999442965,0,371.0,4.65,5,1.888859215118568,6.830067734163569,0.804767619756267,129.7439075734403,16.89750621938909,0.698158072074776
62,29,1.9709524000063539,0,311.0,3.9000000000000004,14,1.888859215118568,6.830067734163569,0.804767619756267,129.7439075734403,16.89750621938909,0.698158072074776
62,16,4.4981451000785455,0,448.0,5.8500000000000005,3,1.888859215118568,6.830067734163569,0.804767619756267,129.7439075734403,16.89750621938909,0.698158072074776
62,23,5.692620999994688,0,636.0,8.25,12,1.888859215118568,6.830067734163569,0.804767619756267,129.7439075734403,16.89750621938909,0.698158072074776
62,22,34.506709299981594,1,5001.0,70.4,2,1.888859215118568,6.830067734163569,0.804767619756267,129.7439075734403,16.89750621938909,0.698158072074776
62,0,39.59623280004598,1,5001.0,70.75,22,1.888859215118568,6.830067734163569,0.804767619756267,129.7439075734403,16.89750621938909,0.698158072074776
63,5,0.15934170002583414,0,255.0,3.2,0,16.289369651778717,2.8185477477339993,1.269831793454397,224.18429134103766,12.57885693559768,26.32416040581159
63,0,0.5915548000484705,0,263.0,3.3000000000000003,4,16.289369651778717,2.8185477477339993,1.269831793454397,224.18429134103766,12.57885693559768,26.32416040581159
63,19,0.43756230000872165,0,239.0,3.0,0,16.289369651778717,2.8185477477339993,1.269831793454397,224.18429134103766,12.57885693559768,26.32416040581159
63,3,0.6633870999794453,0,283.0,3.5500000000000003,2,16.289369651778717,2.8185477477339993,1.269831793454397,224.18429134103766,12.57885693559768,26.32416040581159
63,1,0.8499503000639379,0,243.0,3.0500000000000003,3,16.289369651778717,2.8185477477339993,1.269831793454397,224.18429134103766,12.57885693559768,26.32416040581159
63,2,0.9180644999723881,0,259.0,3.25,6,16.289369651778717,2.8185477477339993,1.269831793454397,224.18429134103766,12.57885693559768,26.32416040581159
63,20,0.3750707999570295,0,215.0,2.7,0,16.289369651778717,2.8185477477339993,1.269831793454397,224.18429134103766,12.57885693559768,26.32416040581159
63,9,1.1347842999966815,0,255.0,3.2,2,16.289369651778717,2.8185477477339993,1.269831793454397,224.18429134103766,12.57885693559768,26.32416040581159
63,7,1.18585340003483,0,279.0,3.5,8,16.289369651778717,2.8185477477339993,1.269831793454397,224.18429134103766,12.57885693559768,26.32416040581159
63,17,1.3091537000145763,0,323.0,4.05,1,16.289369651778717,2.8185477477339993,1.269831793454397,224.18429134103766,12.57885693559768,26.32416040581159
63,14,1.6959362000925466,0,319.0,4.0,5,16.289369651778717,2.8185477477339993,1.269831793454397,224.18429134103766,12.57885693559768,26.32416040581159
63,23,1.0610414000693709,0,247.0,3.1,5,16.289369651778717,2.8185477477339993,1.269831793454397,224.18429134103766,12.57885693559768,26.32416040581159
63,12,1.9676351000089198,0,295.0,3.7,11,16.289369651778717,2.8185477477339993,1.269831793454397,224.18429134103766,12.57885693559768,26.32416040581159
63,4,2.0088342999806628,0,255.0,3.2,11,16.289369651778717,2.8185477477339993,1.269831793454397,224.18429134103766,12.57885693559768,26.32416040581159
63,15,2.0365817000856623,0,263.0,3.3000000000000003,13,16.289369651778717,2.8185477477339993,1.269831793454397,224.18429134103766,12.57885693559768,26.32416040581159
63,18,2.0402387999929488,0,291.0,3.6500000000000004,8,16.289369651778717,2.8185477477339993,1.269831793454397,224.18429134103766,12.57885693559768,26.32416040581159
63,22,1.4227992000523955,0,579.0,7.25,7,16.289369651778717,2.8185477477339993,1.269831793454397,224.18429134103766,12.57885693559768,26.32416040581159
63,11,2.1036300000268966,0,287.0,3.6,14,16.289369651778717,2.8185477477339993,1.269831793454397,224.18429134103766,12.57885693559768,26.32416040581159
63,25,1.2623466000659391,0,343.0,4.3,1,16.289369651778717,2.8185477477339993,1.269831793454397,224.18429134103766,12.57885693559768,26.32416040581159
63,28,1.0428863000124693,0,303.0,3.8000000000000003,5,16.289369651778717,2.8185477477339993,1.269831793454397,224.18429134103766,12.57885693559768,26.32416040581159
63,10,2.5337130000116304,0,291.0,3.6500000000000004,9,16.289369651778717,2.8185477477339993,1.269831793454397,224.18429134103766,12.57885693559768,26.32416040581159
63,24,1.9090746999718249,0,358.0,4.5,1,16.289369651778717,2.8185477477339993,1.269831793454397,224.18429134103766,12.57885693559768,26.32416040581159
63,8,2.8411778999725357,0,347.0,4.3500000000000005,18,16.289369651778717,2.8185477477339993,1.269831793454397,224.18429134103766,12.57885693559768,26.32416040581159
63,21,2.264996699988842,0,267.0,3.35,11,16.289369651778717,2.8185477477339993,1.269831793454397,224.18429134103766,12.57885693559768,26.32416040581159
63,26,1.7413782000076026,0,259.0,3.25,10,16.289369651778717,2.8185477477339993,1.269831793454397,224.18429134103766,12.57885693559768,26.32416040581159
63,29,1.2230620000045747,0,283.0,3.5500000000000003,13,16.289369651778717,2.8185477477339993,1.269831793454397,224.18429134103766,12.57885693559768,26.32416040581159
63,27,1.8007599000120535,0,331.0,4.15,2,16.289369651778717,2.8185477477339993,1.269831793454397,224.18429134103766,12.57885693559768,26.32416040581159
63,13,3.0944181999657303,0,507.0,6.3500000000000005,17,16.289369651778717,2.8185477477339993,1.269831793454397,224.18429134103766,12.57885693559768,26.32416040581159
63,16,3.35593499999959,0,345.0,4.5,6,16.289369651778717,2.8185477477339993,1.269831793454397,224.18429134103766,12.57885693559768,26.32416040581159
63,6,4.1532963999779895,0,455.0,5.7,13,16.289369651778717,2.8185477477339993,1.269831793454397,224.18429134103766,12.57885693559768,26.32416040581159
64,5,0.18589700001757592,0,255.0,3.2,0,14.701420876077716,8.034809303848485,2.8921422684559346,94.35988594493071,15.012295032817168,24.20504217801792
64,3,0.6372561000753194,0,283.0,3.5500000000000003,2,14.701420876077716,8.034809303848485,2.8921422684559346,94.35988594493071,15.012295032817168,24.20504217801792
64,19,0.4648376000113785,0,239.0,3.0,0,14.701420876077716,8.034809303848485,2.8921422684559346,94.35988594493071,15.012295032817168,24.20504217801792
64,0,0.7671885999152437,0,267.0,3.35,4,14.701420876077716,8.034809303848485,2.8921422684559346,94.35988594493071,15.012295032817168,24.20504217801792
64,2,0.9386914999922737,0,259.0,3.25,6,14.701420876077716,8.034809303848485,2.8921422684559346,94.35988594493071,15.012295032817168,24.20504217801792
64,1,0.9814249998889863,0,243.0,3.0500000000000003,3,14.701420876077716,8.034809303848485,2.8921422684559346,94.35988594493071,15.012295032817168,24.20504217801792
64,15,1.1767879999242723,0,259.0,3.25,9,14.701420876077716,8.034809303848485,2.8921422684559346,94.35988594493071,15.012295032817168,24.20504217801792
64,9,1.187755799968727,0,255.0,3.2,2,14.701420876077716,8.034809303848485,2.8921422684559346,94.35988594493071,15.012295032817168,24.20504217801792
64,7,1.2999149999814108,0,279.0,3.5,8,14.701420876077716,8.034809303848485,2.8921422684559346,94.35988594493071,15.012295032817168,24.20504217801792
64,17,1.326710500055924,0,327.0,4.1000000000000005,1,14.701420876077716,8.034809303848485,2.8921422684559346,94.35988594493071,15.012295032817168,24.20504217801792
64,20,0.7129253000020981,0,223.0,2.8000000000000003,0,14.701420876077716,8.034809303848485,2.8921422684559346,94.35988594493071,15.012295032817168,24.20504217801792
64,23,0.6902427000459284,0,231.0,2.9000000000000004,0,14.701420876077716,8.034809303848485,2.8921422684559346,94.35988594493071,15.012295032817168,24.20504217801792
64,18,1.6465315000386909,0,299.0,3.75,2,14.701420876077716,8.034809303848485,2.8921422684559346,94.35988594493071,15.012295032817168,24.20504217801792
64,14,1.680538999964483,0,319.0,4.0,5,14.701420876077716,8.034809303848485,2.8921422684559346,94.35988594493071,15.012295032817168,24.20504217801792
64,12,1.7844813999254256,0,295.0,3.7,11,14.701420876077716,8.034809303848485,2.8921422684559346,94.35988594493071,15.012295032817168,24.20504217801792
64,4,1.852715800050646,0,255.0,3.2,11,14.701420876077716,8.034809303848485,2.8921422684559346,94.35988594493071,15.012295032817168,24.20504217801792
64,6,1.8667343999259174,0,263.0,3.3000000000000003,8,14.701420876077716,8.034809303848485,2.8921422684559346,94.35988594493071,15.012295032817168,24.20504217801792
64,25,0.7076565999304876,0,263.0,3.3000000000000003,2,14.701420876077716,8.034809303848485,2.8921422684559346,94.35988594493071,15.012295032817168,24.20504217801792
64,11,1.919340599910356,0,287.0,3.6,14,14.701420876077716,8.034809303848485,2.8921422684559346,94.35988594493071,15.012295032817168,24.20504217801792
64,22,1.4550651999888942,0,579.0,7.25,4,14.701420876077716,8.034809303848485,2.8921422684559346,94.35988594493071,15.012295032817168,24.20504217801792
64,28,1.0267305000452325,0,303.0,3.8000000000000003,5,14.701420876077716,8.034809303848485,2.8921422684559346,94.35988594493071,15.012295032817168,24.20504217801792
64,10,2.4434097999474034,0,279.0,3.5,10,14.701420876077716,8.034809303848485,2.8921422684559346,94.35988594493071,15.012295032817168,24.20504217801792
64,21,1.9291932999622077,0,259.0,3.25,12,14.701420876077716,8.034809303848485,2.8921422684559346,94.35988594493071,15.012295032817168,24.20504217801792
64,29,1.3442656999686733,0,283.0,3.5500000000000003,13,14.701420876077716,8.034809303848485,2.8921422684559346,94.35988594493071,15.012295032817168,24.20504217801792
64,24,1.8115450999466702,0,355.0,4.45,0,14.701420876077716,8.034809303848485,2.8921422684559346,94.35988594493071,15.012295032817168,24.20504217801792
64,8,2.830353100085631,0,343.0,4.3,15,14.701420876077716,8.034809303848485,2.8921422684559346,94.35988594493071,15.012295032817168,24.20504217801792
64,27,1.7834817999973893,0,331.0,4.15,2,14.701420876077716,8.034809303848485,2.8921422684559346,94.35988594493071,15.012295032817168,24.20504217801792
64,13,3.113717500003986,0,507.0,6.3500000000000005,17,14.701420876077716,8.034809303848485,2.8921422684559346,94.35988594493071,15.012295032817168,24.20504217801792
64,26,1.9839487000135705,0,283.0,3.5500000000000003,9,14.701420876077716,8.034809303848485,2.8921422684559346,94.35988594493071,15.012295032817168,24.20504217801792
64,16,3.3875018000835553,0,345.0,4.5,6,14.701420876077716,8.034809303848485,2.8921422684559346,94.35988594493071,15.012295032817168,24.20504217801792
65,5,0.16822099999990314,0,255.0,3.2,0,19.810102840013467,4.126176769114265,3.782979049348554,244.1032401854992,6.816070805060357,27.92271976810694
65,3,0.5957676999969408,0,283.0,3.5500000000000003,2,19.810102840013467,4.126176769114265,3.782979049348554,244.1032401854992,6.816070805060357,27.92271976810694
65,19,0.49508100003004074,0,239.0,3.0,0,19.810102840013467,4.126176769114265,3.782979049348554,244.1032401854992,6.816070805060357,27.92271976810694
65,0,0.74231499992311,0,275.0,3.45,4,19.810102840013467,4.126176769114265,3.782979049348554,244.1032401854992,6.816070805060357,27.92271976810694
65,2,0.9504687000298873,0,259.0,3.25,6,19.810102840013467,4.126176769114265,3.782979049348554,244.1032401854992,6.816070805060357,27.92271976810694
65,7,1.1766597999958321,0,279.0,3.5,8,19.810102840013467,4.126176769114265,3.782979049348554,244.1032401854992,6.816070805060357,27.92271976810694
65,9,1.2291964000323787,0,255.0,3.2,2,19.810102840013467,4.126176769114265,3.782979049348554,244.1032401854992,6.816070805060357,27.92271976810694
65,17,1.3972297000000253,0,323.0,4.05,1,19.810102840013467,4.126176769114265,3.782979049348554,244.1032401854992,6.816070805060357,27.92271976810694
65,1,1.4367096000351012,0,243.0,3.0500000000000003,3,19.810102840013467,4.126176769114265,3.782979049348554,244.1032401854992,6.816070805060357,27.92271976810694
65,12,1.5751486000372097,0,299.0,3.75,6,19.810102840013467,4.126176769114265,3.782979049348554,244.1032401854992,6.816070805060357,27.92271976810694
65,4,1.628651799983345,0,251.0,3.1500000000000004,11,19.810102840013467,4.126176769114265,3.782979049348554,244.1032401854992,6.816070805060357,27.92271976810694
65,14,1.6625763999763876,0,319.0,4.0,5,19.810102840013467,4.126176769114265,3.782979049348554,244.1032401854992,6.816070805060357,27.92271976810694
65,22,1.378556500072591,0,579.0,7.25,7,19.810102840013467,4.126176769114265,3.782979049348554,244.1032401854992,6.816070805060357,27.92271976810694
65,25,1.0617802999913692,0,279.0,3.5,2,19.810102840013467,4.126176769114265,3.782979049348554,244.1032401854992,6.816070805060357,27.92271976810694
65,11,2.6371410000137985,0,299.0,3.75,11,19.810102840013467,4.126176769114265,3.782979049348554,244.1032401854992,6.816070805060357,27.92271976810694
65,28,1.1399465999566019,0,303.0,3.8000000000000003,5,19.810102840013467,4.126176769114265,3.782979049348554,244.1032401854992,6.816070805060357,27.92271976810694
65,15,2.7236377999652177,0,339.0,4.25,14,19.810102840013467,4.126176769114265,3.782979049348554,244.1032401854992,6.816070805060357,27.92271976810694
65,21,2.041344100027345,0,259.0,3.25,11,19.810102840013467,4.126176769114265,3.782979049348554,244.1032401854992,6.816070805060357,27.92271976810694
65,10,2.883028300013393,0,287.0,3.6,10,19.810102840013467,4.126176769114265,3.782979049348554,244.1032401854992,6.816070805060357,27.92271976810694
65,20,2.4596399000147358,0,294.0,3.7,1,19.810102840013467,4.126176769114265,3.782979049348554,244.1032401854992,6.816070805060357,27.92271976810694
65,29,1.45622229995206,0,267.0,3.35,10,19.810102840013467,4.126176769114265,3.782979049348554,244.1032401854992,6.816070805060357,27.92271976810694
65,24,1.973887600004673,0,355.0,4.45,0,19.810102840013467,4.126176769114265,3.782979049348554,244.1032401854992,6.816070805060357,27.92271976810694
65,26,1.7815937000559643,0,259.0,3.25,10,19.810102840013467,4.126176769114265,3.782979049348554,244.1032401854992,6.816070805060357,27.92271976810694
65,8,3.280322500038892,0,359.0,4.5,15,19.810102840013467,4.126176769114265,3.782979049348554,244.1032401854992,6.816070805060357,27.92271976810694
65,13,3.3198806999716908,0,507.0,6.3500000000000005,17,19.810102840013467,4.126176769114265,3.782979049348554,244.1032401854992,6.816070805060357,27.92271976810694
65,27,1.966197400004603,0,331.0,4.15,2,19.810102840013467,4.126176769114265,3.782979049348554,244.1032401854992,6.816070805060357,27.92271976810694
65,16,3.616481599980034,0,345.0,4.5,6,19.810102840013467,4.126176769114265,3.782979049348554,244.1032401854992,6.816070805060357,27.92271976810694
65,23,2.9948844000464305,0,430.0,5.6000000000000005,9,19.810102840013467,4.126176769114265,3.782979049348554,244.1032401854992,6.816070805060357,27.92271976810694
65,6,4.350308099994436,0,455.0,5.7,13,19.810102840013467,4.126176769114265,3.782979049348554,244.1032401854992,6.816070805060357,27.92271976810694
65,18,35.85093839990441,1,5002.0,70.9,10,19.810102840013467,4.126176769114265,3.782979049348554,244.1032401854992,6.816070805060357,27.92271976810694
66,5,0.16995170002337545,0,255.0,3.2,0,17.168255036860238,4.289940273750183,7.5336235711358235,238.6357185211706,2.062477376718652,27.076587200387
66,19,0.4109515999443829,0,239.0,3.0,0,17.168255036860238,4.289940273750183,7.5336235711358235,238.6357185211706,2.062477376718652,27.076587200387
66,3,0.6023400000995025,0,283.0,3.5500000000000003,2,17.168255036860238,4.289940273750183,7.5336235711358235,238.6357185211706,2.062477376718652,27.076587200387
66,0,0.662568699917756,0,263.0,3.3000000000000003,4,17.168255036860238,4.289940273750183,7.5336235711358235,238.6357185211706,2.062477376718652,27.076587200387
66,1,0.8612393999937922,0,243.0,3.0500000000000003,3,17.168255036860238,4.289940273750183,7.5336235711358235,238.6357185211706,2.062477376718652,27.076587200387
66,2,1.0101440000580624,0,259.0,3.25,6,17.168255036860238,4.289940273750183,7.5336235711358235,238.6357185211706,2.062477376718652,27.076587200387
66,9,1.1251277999253944,0,255.0,3.2,2,17.168255036860238,4.289940273750183,7.5336235711358235,238.6357185211706,2.062477376718652,27.076587200387
66,7,1.1664369999198243,0,279.0,3.5,8,17.168255036860238,4.289940273750183,7.5336235711358235,238.6357185211706,2.062477376718652,27.076587200387
66,17,1.3696146999718621,0,323.0,4.05,1,17.168255036860238,4.289940273750183,7.5336235711358235,238.6357185211706,2.062477376718652,27.076587200387
66,4,1.543719599954784,0,251.0,3.1500000000000004,11,17.168255036860238,4.289940273750183,7.5336235711358235,238.6357185211706,2.062477376718652,27.076587200387
66,23,0.7008657000260428,0,231.0,2.9000000000000004,0,17.168255036860238,4.289940273750183,7.5336235711358235,238.6357185211706,2.062477376718652,27.076587200387
66,18,1.8040405999636278,0,307.0,3.85,2,17.168255036860238,4.289940273750183,7.5336235711358235,238.6357185211706,2.062477376718652,27.076587200387
66,22,1.2726736000040546,0,579.0,7.25,7,17.168255036860238,4.289940273750183,7.5336235711358235,238.6357185211706,2.062477376718652,27.076587200387
66,25,0.8579147999407724,0,267.0,3.35,0,17.168255036860238,4.289940273750183,7.5336235711358235,238.6357185211706,2.062477376718652,27.076587200387
66,8,2.037728099967353,0,367.0,4.6000000000000005,8,17.168255036860238,4.289940273750183,7.5336235711358235,238.6357185211706,2.062477376718652,27.076587200387
66,15,2.0482258000411093,0,263.0,3.3000000000000003,13,17.168255036860238,4.289940273750183,7.5336235711358235,238.6357185211706,2.062477376718652,27.076587200387
66,12,2.1172665000194684,0,423.0,5.300000000000001,6,17.168255036860238,4.289940273750183,7.5336235711358235,238.6357185211706,2.062477376718652,27.076587200387
66,20,1.5498621000442654,0,275.0,3.45,0,17.168255036860238,4.289940273750183,7.5336235711358235,238.6357185211706,2.062477376718652,27.076587200387
66,11,2.2579038999974728,0,299.0,3.75,11,17.168255036860238,4.289940273750183,7.5336235711358235,238.6357185211706,2.062477376718652,27.076587200387
66,10,2.3671375999692827,0,283.0,3.5500000000000003,10,17.168255036860238,4.289940273750183,7.5336235711358235,238.6357185211706,2.062477376718652,27.076587200387
66,28,0.8396154000656679,0,299.0,3.75,4,17.168255036860238,4.289940273750183,7.5336235711358235,238.6357185211706,2.062477376718652,27.076587200387
66,29,1.2369323000311852,0,267.0,3.35,10,17.168255036860238,4.289940273750183,7.5336235711358235,238.6357185211706,2.062477376718652,27.076587200387
66,26,1.6451089000329375,0,267.0,3.35,10,17.168255036860238,4.289940273750183,7.5336235711358235,238.6357185211706,2.062477376718652,27.076587200387
66,14,2.8320590999210253,0,463.0,5.800000000000001,11,17.168255036860238,4.289940273750183,7.5336235711358235,238.6357185211706,2.062477376718652,27.076587200387
66,21,2.3089949999703094,0,311.0,3.9000000000000004,11,17.168255036860238,4.289940273750183,7.5336235711358235,238.6357185211706,2.062477376718652,27.076587200387
66,6,2.9284804998897016,0,363.0,4.55,6,17.168255036860238,4.289940273750183,7.5336235711358235,238.6357185211706,2.062477376718652,27.076587200387
66,13,3.0467198999831453,0,507.0,6.3500000000000005,17,17.168255036860238,4.289940273750183,7.5336235711358235,238.6357185211706,2.062477376718652,27.076587200387
66,27,1.6971612999914214,0,331.0,4.15,2,17.168255036860238,4.289940273750183,7.5336235711358235,238.6357185211706,2.062477376718652,27.076587200387
66,16,3.3044054000638425,0,345.0,4.5,6,17.168255036860238,4.289940273750183,7.5336235711358235,238.6357185211706,2.062477376718652,27.076587200387
66,24,2.415643500047736,0,419.0,5.300000000000001,0,17.168255036860238,4.289940273750183,7.5336235711358235,238.6357185211706,2.062477376718652,27.076587200387
67,5,0.18226629996206611,0,255.0,3.2,0,10.105047448957142,8.264574661077416,3.2684910502030564,273.8808071240501,7.784033574683262,0.3251295444089508
67,3,0.7233226000098512,0,287.0,3.6,2,10.105047448957142,8.264574661077416,3.2684910502030564,273.8808071240501,7.784033574683262,0.3251295444089508
67,19,0.6239539000671357,0,247.0,3.1,4,10.105047448957142,8.264574661077416,3.2684910502030564,273.8808071240501,7.784033574683262,0.3251295444089508
67,1,1.0231223999289796,0,267.0,3.35,3,10.105047448957142,8.264574661077416,3.2684910502030564,273.8808071240501,7.784033574683262,0.3251295444089508
67,20,0.436264899908565,0,215.0,2.7,0,10.105047448957142,8.264574661077416,3.2684910502030564,273.8808071240501,7.784033574683262,0.3251295444089508
67,11,1.4714068999746814,0,295.0,3.7,11,10.105047448957142,8.264574661077416,3.2684910502030564,273.8808071240501,7.784033574683262,0.3251295444089508
67,7,1.5676363999955356,0,291.0,3.6500000000000004,7,10.105047448957142,8.264574661077416,3.2684910502030564,273.8808071240501,7.784033574683262,0.3251295444089508
67,15,1.597440000041388,0,251.0,3.1500000000000004,11,10.105047448957142,8.264574661077416,3.2684910502030564,273.8808071240501,7.784033574683262,0.3251295444089508
67,12,1.67318509996403,0,295.0,3.7,11,10.105047448957142,8.264574661077416,3.2684910502030564,273.8808071240501,7.784033574683262,0.3251295444089508
67,2,1.7619628000538796,0,299.0,3.75,10,10.105047448957142,8.264574661077416,3.2684910502030564,273.8808071240501,7.784033574683262,0.3251295444089508
67,6,1.8451663000741974,0,263.0,3.3000000000000003,8,10.105047448957142,8.264574661077416,3.2684910502030564,273.8808071240501,7.784033574683262,0.3251295444089508
67,18,2.223330400069244,0,335.0,4.2,4,10.105047448957142,8.264574661077416,3.2684910502030564,273.8808071240501,7.784033574683262,0.3251295444089508
67,8,2.239598299958743,0,379.0,4.75,14,10.105047448957142,8.264574661077416,3.2684910502030564,273.8808071240501,7.784033574683262,0.3251295444089508
67,14,2.296696800040081,0,331.0,4.15,10,10.105047448957142,8.264574661077416,3.2684910502030564,273.8808071240501,7.784033574683262,0.3251295444089508
67,17,2.3003697999520227,0,367.0,4.65,1,10.105047448957142,8.264574661077416,3.2684910502030564,273.8808071240501,7.784033574683262,0.3251295444089508
67,4,2.3750176000175998,0,299.0,3.75,15,10.105047448957142,8.264574661077416,3.2684910502030564,273.8808071240501,7.784033574683262,0.3251295444089508
67,23,1.3609526000218466,0,254.0,3.2,9,10.105047448957142,8.264574661077416,3.2684910502030564,273.8808071240501,7.784033574683262,0.3251295444089508
67,24,1.1412247000262141,0,322.0,4.05,2,10.105047448957142,8.264574661077416,3.2684910502030564,273.8808071240501,7.784033574683262,0.3251295444089508
67,13,2.7194117000326514,0,507.0,6.3500000000000005,10,10.105047448957142,8.264574661077416,3.2684910502030564,273.8808071240501,7.784033574683262,0.3251295444089508
67,21,1.952468799892813,0,251.0,3.1500000000000004,11,10.105047448957142,8.264574661077416,3.2684910502030564,273.8808071240501,7.784033574683262,0.3251295444089508
67,28,1.0062793999677524,0,299.0,3.75,5,10.105047448957142,8.264574661077416,3.2684910502030564,273.8808071240501,7.784033574683262,0.3251295444089508
67,25,1.241176399984397,0,295.0,3.7,4,10.105047448957142,8.264574661077416,3.2684910502030564,273.8808071240501,7.784033574683262,0.3251295444089508
67,27,1.2366175000788644,0,299.0,3.75,5,10.105047448957142,8.264574661077416,3.2684910502030564,273.8808071240501,7.784033574683262,0.3251295444089508
67,22,1.922632599947974,0,603.0,7.550000000000001,9,10.105047448957142,8.264574661077416,3.2684910502030564,273.8808071240501,7.784033574683262,0.3251295444089508
67,16,3.1470879999687895,0,344.0,4.4,11,10.105047448957142,8.264574661077416,3.2684910502030564,273.8808071240501,7.784033574683262,0.3251295444089508
67,0,3.2775093000382185,0,371.0,4.65,11,10.105047448957142,8.264574661077416,3.2684910502030564,273.8808071240501,7.784033574683262,0.3251295444089508
67,29,1.4359534999821335,0,291.0,3.6500000000000004,14,10.105047448957142,8.264574661077416,3.2684910502030564,273.8808071240501,7.784033574683262,0.3251295444089508
67,9,3.5300093999831006,0,375.0,4.7,17,10.105047448957142,8.264574661077416,3.2684910502030564,273.8808071240501,7.784033574683262,0.3251295444089508
67,10,3.6410677999956533,0,371.0,4.65,14,10.105047448957142,8.264574661077416,3.2684910502030564,273.8808071240501,7.784033574683262,0.3251295444089508
67,26,4.533047100063413,0,607.0,7.6000000000000005,4,10.105047448957142,8.264574661077416,3.2684910502030564,273.8808071240501,7.784033574683262,0.3251295444089508
68,5,0.16420060000382364,0,255.0,3.2,0,18.107639528385274,0.9128667678613356,3.2612050121451075,287.51549176270123,19.012142938751122,17.203136643698585
68,19,0.4266251999652013,0,239.0,3.0,0,18.107639528385274,0.9128667678613356,3.2612050121451075,287.51549176270123,19.012142938751122,17.203136643698585
68,3,0.5962982999626547,0,283.0,3.5500000000000003,2,18.107639528385274,0.9128667678613356,3.2612050121451075,287.51549176270123,19.012142938751122,17.203136643698585
68,2,0.8878668999532238,0,259.0,3.25,6,18.107639528385274,0.9128667678613356,3.2612050121451075,287.51549176270123,19.012142938751122,17.203136643698585
68,1,0.9390758000081405,0,243.0,3.0500000000000003,3,18.107639528385274,0.9128667678613356,3.2612050121451075,287.51549176270123,19.012142938751122,17.203136643698585
68,7,1.1232645999407396,0,279.0,3.5,8,18.107639528385274,0.9128667678613356,3.2612050121451075,287.51549176270123,19.012142938751122,17.203136643698585
68,0,1.1611394000938162,0,319.0,4.0,13,18.107639528385274,0.9128667678613356,3.2612050121451075,287.51549176270123,19.012142938751122,17.203136643698585
68,9,1.169466199935414,0,255.0,3.2,2,18.107639528385274,0.9128667678613356,3.2612050121451075,287.51549176270123,19.012142938751122,17.203136643698585
68,17,1.2987119000172243,0,323.0,4.05,1,18.107639528385274,0.9128667678613356,3.2612050121451075,287.51549176270123,19.012142938751122,17.203136643698585
68,6,1.545089399907738,0,263.0,3.3000000000000003,6,18.107639528385274,0.9128667678613356,3.2612050121451075,287.51549176270123,19.012142938751122,17.203136643698585
68,15,1.5483400000957772,0,251.0,3.1500000000000004,11,18.107639528385274,0.9128667678613356,3.2612050121451075,287.51549176270123,19.012142938751122,17.203136643698585
68,4,1.5672680999850854,0,251.0,3.1500000000000004,11,18.107639528385274,0.9128667678613356,3.2612050121451075,287.51549176270123,19.012142938751122,17.203136643698585
68,14,1.6263535000616685,0,319.0,4.0,5,18.107639528385274,0.9128667678613356,3.2612050121451075,287.51549176270123,19.012142938751122,17.203136643698585
68,18,1.7483868000563234,0,307.0,3.85,4,18.107639528385274,0.9128667678613356,3.2612050121451075,287.51549176270123,19.012142938751122,17.203136643698585
68,12,1.7687576001044363,0,295.0,3.7,11,18.107639528385274,0.9128667678613356,3.2612050121451075,287.51549176270123,19.012142938751122,17.203136643698585
68,16,1.8852571001043543,0,260.0,3.3000000000000003,6,18.107639528385274,0.9128667678613356,3.2612050121451075,287.51549176270123,19.012142938751122,17.203136643698585
68,10,2.038837300031446,0,267.0,3.35,9,18.107639528385274,0.9128667678613356,3.2612050121451075,287.51549176270123,19.012142938751122,17.203136643698585
68,8,2.1014105000067502,0,307.0,3.85,15,18.107639528385274,0.9128667678613356,3.2612050121451075,287.51549176270123,19.012142938751122,17.203136643698585
68,22,1.2429871000349522,0,579.0,7.25,7,18.107639528385274,0.9128667678613356,3.2612050121451075,287.51549176270123,19.012142938751122,17.203136643698585
68,25,0.9852722999639809,0,279.0,3.5,2,18.107639528385274,0.9128667678613356,3.2612050121451075,287.51549176270123,19.012142938751122,17.203136643698585
68,11,2.2707083000568673,0,299.0,3.75,11,18.107639528385274,0.9128667678613356,3.2612050121451075,287.51549176270123,19.012142938751122,17.203136643698585
68,21,1.8918125999625772,0,271.0,3.4000000000000004,12,18.107639528385274,0.9128667678613356,3.2612050121451075,287.51549176270123,19.012142938751122,17.203136643698585
68,28,0.9683704000199214,0,303.0,3.8000000000000003,5,18.107639528385274,0.9128667678613356,3.2612050121451075,287.51549176270123,19.012142938751122,17.203136643698585
68,26,1.5194463999941945,0,259.0,3.25,10,18.107639528385274,0.9128667678613356,3.2612050121451075,287.51549176270123,19.012142938751122,17.203136643698585
68,27,1.4223307999782264,0,303.0,3.8000000000000003,2,18.107639528385274,0.9128667678613356,3.2612050121451075,287.51549176270123,19.012142938751122,17.203136643698585
68,24,1.6837637000717223,0,355.0,4.45,0,18.107639528385274,0.9128667678613356,3.2612050121451075,287.51549176270123,19.012142938751122,17.203136643698585
68,29,1.3245560000650585,0,275.0,3.45,11,18.107639528385274,0.9128667678613356,3.2612050121451075,287.51549176270123,19.012142938751122,17.203136643698585
68,13,2.9830263999756426,0,507.0,6.3500000000000005,17,18.107639528385274,0.9128667678613356,3.2612050121451075,287.51549176270123,19.012142938751122,17.203136643698585
68,23,3.9799914999166504,0,608.0,8.05,9,18.107639528385274,0.9128667678613356,3.2612050121451075,287.51549176270123,19.012142938751122,17.203136643698585
68,20,5.253382200025953,0,520.0,6.75,1,18.107639528385274,0.9128667678613356,3.2612050121451075,287.51549176270123,19.012142938751122,17.203136643698585
69,5,0.19215799996163696,0,255.0,3.2,0,12.636744243395984,4.4844552197831975,3.002786639810839,132.16613634247898,13.450369121540769,22.5712358831304
69,19,0.4374338999623433,0,239.0,3.0,0,12.636744243395984,4.4844552197831975,3.002786639810839,132.16613634247898,13.450369121540769,22.5712358831304
69,3,0.7282903000013903,0,283.0,3.5500000000000003,2,12.636744243395984,4.4844552197831975,3.002786639810839,132.16613634247898,13.450369121540769,22.5712358831304
69,0,0.8043100999202579,0,275.0,3.45,4,12.636744243395984,4.4844552197831975,3.002786639810839,132.16613634247898,13.450369121540769,22.5712358831304
69,1,0.9082646000897512,0,243.0,3.0500000000000003,3,12.636744243395984,4.4844552197831975,3.002786639810839,132.16613634247898,13.450369121540769,22.5712358831304
69,2,0.985438899951987,0,259.0,3.25,6,12.636744243395984,4.4844552197831975,3.002786639810839,132.16613634247898,13.450369121540769,22.5712358831304
69,9,1.2324842000380158,0,255.0,3.2,2,12.636744243395984,4.4844552197831975,3.002786639810839,132.16613634247898,13.450369121540769,22.5712358831304
69,7,1.3003046999219805,0,279.0,3.5,8,12.636744243395984,4.4844552197831975,3.002786639810839,132.16613634247898,13.450369121540769,22.5712358831304
69,17,1.468669099966064,0,323.0,4.05,1,12.636744243395984,4.4844552197831975,3.002786639810839,132.16613634247898,13.450369121540769,22.5712358831304
69,12,1.567853800021112,0,283.0,3.5500000000000003,4,12.636744243395984,4.4844552197831975,3.002786639810839,132.16613634247898,13.450369121540769,22.5712358831304
69,23,0.7248260999331251,0,231.0,2.9000000000000004,0,12.636744243395984,4.4844552197831975,3.002786639810839,132.16613634247898,13.450369121540769,22.5712358831304
69,14,1.6684672000119463,0,311.0,3.9000000000000004,4,12.636744243395984,4.4844552197831975,3.002786639810839,132.16613634247898,13.450369121540769,22.5712358831304
69,4,1.8385785000864416,0,251.0,3.1500000000000004,11,12.636744243395984,4.4844552197831975,3.002786639810839,132.16613634247898,13.450369121540769,22.5712358831304
69,18,1.973376699956134,0,291.0,3.6500000000000004,8,12.636744243395984,4.4844552197831975,3.002786639810839,132.16613634247898,13.450369121540769,22.5712358831304
69,8,2.0935060000047088,0,359.0,4.5,13,12.636744243395984,4.4844552197831975,3.002786639810839,132.16613634247898,13.450369121540769,22.5712358831304
69,15,2.1105839000083506,0,263.0,3.3000000000000003,13,12.636744243395984,4.4844552197831975,3.002786639810839,132.16613634247898,13.450369121540769,22.5712358831304
69,22,1.309339200030081,0,579.0,7.25,2,12.636744243395984,4.4844552197831975,3.002786639810839,132.16613634247898,13.450369121540769,22.5712358831304
69,25,0.934248200035654,0,267.0,3.35,0,12.636744243395984,4.4844552197831975,3.002786639810839,132.16613634247898,13.450369121540769,22.5712358831304
69,20,1.7020555000053719,0,263.0,3.3000000000000003,0,12.636744243395984,4.4844552197831975,3.002786639810839,132.16613634247898,13.450369121540769,22.5712358831304
69,11,2.468089699978009,0,299.0,3.75,11,12.636744243395984,4.4844552197831975,3.002786639810839,132.16613634247898,13.450369121540769,22.5712358831304
69,28,0.9208875999320298,0,299.0,3.75,4,12.636744243395984,4.4844552197831975,3.002786639810839,132.16613634247898,13.450369121540769,22.5712358831304
69,10,2.4981389000313357,0,283.0,3.5500000000000003,10,12.636744243395984,4.4844552197831975,3.002786639810839,132.16613634247898,13.450369121540769,22.5712358831304
69,24,1.5325286999577656,0,327.0,4.1000000000000005,0,12.636744243395984,4.4844552197831975,3.002786639810839,132.16613634247898,13.450369121540769,22.5712358831304
69,21,2.129186899983324,0,263.0,3.3000000000000003,11,12.636744243395984,4.4844552197831975,3.002786639810839,132.16613634247898,13.450369121540769,22.5712358831304
69,29,1.2660058999899775,0,283.0,3.5500000000000003,13,12.636744243395984,4.4844552197831975,3.002786639810839,132.16613634247898,13.450369121540769,22.5712358831304
69,26,1.731720699928701,0,259.0,3.25,10,12.636744243395984,4.4844552197831975,3.002786639810839,132.16613634247898,13.450369121540769,22.5712358831304
69,13,3.1969320999924093,0,507.0,6.3500000000000005,17,12.636744243395984,4.4844552197831975,3.002786639810839,132.16613634247898,13.450369121540769,22.5712358831304
69,27,1.7934437000658363,0,331.0,4.15,2,12.636744243395984,4.4844552197831975,3.002786639810839,132.16613634247898,13.450369121540769,22.5712358831304
69,16,3.4751858999952674,0,345.0,4.5,6,12.636744243395984,4.4844552197831975,3.002786639810839,132.16613634247898,13.450369121540769,22.5712358831304
69,6,4.341763100004755,0,455.0,5.7,13,12.636744243395984,4.4844552197831975,3.002786639810839,132.16613634247898,13.450369121540769,22.5712358831304
70,5,0.19343069999013096,0,255.0,3.2,0,15.83158087451697,7.896181427945539,1.0029404201820347,173.60507617564537,1.1511752003328857,16.485866469712064
70,3,0.7130788000067696,0,283.0,3.5500000000000003,2,15.83158087451697,7.896181427945539,1.0029404201820347,173.60507617564537,1.1511752003328857,16.485866469712064
70,1,0.84007609996479,0,279.0,3.5,3,15.83158087451697,7.896181427945539,1.0029404201820347,173.60507617564537,1.1511752003328857,16.485866469712064
70,19,0.6626572000095621,0,243.0,3.0500000000000003,4,15.83158087451697,7.896181427945539,1.0029404201820347,173.60507617564537,1.1511752003328857,16.485866469712064
70,2,1.0310144000686705,0,259.0,3.25,6,15.83158087451697,7.896181427945539,1.0029404201820347,173.60507617564537,1.1511752003328857,16.485866469712064
70,20,0.445296399993822,0,215.0,2.7,0,15.83158087451697,7.896181427945539,1.0029404201820347,173.60507617564537,1.1511752003328857,16.485866469712064
70,17,1.3081710999831557,0,323.0,4.05,1,15.83158087451697,7.896181427945539,1.0029404201820347,173.60507617564537,1.1511752003328857,16.485866469712064
70,7,1.3236699999542907,0,279.0,3.5,8,15.83158087451697,7.896181427945539,1.0029404201820347,173.60507617564537,1.1511752003328857,16.485866469712064
70,16,1.6983383999904618,0,252.0,3.2,6,15.83158087451697,7.896181427945539,1.0029404201820347,173.60507617564537,1.1511752003328857,16.485866469712064
70,12,1.7652637999271974,0,295.0,3.7,11,15.83158087451697,7.896181427945539,1.0029404201820347,173.60507617564537,1.1511752003328857,16.485866469712064
70,8,1.7987029000651091,0,295.0,3.7,8,15.83158087451697,7.896181427945539,1.0029404201820347,173.60507617564537,1.1511752003328857,16.485866469712064
70,18,1.8724305999930948,0,307.0,3.85,4,15.83158087451697,7.896181427945539,1.0029404201820347,173.60507617564537,1.1511752003328857,16.485866469712064
70,6,1.9402822999982163,0,267.0,3.35,8,15.83158087451697,7.896181427945539,1.0029404201820347,173.60507617564537,1.1511752003328857,16.485866469712064
70,4,2.037009399966337,0,255.0,3.2,11,15.83158087451697,7.896181427945539,1.0029404201820347,173.60507617564537,1.1511752003328857,16.485866469712064
70,9,2.0900739000644535,0,283.0,3.5500000000000003,9,15.83158087451697,7.896181427945539,1.0029404201820347,173.60507617564537,1.1511752003328857,16.485866469712064
70,0,2.0947374999523163,0,303.0,3.8000000000000003,7,15.83158087451697,7.896181427945539,1.0029404201820347,173.60507617564537,1.1511752003328857,16.485866469712064
70,25,0.7904292999301106,0,263.0,3.3000000000000003,2,15.83158087451697,7.896181427945539,1.0029404201820347,173.60507617564537,1.1511752003328857,16.485866469712064
70,11,2.245960699976422,0,287.0,3.6,14,15.83158087451697,7.896181427945539,1.0029404201820347,173.60507617564537,1.1511752003328857,16.485866469712064
70,22,1.7900561999995261,0,579.0,7.25,4,15.83158087451697,7.896181427945539,1.0029404201820347,173.60507617564537,1.1511752003328857,16.485866469712064
70,24,1.4981335999909788,0,333.0,4.2,2,15.83158087451697,7.896181427945539,1.0029404201820347,173.60507617564537,1.1511752003328857,16.485866469712064
70,10,2.8318003999302164,0,279.0,3.5,10,15.83158087451697,7.896181427945539,1.0029404201820347,173.60507617564537,1.1511752003328857,16.485866469712064
70,28,1.1259429000783712,0,303.0,3.8000000000000003,5,15.83158087451697,7.896181427945539,1.0029404201820347,173.60507617564537,1.1511752003328857,16.485866469712064
70,15,2.965450800023973,0,339.0,4.25,14,15.83158087451697,7.896181427945539,1.0029404201820347,173.60507617564537,1.1511752003328857,16.485866469712064
70,21,2.2219097000779584,0,267.0,3.35,16,15.83158087451697,7.896181427945539,1.0029404201820347,173.60507617564537,1.1511752003328857,16.485866469712064
70,29,1.4503879999974743,0,283.0,3.5500000000000003,13,15.83158087451697,7.896181427945539,1.0029404201820347,173.60507617564537,1.1511752003328857,16.485866469712064
70,23,2.4266978000523522,0,315.0,4.05,9,15.83158087451697,7.896181427945539,1.0029404201820347,173.60507617564537,1.1511752003328857,16.485866469712064
70,13,3.4976371999364346,0,507.0,6.3500000000000005,17,15.83158087451697,7.896181427945539,1.0029404201820347,173.60507617564537,1.1511752003328857,16.485866469712064
70,14,3.5961170999798924,0,699.0,8.75,10,15.83158087451697,7.896181427945539,1.0029404201820347,173.60507617564537,1.1511752003328857,16.485866469712064
70,27,1.9531230999855325,0,327.0,4.1000000000000005,7,15.83158087451697,7.896181427945539,1.0029404201820347,173.60507617564537,1.1511752003328857,16.485866469712064
70,26,2.3649475999409333,0,287.0,3.6,9,15.83158087451697,7.896181427945539,1.0029404201820347,173.60507617564537,1.1511752003328857,16.485866469712064
71,5,0.16563449997920543,0,255.0,3.2,0,8.83061002746754,8.877041827582998,3.574058624265579,79.26675410690146,2.859833641056717,22.845318951524167
71,19,0.4241549000144005,0,239.0,3.0,0,8.83061002746754,8.877041827582998,3.574058624265579,79.26675410690146,2.859833641056717,22.845318951524167
71,0,0.6809801000636071,0,267.0,3.35,4,8.83061002746754,8.877041827582998,3.574058624265579,79.26675410690146,2.859833641056717,22.845318951524167
71,1,0.8453032999532297,0,243.0,3.0500000000000003,3,8.83061002746754,8.877041827582998,3.574058624265579,79.26675410690146,2.859833641056717,22.845318951524167
71,2,0.9009160000132397,0,259.0,3.25,6,8.83061002746754,8.877041827582998,3.574058624265579,79.26675410690146,2.859833641056717,22.845318951524167
71,3,0.9164182998938486,0,283.0,3.5500000000000003,2,8.83061002746754,8.877041827582998,3.574058624265579,79.26675410690146,2.859833641056717,22.845318951524167
71,15,1.060365300043486,0,259.0,3.25,9,8.83061002746754,8.877041827582998,3.574058624265579,79.26675410690146,2.859833641056717,22.845318951524167
71,7,1.1166418999200687,0,279.0,3.5,8,8.83061002746754,8.877041827582998,3.574058624265579,79.26675410690146,2.859833641056717,22.845318951524167
71,9,1.205443499959074,0,247.0,3.1,0,8.83061002746754,8.877041827582998,3.574058624265579,79.26675410690146,2.859833641056717,22.845318951524167
71,12,1.2603990000206977,0,283.0,3.5500000000000003,4,8.83061002746754,8.877041827582998,3.574058624265579,79.26675410690146,2.859833641056717,22.845318951524167
71,11,1.482984000002034,0,275.0,3.45,11,8.83061002746754,8.877041827582998,3.574058624265579,79.26675410690146,2.859833641056717,22.845318951524167
71,14,1.5550822999794036,0,319.0,4.0,5,8.83061002746754,8.877041827582998,3.574058624265579,79.26675410690146,2.859833641056717,22.845318951524167
71,23,0.6804487999761477,0,231.0,2.9000000000000004,0,8.83061002746754,8.877041827582998,3.574058624265579,79.26675410690146,2.859833641056717,22.845318951524167
71,17,1.7136918000178412,0,323.0,4.05,1,8.83061002746754,8.877041827582998,3.574058624265579,79.26675410690146,2.859833641056717,22.845318951524167
71,18,1.8245629000011832,0,291.0,3.6500000000000004,8,8.83061002746754,8.877041827582998,3.574058624265579,79.26675410690146,2.859833641056717,22.845318951524167
71,6,1.9696892000501975,0,267.0,3.35,6,8.83061002746754,8.877041827582998,3.574058624265579,79.26675410690146,2.859833641056717,22.845318951524167
71,8,1.9715406000614166,0,359.0,4.5,13,8.83061002746754,8.877041827582998,3.574058624265579,79.26675410690146,2.859833641056717,22.845318951524167
71,16,1.9834341000532731,0,266.0,3.4000000000000004,6,8.83061002746754,8.877041827582998,3.574058624265579,79.26675410690146,2.859833641056717,22.845318951524167
71,20,1.3883312999969348,0,263.0,3.3000000000000003,0,8.83061002746754,8.877041827582998,3.574058624265579,79.26675410690146,2.859833641056717,22.845318951524167
71,4,1.9937973000342026,0,259.0,3.25,13,8.83061002746754,8.877041827582998,3.574058624265579,79.26675410690146,2.859833641056717,22.845318951524167
71,25,0.9649282000027597,0,279.0,3.5,2,8.83061002746754,8.877041827582998,3.574058624265579,79.26675410690146,2.859833641056717,22.845318951524167
71,22,1.2583002999890596,0,579.0,7.25,7,8.83061002746754,8.877041827582998,3.574058624265579,79.26675410690146,2.859833641056717,22.845318951524167
71,28,0.9116355000296608,0,299.0,3.75,4,8.83061002746754,8.877041827582998,3.574058624265579,79.26675410690146,2.859833641056717,22.845318951524167
71,13,2.429041700088419,0,483.0,6.050000000000001,9,8.83061002746754,8.877041827582998,3.574058624265579,79.26675410690146,2.859833641056717,22.845318951524167
71,10,2.6079370999941602,0,291.0,3.6500000000000004,4,8.83061002746754,8.877041827582998,3.574058624265579,79.26675410690146,2.859833641056717,22.845318951524167
71,26,1.5786253999685869,0,247.0,3.1,7,8.83061002746754,8.877041827582998,3.574058624265579,79.26675410690146,2.859833641056717,22.845318951524167
71,29,1.238278300035745,0,267.0,3.35,10,8.83061002746754,8.877041827582998,3.574058624265579,79.26675410690146,2.859833641056717,22.845318951524167
71,27,1.77008280006703,0,331.0,4.15,2,8.83061002746754,8.877041827582998,3.574058624265579,79.26675410690146,2.859833641056717,22.845318951524167
71,21,2.3247781000100076,0,299.0,3.75,16,8.83061002746754,8.877041827582998,3.574058624265579,79.26675410690146,2.859833641056717,22.845318951524167
71,24,3.2937273000134155,0,523.0,6.65,0,8.83061002746754,8.877041827582998,3.574058624265579,79.26675410690146,2.859833641056717,22.845318951524167
72,5,0.18922639999073,0,255.0,3.2,0,12.364361266325222,1.0112267612279024,0.9326573805384746,225.24228286478,1.4552601272838706,24.655801778710686
72,3,0.613141099922359,0,283.0,3.5500000000000003,2,12.364361266325222,1.0112267612279024,0.9326573805384746,225.24228286478,1.4552601272838706,24.655801778710686
72,19,0.46646999998483807,0,239.0,3.0,0,12.364361266325222,1.0112267612279024,0.9326573805384746,225.24228286478,1.4552601272838706,24.655801778710686
72,0,0.7507187000010163,0,267.0,3.35,4,12.364361266325222,1.0112267612279024,0.9326573805384746,225.24228286478,1.4552601272838706,24.655801778710686
72,1,0.90250940003898,0,243.0,3.0500000000000003,3,12.364361266325222,1.0112267612279024,0.9326573805384746,225.24228286478,1.4552601272838706,24.655801778710686
72,2,0.9544363999739289,0,259.0,3.25,6,12.364361266325222,1.0112267612279024,0.9326573805384746,225.24228286478,1.4552601272838706,24.655801778710686
72,20,0.415657400037162,0,215.0,2.7,0,12.364361266325222,1.0112267612279024,0.9326573805384746,225.24228286478,1.4552601272838706,24.655801778710686
72,7,1.1752487999619916,0,279.0,3.5,8,12.364361266325222,1.0112267612279024,0.9326573805384746,225.24228286478,1.4552601272838706,24.655801778710686
72,9,1.1754486000863835,0,255.0,3.2,2,12.364361266325222,1.0112267612279024,0.9326573805384746,225.24228286478,1.4552601272838706,24.655801778710686
72,17,1.3019637999823317,0,323.0,4.05,1,12.364361266325222,1.0112267612279024,0.9326573805384746,225.24228286478,1.4552601272838706,24.655801778710686
72,14,1.3559567000484094,0,303.0,3.8000000000000003,5,12.364361266325222,1.0112267612279024,0.9326573805384746,225.24228286478,1.4552601272838706,24.655801778710686
72,23,0.6907568000024185,0,231.0,2.9000000000000004,0,12.364361266325222,1.0112267612279024,0.9326573805384746,225.24228286478,1.4552601272838706,24.655801778710686
72,12,1.6255245000356808,0,303.0,3.8000000000000003,11,12.364361266325222,1.0112267612279024,0.9326573805384746,225.24228286478,1.4552601272838706,24.655801778710686
72,4,1.7515755000058562,0,251.0,3.1500000000000004,11,12.364361266325222,1.0112267612279024,0.9326573805384746,225.24228286478,1.4552601272838706,24.655801778710686
72,22,1.065853500040248,0,579.0,7.25,2,12.364361266325222,1.0112267612279024,0.9326573805384746,225.24228286478,1.4552601272838706,24.655801778710686
72,25,0.9355206999462098,0,267.0,3.35,0,12.364361266325222,1.0112267612279024,0.9326573805384746,225.24228286478,1.4552601272838706,24.655801778710686
72,15,2.0423309999750927,0,263.0,3.3000000000000003,13,12.364361266325222,1.0112267612279024,0.9326573805384746,225.24228286478,1.4552601272838706,24.655801778710686
72,6,2.1216626999666914,0,275.0,3.45,8,12.364361266325222,1.0112267612279024,0.9326573805384746,225.24228286478,1.4552601272838706,24.655801778710686
72,8,2.1878012999659404,0,315.0,3.95,15,12.364361266325222,1.0112267612279024,0.9326573805384746,225.24228286478,1.4552601272838706,24.655801778710686
72,28,0.9284381000325084,0,299.0,3.75,4,12.364361266325222,1.0112267612279024,0.9326573805384746,225.24228286478,1.4552601272838706,24.655801778710686
72,11,2.305673100054264,0,299.0,3.75,11,12.364361266325222,1.0112267612279024,0.9326573805384746,225.24228286478,1.4552601272838706,24.655801778710686
72,10,2.487869399948977,0,291.0,3.6500000000000004,9,12.364361266325222,1.0112267612279024,0.9326573805384746,225.24228286478,1.4552601272838706,24.655801778710686
72,29,1.362273099948652,0,267.0,3.35,10,12.364361266325222,1.0112267612279024,0.9326573805384746,225.24228286478,1.4552601272838706,24.655801778710686
72,26,1.6199441000353545,0,259.0,3.25,10,12.364361266325222,1.0112267612279024,0.9326573805384746,225.24228286478,1.4552601272838706,24.655801778710686
72,21,2.2052756999619305,0,275.0,3.45,15,12.364361266325222,1.0112267612279024,0.9326573805384746,225.24228286478,1.4552601272838706,24.655801778710686
72,27,1.9123832000186667,0,331.0,4.15,2,12.364361266325222,1.0112267612279024,0.9326573805384746,225.24228286478,1.4552601272838706,24.655801778710686
72,13,3.11998489999678,0,507.0,6.3500000000000005,17,12.364361266325222,1.0112267612279024,0.9326573805384746,225.24228286478,1.4552601272838706,24.655801778710686
72,16,3.4361883000237867,0,345.0,4.5,6,12.364361266325222,1.0112267612279024,0.9326573805384746,225.24228286478,1.4552601272838706,24.655801778710686
72,24,2.7776761000277475,0,442.0,5.6000000000000005,1,12.364361266325222,1.0112267612279024,0.9326573805384746,225.24228286478,1.4552601272838706,24.655801778710686
72,18,41.456888300017454,1,5001.0,70.85000000000001,18,12.364361266325222,1.0112267612279024,0.9326573805384746,225.24228286478,1.4552601272838706,24.655801778710686
73,5,0.2150815000059083,0,255.0,3.2,0,14.124844543129925,0.8134878064189976,0.9398933694434,296.6598946252939,7.485415915122406,11.119264412006727
73,3,0.7769247000105679,0,283.0,3.5500000000000003,2,14.124844543129925,0.8134878064189976,0.9398933694434,296.6598946252939,7.485415915122406,11.119264412006727
73,19,0.7051662999438122,0,243.0,3.0500000000000003,4,14.124844543129925,0.8134878064189976,0.9398933694434,296.6598946252939,7.485415915122406,11.119264412006727
73,1,0.9254795999731869,0,243.0,3.0500000000000003,3,14.124844543129925,0.8134878064189976,0.9398933694434,296.6598946252939,7.485415915122406,11.119264412006727
73,20,0.40169470000546426,0,215.0,2.7,0,14.124844543129925,0.8134878064189976,0.9398933694434,296.6598946252939,7.485415915122406,11.119264412006727
73,9,1.196769499918446,0,255.0,3.2,2,14.124844543129925,0.8134878064189976,0.9398933694434,296.6598946252939,7.485415915122406,11.119264412006727
73,7,1.2037339999806136,0,279.0,3.5,8,14.124844543129925,0.8134878064189976,0.9398933694434,296.6598946252939,7.485415915122406,11.119264412006727
73,17,1.286852200049907,0,323.0,4.05,1,14.124844543129925,0.8134878064189976,0.9398933694434,296.6598946252939,7.485415915122406,11.119264412006727
73,0,1.3070038999430835,0,299.0,3.75,8,14.124844543129925,0.8134878064189976,0.9398933694434,296.6598946252939,7.485415915122406,11.119264412006727
73,14,1.5199348999885842,0,311.0,3.9000000000000004,5,14.124844543129925,0.8134878064189976,0.9398933694434,296.6598946252939,7.485415915122406,11.119264412006727
73,4,1.9104701000032946,0,255.0,3.2,11,14.124844543129925,0.8134878064189976,0.9398933694434,296.6598946252939,7.485415915122406,11.119264412006727
73,18,1.9217935999622568,0,331.0,4.15,4,14.124844543129925,0.8134878064189976,0.9398933694434,296.6598946252939,7.485415915122406,11.119264412006727
73,25,0.7400931000011042,0,263.0,3.3000000000000003,2,14.124844543129925,0.8134878064189976,0.9398933694434,296.6598946252939,7.485415915122406,11.119264412006727
73,10,2.0250844000838697,0,287.0,3.6,8,14.124844543129925,0.8134878064189976,0.9398933694434,296.6598946252939,7.485415915122406,11.119264412006727
73,22,1.3957595999818295,0,579.0,7.25,7,14.124844543129925,0.8134878064189976,0.9398933694434,296.6598946252939,7.485415915122406,11.119264412006727
73,12,2.34159520000685,0,463.0,5.800000000000001,11,14.124844543129925,0.8134878064189976,0.9398933694434,296.6598946252939,7.485415915122406,11.119264412006727
73,15,2.3765188000397757,0,267.0,3.35,15,14.124844543129925,0.8134878064189976,0.9398933694434,296.6598946252939,7.485415915122406,11.119264412006727
73,11,2.377279100008309,0,299.0,3.75,11,14.124844543129925,0.8134878064189976,0.9398933694434,296.6598946252939,7.485415915122406,11.119264412006727
73,8,2.488853699993342,0,315.0,3.95,18,14.124844543129925,0.8134878064189976,0.9398933694434,296.6598946252939,7.485415915122406,11.119264412006727
73,13,2.642132299952209,0,483.0,6.050000000000001,9,14.124844543129925,0.8134878064189976,0.9398933694434,296.6598946252939,7.485415915122406,11.119264412006727
73,28,1.1209459999809042,0,307.0,3.85,5,14.124844543129925,0.8134878064189976,0.9398933694434,296.6598946252939,7.485415915122406,11.119264412006727
73,24,1.445871000061743,0,329.0,4.15,2,14.124844543129925,0.8134878064189976,0.9398933694434,296.6598946252939,7.485415915122406,11.119264412006727
73,2,2.985235400032252,0,491.0,6.15,15,14.124844543129925,0.8134878064189976,0.9398933694434,296.6598946252939,7.485415915122406,11.119264412006727
73,6,3.0043663000687957,0,548.0,6.9,14,14.124844543129925,0.8134878064189976,0.9398933694434,296.6598946252939,7.485415915122406,11.119264412006727
73,21,2.1214693000074476,0,275.0,3.45,12,14.124844543129925,0.8134878064189976,0.9398933694434,296.6598946252939,7.485415915122406,11.119264412006727
73,26,1.7848435000050813,0,259.0,3.25,10,14.124844543129925,0.8134878064189976,0.9398933694434,296.6598946252939,7.485415915122406,11.119264412006727
73,27,2.125792699982412,0,347.0,4.3500000000000005,7,14.124844543129925,0.8134878064189976,0.9398933694434,296.6598946252939,7.485415915122406,11.119264412006727
73,29,1.6379919999744743,0,287.0,3.6,14,14.124844543129925,0.8134878064189976,0.9398933694434,296.6598946252939,7.485415915122406,11.119264412006727
73,16,3.664203600026667,0,339.0,4.4,6,14.124844543129925,0.8134878064189976,0.9398933694434,296.6598946252939,7.485415915122406,11.119264412006727
73,23,2.690628999960609,0,370.0,4.800000000000001,9,14.124844543129925,0.8134878064189976,0.9398933694434,296.6598946252939,7.485415915122406,11.119264412006727
74,5,0.17262129997834563,0,255.0,3.2,0,16.25599134515005,9.472485773838587,9.861410531846422,238.3445463147354,7.525191710618316,2.505021500960063
74,19,0.4294614000245929,0,239.0,3.0,0,16.25599134515005,9.472485773838587,9.861410531846422,238.3445463147354,7.525191710618316,2.505021500960063
74,3,0.6203444000566378,0,283.0,3.5500000000000003,2,16.25599134515005,9.472485773838587,9.861410531846422,238.3445463147354,7.525191710618316,2.505021500960063
74,0,0.9062054000096396,0,267.0,3.35,4,16.25599134515005,9.472485773838587,9.861410531846422,238.3445463147354,7.525191710618316,2.505021500960063
74,2,1.0788154000183567,0,259.0,3.25,6,16.25599134515005,9.472485773838587,9.861410531846422,238.3445463147354,7.525191710618316,2.505021500960063
74,1,1.2008095999481156,0,243.0,3.0500000000000003,3,16.25599134515005,9.472485773838587,9.861410531846422,238.3445463147354,7.525191710618316,2.505021500960063
74,9,1.3711488000117242,0,263.0,3.3000000000000003,2,16.25599134515005,9.472485773838587,9.861410531846422,238.3445463147354,7.525191710618316,2.505021500960063
74,7,1.4276401000097394,0,279.0,3.5,8,16.25599134515005,9.472485773838587,9.861410531846422,238.3445463147354,7.525191710618316,2.505021500960063
74,17,1.6693511999910697,0,355.0,4.45,1,16.25599134515005,9.472485773838587,9.861410531846422,238.3445463147354,7.525191710618316,2.505021500960063
74,14,1.702891599969007,0,319.0,4.0,5,16.25599134515005,9.472485773838587,9.861410531846422,238.3445463147354,7.525191710618316,2.505021500960063
74,12,1.817290399922058,0,295.0,3.7,11,16.25599134515005,9.472485773838587,9.861410531846422,238.3445463147354,7.525191710618316,2.505021500960063
74,11,2.036714499932714,0,299.0,3.75,11,16.25599134515005,9.472485773838587,9.861410531846422,238.3445463147354,7.525191710618316,2.505021500960063
74,18,2.126927900011651,0,315.0,3.95,8,16.25599134515005,9.472485773838587,9.861410531846422,238.3445463147354,7.525191710618316,2.505021500960063
74,24,1.1724581000162289,0,314.0,3.95,1,16.25599134515005,9.472485773838587,9.861410531846422,238.3445463147354,7.525191710618316,2.505021500960063
74,8,2.412639999995008,0,315.0,3.95,15,16.25599134515005,9.472485773838587,9.861410531846422,238.3445463147354,7.525191710618316,2.505021500960063
74,4,2.4552468999754637,0,283.0,3.5500000000000003,13,16.25599134515005,9.472485773838587,9.861410531846422,238.3445463147354,7.525191710618316,2.505021500960063
74,10,2.4770126999355853,0,299.0,3.75,9,16.25599134515005,9.472485773838587,9.861410531846422,238.3445463147354,7.525191710618316,2.505021500960063
74,23,1.6835334999486804,0,288.0,3.6500000000000004,9,16.25599134515005,9.472485773838587,9.861410531846422,238.3445463147354,7.525191710618316,2.505021500960063
74,28,1.1001305000390857,0,303.0,3.8000000000000003,5,16.25599134515005,9.472485773838587,9.861410531846422,238.3445463147354,7.525191710618316,2.505021500960063
74,22,2.0746093000052497,0,599.0,7.5,9,16.25599134515005,9.472485773838587,9.861410531846422,238.3445463147354,7.525191710618316,2.505021500960063
74,25,1.6699138000840321,0,299.0,3.75,4,16.25599134515005,9.472485773838587,9.861410531846422,238.3445463147354,7.525191710618316,2.505021500960063
74,21,2.4226183999562636,0,303.0,3.8000000000000003,11,16.25599134515005,9.472485773838587,9.861410531846422,238.3445463147354,7.525191710618316,2.505021500960063
74,15,3.070864100009203,0,355.0,4.45,12,16.25599134515005,9.472485773838587,9.861410531846422,238.3445463147354,7.525191710618316,2.505021500960063
74,20,2.618664599955082,0,352.0,4.45,0,16.25599134515005,9.472485773838587,9.861410531846422,238.3445463147354,7.525191710618316,2.505021500960063
74,27,1.5674057999858633,0,303.0,3.8000000000000003,2,16.25599134515005,9.472485773838587,9.861410531846422,238.3445463147354,7.525191710618316,2.505021500960063
74,13,3.3884669999824837,0,723.0,9.05,13,16.25599134515005,9.472485773838587,9.861410531846422,238.3445463147354,7.525191710618316,2.505021500960063
74,26,2.810433099977672,0,355.0,4.45,10,16.25599134515005,9.472485773838587,9.861410531846422,238.3445463147354,7.525191710618316,2.505021500960063
74,29,3.2271636000368744,0,407.0,5.1000000000000005,15,16.25599134515005,9.472485773838587,9.861410531846422,238.3445463147354,7.525191710618316,2.505021500960063
74,6,6.620691000018269,0,855.0,10.700000000000001,6,16.25599134515005,9.472485773838587,9.861410531846422,238.3445463147354,7.525191710618316,2.505021500960063
74,16,42.17282029998023,1,5003.0,70.8,7,16.25599134515005,9.472485773838587,9.861410531846422,238.3445463147354,7.525191710618316,2.505021500960063
75,5,0.16907880001235753,0,255.0,3.2,0,15.542938318548735,5.58404249735805,4.299797891545065,276.588596273684,2.223949646123027,14.778753128725775
75,0,0.5821842000586912,0,263.0,3.3000000000000003,4,15.542938318548735,5.58404249735805,4.299797891545065,276.588596273684,2.223949646123027,14.778753128725775
75,19,0.4168010000139475,0,239.0,3.0,0,15.542938318548735,5.58404249735805,4.299797891545065,276.588596273684,2.223949646123027,14.778753128725775
75,3,0.6440793999936432,0,283.0,3.5500000000000003,2,15.542938318548735,5.58404249735805,4.299797891545065,276.588596273684,2.223949646123027,14.778753128725775
75,1,0.8405684999888763,0,243.0,3.0500000000000003,3,15.542938318548735,5.58404249735805,4.299797891545065,276.588596273684,2.223949646123027,14.778753128725775
75,2,0.9956590000074357,0,259.0,3.25,6,15.542938318548735,5.58404249735805,4.299797891545065,276.588596273684,2.223949646123027,14.778753128725775
75,9,1.1385087999515235,0,255.0,3.2,2,15.542938318548735,5.58404249735805,4.299797891545065,276.588596273684,2.223949646123027,14.778753128725775
75,7,1.1861842999933288,0,279.0,3.5,8,15.542938318548735,5.58404249735805,4.299797891545065,276.588596273684,2.223949646123027,14.778753128725775
75,17,1.3105701999738812,0,323.0,4.05,1,15.542938318548735,5.58404249735805,4.299797891545065,276.588596273684,2.223949646123027,14.778753128725775
75,14,1.642612800002098,0,319.0,4.0,5,15.542938318548735,5.58404249735805,4.299797891545065,276.588596273684,2.223949646123027,14.778753128725775
75,4,1.6611991999670863,0,251.0,3.1500000000000004,11,15.542938318548735,5.58404249735805,4.299797891545065,276.588596273684,2.223949646123027,14.778753128725775
75,16,1.957116200006567,0,260.0,3.3000000000000003,6,15.542938318548735,5.58404249735805,4.299797891545065,276.588596273684,2.223949646123027,14.778753128725775
75,18,2.1577151000965387,0,291.0,3.6500000000000004,8,15.542938318548735,5.58404249735805,4.299797891545065,276.588596273684,2.223949646123027,14.778753128725775
75,15,2.280262300046161,0,339.0,4.25,10,15.542938318548735,5.58404249735805,4.299797891545065,276.588596273684,2.223949646123027,14.778753128725775
75,12,2.2881384000647813,0,463.0,5.800000000000001,11,15.542938318548735,5.58404249735805,4.299797891545065,276.588596273684,2.223949646123027,14.778753128725775
75,22,1.6968880000058562,0,579.0,7.25,4,15.542938318548735,5.58404249735805,4.299797891545065,276.588596273684,2.223949646123027,14.778753128725775
75,11,2.404532799962908,0,299.0,3.75,11,15.542938318548735,5.58404249735805,4.299797891545065,276.588596273684,2.223949646123027,14.778753128725775
75,8,2.466095900046639,0,311.0,3.9000000000000004,18,15.542938318548735,5.58404249735805,4.299797891545065,276.588596273684,2.223949646123027,14.778753128725775
75,24,1.5268048000289127,0,329.0,4.15,2,15.542938318548735,5.58404249735805,4.299797891545065,276.588596273684,2.223949646123027,14.778753128725775
75,10,2.616965000052005,0,279.0,3.5,10,15.542938318548735,5.58404249735805,4.299797891545065,276.588596273684,2.223949646123027,14.778753128725775
75,28,1.0527927000075579,0,303.0,3.8000000000000003,5,15.542938318548735,5.58404249735805,4.299797891545065,276.588596273684,2.223949646123027,14.778753128725775
75,21,2.222771400003694,0,275.0,3.45,15,15.542938318548735,5.58404249735805,4.299797891545065,276.588596273684,2.223949646123027,14.778753128725775
75,25,1.7364252000115812,0,343.0,4.3,2,15.542938318548735,5.58404249735805,4.299797891545065,276.588596273684,2.223949646123027,14.778753128725775
75,6,2.998790500103496,0,540.0,6.800000000000001,14,15.542938318548735,5.58404249735805,4.299797891545065,276.588596273684,2.223949646123027,14.778753128725775
75,27,1.683487999951467,0,303.0,3.8000000000000003,2,15.542938318548735,5.58404249735805,4.299797891545065,276.588596273684,2.223949646123027,14.778753128725775
75,26,1.9575427999952808,0,259.0,3.25,10,15.542938318548735,5.58404249735805,4.299797891545065,276.588596273684,2.223949646123027,14.778753128725775
75,13,3.228335899999365,0,507.0,6.3500000000000005,17,15.542938318548735,5.58404249735805,4.299797891545065,276.588596273684,2.223949646123027,14.778753128725775
75,29,1.6078774000052363,0,283.0,3.5500000000000003,14,15.542938318548735,5.58404249735805,4.299797891545065,276.588596273684,2.223949646123027,14.778753128725775
75,23,4.492294099996798,0,612.0,8.1,9,15.542938318548735,5.58404249735805,4.299797891545065,276.588596273684,2.223949646123027,14.778753128725775
75,20,92.35932549997233,1,5000.0,70.95,0,15.542938318548735,5.58404249735805,4.299797891545065,276.588596273684,2.223949646123027,14.778753128725775
76,5,1.1190960999811068,0,255.0,3.2,0,0.22707289534838138,4.6866064199412625,0.6574024292501898,79.70447906701799,2.3505249355420976,19.476309063481906
76,19,3.1753911999985576,0,239.0,3.0,0,0.22707289534838138,4.6866064199412625,0.6574024292501898,79.70447906701799,2.3505249355420976,19.476309063481906
76,3,4.586855200002901,0,283.0,3.5500000000000003,2,0.22707289534838138,4.6866064199412625,0.6574024292501898,79.70447906701799,2.3505249355420976,19.476309063481906
76,1,6.4714491999475285,0,243.0,3.0500000000000003,3,0.22707289534838138,4.6866064199412625,0.6574024292501898,79.70447906701799,2.3505249355420976,19.476309063481906
76,2,6.8555768999503925,0,259.0,3.25,6,0.22707289534838138,4.6866064199412625,0.6574024292501898,79.70447906701799,2.3505249355420976,19.476309063481906
76,7,7.04723429994192,0,263.0,3.3000000000000003,4,0.22707289534838138,4.6866064199412625,0.6574024292501898,79.70447906701799,2.3505249355420976,19.476309063481906
76,17,8.16259799990803,0,323.0,4.05,0,0.22707289534838138,4.6866064199412625,0.6574024292501898,79.70447906701799,2.3505249355420976,19.476309063481906
76,15,8.325317399925552,0,259.0,3.25,9,0.22707289534838138,4.6866064199412625,0.6574024292501898,79.70447906701799,2.3505249355420976,19.476309063481906
76,9,8.578129599918611,0,255.0,3.2,0,0.22707289534838138,4.6866064199412625,0.6574024292501898,79.70447906701799,2.3505249355420976,19.476309063481906
76,12,10.394861900014803,0,283.0,3.5500000000000003,4,0.22707289534838138,4.6866064199412625,0.6574024292501898,79.70447906701799,2.3505249355420976,19.476309063481906
76,18,10.383871600031853,0,295.0,3.7,0,0.22707289534838138,4.6866064199412625,0.6574024292501898,79.70447906701799,2.3505249355420976,19.476309063481906
76,20,6.914771100040525,0,231.0,2.9000000000000004,0,0.22707289534838138,4.6866064199412625,0.6574024292501898,79.70447906701799,2.3505249355420976,19.476309063481906
76,11,11.74013599997852,0,279.0,3.5,11,0.22707289534838138,4.6866064199412625,0.6574024292501898,79.70447906701799,2.3505249355420976,19.476309063481906
76,23,5.278337899944745,0,231.0,2.9000000000000004,0,0.22707289534838138,4.6866064199412625,0.6574024292501898,79.70447906701799,2.3505249355420976,19.476309063481906
76,0,12.685126800090075,0,307.0,3.85,4,0.22707289534838138,4.6866064199412625,0.6574024292501898,79.70447906701799,2.3505249355420976,19.476309063481906
76,4,13.402937999926507,0,255.0,3.2,4,0.22707289534838138,4.6866064199412625,0.6574024292501898,79.70447906701799,2.3505249355420976,19.476309063481906
76,6,13.772512200055644,0,275.0,3.45,3,0.22707289534838138,4.6866064199412625,0.6574024292501898,79.70447906701799,2.3505249355420976,19.476309063481906
76,22,7.828728200052865,0,579.0,7.25,5,0.22707289534838138,4.6866064199412625,0.6574024292501898,79.70447906701799,2.3505249355420976,19.476309063481906
76,28,5.486835299991071,0,299.0,3.75,4,0.22707289534838138,4.6866064199412625,0.6574024292501898,79.70447906701799,2.3505249355420976,19.476309063481906
76,8,16.260503600002266,0,299.0,3.75,10,0.22707289534838138,4.6866064199412625,0.6574024292501898,79.70447906701799,2.3505249355420976,19.476309063481906
76,25,8.47170430002734,0,355.0,4.45,0,0.22707289534838138,4.6866064199412625,0.6574024292501898,79.70447906701799,2.3505249355420976,19.476309063481906
76,10,17.014742699917406,0,315.0,3.95,9,0.22707289534838138,4.6866064199412625,0.6574024292501898,79.70447906701799,2.3505249355420976,19.476309063481906
76,26,8.68715449993033,0,243.0,3.0500000000000003,6,0.22707289534838138,4.6866064199412625,0.6574024292501898,79.70447906701799,2.3505249355420976,19.476309063481906
76,27,8.639415699988604,0,307.0,3.85,2,0.22707289534838138,4.6866064199412625,0.6574024292501898,79.70447906701799,2.3505249355420976,19.476309063481906
76,21,12.793152499943972,0,255.0,3.2,5,0.22707289534838138,4.6866064199412625,0.6574024292501898,79.70447906701799,2.3505249355420976,19.476309063481906
76,14,17.590526600019075,0,475.0,5.95,7,0.22707289534838138,4.6866064199412625,0.6574024292501898,79.70447906701799,2.3505249355420976,19.476309063481906
76,16,17.749096399988048,0,285.0,3.6500000000000004,2,0.22707289534838138,4.6866064199412625,0.6574024292501898,79.70447906701799,2.3505249355420976,19.476309063481906
76,13,17.7828096000012,0,735.0,9.200000000000001,5,0.22707289534838138,4.6866064199412625,0.6574024292501898,79.70447906701799,2.3505249355420976,19.476309063481906
76,29,7.518988600000739,0,279.0,3.5,11,0.22707289534838138,4.6866064199412625,0.6574024292501898,79.70447906701799,2.3505249355420976,19.476309063481906
76,24,12.125675299903378,0,400.0,5.1000000000000005,1,0.22707289534838138,4.6866064199412625,0.6574024292501898,79.70447906701799,2.3505249355420976,19.476309063481906
77,5,1.1158494000555947,0,255.0,3.2,0,14.920897585308467,5.833687650971596,9.625508229897966,143.717644880926,5.714241725637215,26.057973845683808
77,19,3.0470396999735385,0,239.0,3.0,0,14.920897585308467,5.833687650971596,9.625508229897966,143.717644880926,5.714241725637215,26.057973845683808
77,0,4.397240099962801,0,263.0,3.3000000000000003,4,14.920897585308467,5.833687650971596,9.625508229897966,143.717644880926,5.714241725637215,26.057973845683808
77,3,4.51163149997592,0,283.0,3.5500000000000003,2,14.920897585308467,5.833687650971596,9.625508229897966,143.717644880926,5.714241725637215,26.057973845683808
77,1,6.5743501000106335,0,243.0,3.0500000000000003,3,14.920897585308467,5.833687650971596,9.625508229897966,143.717644880926,5.714241725637215,26.057973845683808
77,2,6.864094499964267,0,259.0,3.25,6,14.920897585308467,5.833687650971596,9.625508229897966,143.717644880926,5.714241725637215,26.057973845683808
77,7,7.192113899975084,0,271.0,3.4000000000000004,4,14.920897585308467,5.833687650971596,9.625508229897966,143.717644880926,5.714241725637215,26.057973845683808
77,9,8.192293199943379,0,255.0,3.2,2,14.920897585308467,5.833687650971596,9.625508229897966,143.717644880926,5.714241725637215,26.057973845683808
77,17,9.311341600026935,0,323.0,4.05,1,14.920897585308467,5.833687650971596,9.625508229897966,143.717644880926,5.714241725637215,26.057973845683808
77,6,11.604160799994133,0,283.0,3.5500000000000003,6,14.920897585308467,5.833687650971596,9.625508229897966,143.717644880926,5.714241725637215,26.057973845683808
77,18,11.561625699978322,0,299.0,3.75,8,14.920897585308467,5.833687650971596,9.625508229897966,143.717644880926,5.714241725637215,26.057973845683808
77,12,12.342356999986805,0,291.0,3.6500000000000004,9,14.920897585308467,5.833687650971596,9.625508229897966,143.717644880926,5.714241725637215,26.057973845683808
77,23,6.40241090010386,0,243.0,3.0500000000000003,0,14.920897585308467,5.833687650971596,9.625508229897966,143.717644880926,5.714241725637215,26.057973845683808
77,4,13.795732400030829,0,263.0,3.3000000000000003,13,14.920897585308467,5.833687650971596,9.625508229897966,143.717644880926,5.714241725637215,26.057973845683808
77,25,6.539892399916425,0,267.0,3.35,0,14.920897585308467,5.833687650971596,9.625508229897966,143.717644880926,5.714241725637215,26.057973845683808
77,8,13.856543600093573,0,363.0,4.55,13,14.920897585308467,5.833687650971596,9.625508229897966,143.717644880926,5.714241725637215,26.057973845683808
77,15,14.282023300067522,0,263.0,3.3000000000000003,13,14.920897585308467,5.833687650971596,9.625508229897966,143.717644880926,5.714241725637215,26.057973845683808
77,22,10.122169499984011,0,579.0,7.25,4,14.920897585308467,5.833687650971596,9.625508229897966,143.717644880926,5.714241725637215,26.057973845683808
77,11,15.364053500001319,0,299.0,3.75,11,14.920897585308467,5.833687650971596,9.625508229897966,143.717644880926,5.714241725637215,26.057973845683808
77,10,15.423642999958247,0,275.0,3.45,9,14.920897585308467,5.833687650971596,9.625508229897966,143.717644880926,5.714241725637215,26.057973845683808
77,13,16.484582799952477,0,483.0,6.050000000000001,9,14.920897585308467,5.833687650971596,9.625508229897966,143.717644880926,5.714241725637215,26.057973845683808
77,28,5.055414799950086,0,299.0,3.75,4,14.920897585308467,5.833687650971596,9.625508229897966,143.717644880926,5.714241725637215,26.057973845683808
77,14,17.11288179992698,0,475.0,5.95,7,14.920897585308467,5.833687650971596,9.625508229897966,143.717644880926,5.714241725637215,26.057973845683808
77,16,17.1452711999882,0,299.0,3.8000000000000003,6,14.920897585308467,5.833687650971596,9.625508229897966,143.717644880926,5.714241725637215,26.057973845683808
77,20,13.17165350005962,0,300.0,3.8000000000000003,0,14.920897585308467,5.833687650971596,9.625508229897966,143.717644880926,5.714241725637215,26.057973845683808
77,29,6.366867300006561,0,267.0,3.35,10,14.920897585308467,5.833687650971596,9.625508229897966,143.717644880926,5.714241725637215,26.057973845683808
77,26,9.986007999978028,0,259.0,3.25,10,14.920897585308467,5.833687650971596,9.625508229897966,143.717644880926,5.714241725637215,26.057973845683808
77,21,13.801455999957398,0,279.0,3.5,13,14.920897585308467,5.833687650971596,9.625508229897966,143.717644880926,5.714241725637215,26.057973845683808
77,27,9.38594159996137,0,331.0,4.15,2,14.920897585308467,5.833687650971596,9.625508229897966,143.717644880926,5.714241725637215,26.057973845683808
77,24,11.96974049997516,0,370.0,4.65,0,14.920897585308467,5.833687650971596,9.625508229897966,143.717644880926,5.714241725637215,26.057973845683808
78,5,1.1040500999661162,0,255.0,3.2,0,4.471916770389052,9.632225394406113,0.22032929942918178,292.46970667690977,0.8631982390115223,26.734293410942133
78,3,4.693135399953462,0,283.0,3.5500000000000003,2,4.471916770389052,9.632225394406113,0.22032929942918178,292.46970667690977,0.8631982390115223,26.734293410942133
78,19,4.6990350999403745,0,247.0,3.1,4,4.471916770389052,9.632225394406113,0.22032929942918178,292.46970667690977,0.8631982390115223,26.734293410942133
78,1,5.979659299948253,0,279.0,3.5,3,4.471916770389052,9.632225394406113,0.22032929942918178,292.46970667690977,0.8631982390115223,26.734293410942133
78,2,7.03535199991893,0,259.0,3.25,6,4.471916770389052,9.632225394406113,0.22032929942918178,292.46970667690977,0.8631982390115223,26.734293410942133
78,16,8.45801050006412,0,223.0,2.8000000000000003,0,4.471916770389052,9.632225394406113,0.22032929942918178,292.46970667690977,0.8631982390115223,26.734293410942133
78,7,8.608976599993184,0,279.0,3.5,8,4.471916770389052,9.632225394406113,0.22032929942918178,292.46970667690977,0.8631982390115223,26.734293410942133
78,9,9.142921400023624,0,247.0,3.1,0,4.471916770389052,9.632225394406113,0.22032929942918178,292.46970667690977,0.8631982390115223,26.734293410942133
78,18,9.47964289993979,0,283.0,3.5500000000000003,0,4.471916770389052,9.632225394406113,0.22032929942918178,292.46970667690977,0.8631982390115223,26.734293410942133
78,17,9.58683020004537,0,327.0,4.1000000000000005,1,4.471916770389052,9.632225394406113,0.22032929942918178,292.46970667690977,0.8631982390115223,26.734293410942133
78,12,9.955090600065887,0,283.0,3.5500000000000003,6,4.471916770389052,9.632225394406113,0.22032929942918178,292.46970667690977,0.8631982390115223,26.734293410942133
78,20,5.922290000016801,0,219.0,2.75,2,4.471916770389052,9.632225394406113,0.22032929942918178,292.46970667690977,0.8631982390115223,26.734293410942133
78,11,10.73025779996533,0,275.0,3.45,11,4.471916770389052,9.632225394406113,0.22032929942918178,292.46970667690977,0.8631982390115223,26.734293410942133
78,0,11.205356699996628,0,295.0,3.7,4,4.471916770389052,9.632225394406113,0.22032929942918178,292.46970667690977,0.8631982390115223,26.734293410942133
78,15,11.736300599994138,0,251.0,3.1500000000000004,11,4.471916770389052,9.632225394406113,0.22032929942918178,292.46970667690977,0.8631982390115223,26.734293410942133
78,14,12.101985899964347,0,311.0,3.9000000000000004,5,4.471916770389052,9.632225394406113,0.22032929942918178,292.46970667690977,0.8631982390115223,26.734293410942133
78,6,13.142997200018726,0,263.0,3.3000000000000003,5,4.471916770389052,9.632225394406113,0.22032929942918178,292.46970667690977,0.8631982390115223,26.734293410942133
78,4,13.18225579999853,0,263.0,3.3000000000000003,7,4.471916770389052,9.632225394406113,0.22032929942918178,292.46970667690977,0.8631982390115223,26.734293410942133
78,25,4.748383300029673,0,263.0,3.3000000000000003,2,4.471916770389052,9.632225394406113,0.22032929942918178,292.46970667690977,0.8631982390115223,26.734293410942133
78,22,7.822504200041294,0,579.0,7.25,7,4.471916770389052,9.632225394406113,0.22032929942918178,292.46970667690977,0.8631982390115223,26.734293410942133
78,28,5.331187500036322,0,299.0,3.75,4,4.471916770389052,9.632225394406113,0.22032929942918178,292.46970667690977,0.8631982390115223,26.734293410942133
78,10,15.605034800013527,0,291.0,3.6500000000000004,8,4.471916770389052,9.632225394406113,0.22032929942918178,292.46970667690977,0.8631982390115223,26.734293410942133
78,8,15.977821100037545,0,331.0,4.15,8,4.471916770389052,9.632225394406113,0.22032929942918178,292.46970667690977,0.8631982390115223,26.734293410942133
78,29,6.833844100008719,0,283.0,3.5500000000000003,13,4.471916770389052,9.632225394406113,0.22032929942918178,292.46970667690977,0.8631982390115223,26.734293410942133
78,27,7.280755499959923,0,307.0,3.85,2,4.471916770389052,9.632225394406113,0.22032929942918178,292.46970667690977,0.8631982390115223,26.734293410942133
78,13,17.274523900006898,0,491.0,6.15,12,4.471916770389052,9.632225394406113,0.22032929942918178,292.46970667690977,0.8631982390115223,26.734293410942133
78,21,11.596683999989182,0,251.0,3.1500000000000004,15,4.471916770389052,9.632225394406113,0.22032929942918178,292.46970667690977,0.8631982390115223,26.734293410942133
78,24,9.346332599991001,0,355.0,4.45,0,4.471916770389052,9.632225394406113,0.22032929942918178,292.46970667690977,0.8631982390115223,26.734293410942133
78,26,8.926352699985728,0,263.0,3.3000000000000003,7,4.471916770389052,9.632225394406113,0.22032929942918178,292.46970667690977,0.8631982390115223,26.734293410942133
78,23,15.49461000005249,0,497.0,6.550000000000001,4,4.471916770389052,9.632225394406113,0.22032929942918178,292.46970667690977,0.8631982390115223,26.734293410942133
79,5,1.2431758000748232,0,255.0,3.2,0,10.554022181725998,9.929647961193004,0.8305859908804487,188.4635711003302,19.38605071238198,15.692935325104465
79,19,3.3954713999992236,0,239.0,3.0,0,10.554022181725998,9.929647961193004,0.8305859908804487,188.4635711003302,19.38605071238198,15.692935325104465
79,1,6.097474799957126,0,279.0,3.5,3,10.554022181725998,9.929647961193004,0.8305859908804487,188.4635711003302,19.38605071238198,15.692935325104465
79,3,7.544758199946955,0,307.0,3.85,0,10.554022181725998,9.929647961193004,0.8305859908804487,188.4635711003302,19.38605071238198,15.692935325104465
79,7,9.216718100011349,0,279.0,3.5,8,10.554022181725998,9.929647961193004,0.8305859908804487,188.4635711003302,19.38605071238198,15.692935325104465
79,17,9.757898699957877,0,323.0,4.05,1,10.554022181725998,9.929647961193004,0.8305859908804487,188.4635711003302,19.38605071238198,15.692935325104465
79,18,10.043476299964823,0,295.0,3.7,4,10.554022181725998,9.929647961193004,0.8305859908804487,188.4635711003302,19.38605071238198,15.692935325104465
79,15,10.231209599995054,0,251.0,3.1500000000000004,7,10.554022181725998,9.929647961193004,0.8305859908804487,188.4635711003302,19.38605071238198,15.692935325104465
79,20,6.095204300014302,0,219.0,2.75,2,10.554022181725998,9.929647961193004,0.8305859908804487,188.4635711003302,19.38605071238198,15.692935325104465
79,12,10.983580900006928,0,283.0,3.5500000000000003,4,10.554022181725998,9.929647961193004,0.8305859908804487,188.4635711003302,19.38605071238198,15.692935325104465
79,11,12.049265200039372,0,283.0,3.5500000000000003,11,10.554022181725998,9.929647961193004,0.8305859908804487,188.4635711003302,19.38605071238198,15.692935325104465
79,14,13.027544099953957,0,311.0,3.9000000000000004,5,10.554022181725998,9.929647961193004,0.8305859908804487,188.4635711003302,19.38605071238198,15.692935325104465
79,10,13.289470799965784,0,271.0,3.4000000000000004,4,10.554022181725998,9.929647961193004,0.8305859908804487,188.4635711003302,19.38605071238198,15.692935325104465
79,4,13.81020039995201,0,251.0,3.1500000000000004,11,10.554022181725998,9.929647961193004,0.8305859908804487,188.4635711003302,19.38605071238198,15.692935325104465
79,0,14.412268299958669,0,303.0,3.8000000000000003,7,10.554022181725998,9.929647961193004,0.8305859908804487,188.4635711003302,19.38605071238198,15.692935325104465
79,9,14.741051099961624,0,271.0,3.4000000000000004,12,10.554022181725998,9.929647961193004,0.8305859908804487,188.4635711003302,19.38605071238198,15.692935325104465
79,8,15.125712599954568,0,311.0,3.9000000000000004,9,10.554022181725998,9.929647961193004,0.8305859908804487,188.4635711003302,19.38605071238198,15.692935325104465
79,22,8.682447100058198,0,579.0,7.25,7,10.554022181725998,9.929647961193004,0.8305859908804487,188.4635711003302,19.38605071238198,15.692935325104465
79,28,7.013066899962723,0,299.0,3.75,5,10.554022181725998,9.929647961193004,0.8305859908804487,188.4635711003302,19.38605071238198,15.692935325104465
79,25,8.497825399972498,0,343.0,4.3,0,10.554022181725998,9.929647961193004,0.8305859908804487,188.4635711003302,19.38605071238198,15.692935325104465
79,13,19.743118399986997,0,739.0,9.25,9,10.554022181725998,9.929647961193004,0.8305859908804487,188.4635711003302,19.38605071238198,15.692935325104465
79,24,10.212204999988899,0,354.0,4.5,2,10.554022181725998,9.929647961193004,0.8305859908804487,188.4635711003302,19.38605071238198,15.692935325104465
79,27,9.353313299943693,0,307.0,3.85,2,10.554022181725998,9.929647961193004,0.8305859908804487,188.4635711003302,19.38605071238198,15.692935325104465
79,29,8.264009600039572,0,283.0,3.5500000000000003,13,10.554022181725998,9.929647961193004,0.8305859908804487,188.4635711003302,19.38605071238198,15.692935325104465
79,21,14.591794699896127,0,247.0,3.1,16,10.554022181725998,9.929647961193004,0.8305859908804487,188.4635711003302,19.38605071238198,15.692935325104465
79,2,21.26215259998571,0,507.0,6.3500000000000005,20,10.554022181725998,9.929647961193004,0.8305859908804487,188.4635711003302,19.38605071238198,15.692935325104465
79,6,21.65870409994386,0,343.0,4.3,13,10.554022181725998,9.929647961193004,0.8305859908804487,188.4635711003302,19.38605071238198,15.692935325104465
79,26,11.40821339993272,0,267.0,3.35,10,10.554022181725998,9.929647961193004,0.8305859908804487,188.4635711003302,19.38605071238198,15.692935325104465
79,16,22.476720400038175,0,345.0,4.5,6,10.554022181725998,9.929647961193004,0.8305859908804487,188.4635711003302,19.38605071238198,15.692935325104465
79,23,13.971570200053975,0,344.0,4.45,9,10.554022181725998,9.929647961193004,0.8305859908804487,188.4635711003302,19.38605071238198,15.692935325104465
80,5,1.2040896998951212,0,255.0,3.2,0,12.58797276270525,6.957486889846171,4.599956541200955,206.88952002101587,11.686286238462005,27.03474031472967
80,0,4.3687735999701545,0,263.0,3.3000000000000003,4,12.58797276270525,6.957486889846171,4.599956541200955,206.88952002101587,11.686286238462005,27.03474031472967
80,19,3.188469799933955,0,239.0,3.0,0,12.58797276270525,6.957486889846171,4.599956541200955,206.88952002101587,11.686286238462005,27.03474031472967
80,3,4.586226399987936,0,283.0,3.5500000000000003,2,12.58797276270525,6.957486889846171,4.599956541200955,206.88952002101587,11.686286238462005,27.03474031472967
80,1,6.542983699939214,0,243.0,3.0500000000000003,3,12.58797276270525,6.957486889846171,4.599956541200955,206.88952002101587,11.686286238462005,27.03474031472967
80,2,6.749476199969649,0,259.0,3.25,6,12.58797276270525,6.957486889846171,4.599956541200955,206.88952002101587,11.686286238462005,27.03474031472967
80,7,8.400635099969804,0,279.0,3.5,8,12.58797276270525,6.957486889846171,4.599956541200955,206.88952002101587,11.686286238462005,27.03474031472967
80,9,8.454620399978012,0,255.0,3.2,2,12.58797276270525,6.957486889846171,4.599956541200955,206.88952002101587,11.686286238462005,27.03474031472967
80,17,9.412242499995045,0,327.0,4.1000000000000005,1,12.58797276270525,6.957486889846171,4.599956541200955,206.88952002101587,11.686286238462005,27.03474031472967
80,12,10.07562640006654,0,283.0,3.5500000000000003,4,12.58797276270525,6.957486889846171,4.599956541200955,206.88952002101587,11.686286238462005,27.03474031472967
80,18,11.689642900018953,0,307.0,3.85,2,12.58797276270525,6.957486889846171,4.599956541200955,206.88952002101587,11.686286238462005,27.03474031472967
80,23,5.335303400061093,0,231.0,2.9000000000000004,0,12.58797276270525,6.957486889846171,4.599956541200955,206.88952002101587,11.686286238462005,27.03474031472967
80,14,12.112772300024517,0,319.0,4.0,5,12.58797276270525,6.957486889846171,4.599956541200955,206.88952002101587,11.686286238462005,27.03474031472967
80,22,8.746475100051612,0,579.0,7.25,7,12.58797276270525,6.957486889846171,4.599956541200955,206.88952002101587,11.686286238462005,27.03474031472967
80,6,13.493535700021312,0,267.0,3.35,8,12.58797276270525,6.957486889846171,4.599956541200955,206.88952002101587,11.686286238462005,27.03474031472967
80,4,13.807292000041343,0,259.0,3.25,13,12.58797276270525,6.957486889846171,4.599956541200955,206.88952002101587,11.686286238462005,27.03474031472967
80,25,6.154355900012888,0,267.0,3.35,0,12.58797276270525,6.957486889846171,4.599956541200955,206.88952002101587,11.686286238462005,27.03474031472967
80,16,14.66449230001308,0,266.0,3.4000000000000004,6,12.58797276270525,6.957486889846171,4.599956541200955,206.88952002101587,11.686286238462005,27.03474031472967
80,8,14.991388199967332,0,367.0,4.6000000000000005,8,12.58797276270525,6.957486889846171,4.599956541200955,206.88952002101587,11.686286238462005,27.03474031472967
80,10,15.715674199978821,0,283.0,3.5500000000000003,10,12.58797276270525,6.957486889846171,4.599956541200955,206.88952002101587,11.686286238462005,27.03474031472967
80,28,5.767019799910486,0,299.0,3.75,4,12.58797276270525,6.957486889846171,4.599956541200955,206.88952002101587,11.686286238462005,27.03474031472967
80,11,15.931204100023024,0,299.0,3.75,11,12.58797276270525,6.957486889846171,4.599956541200955,206.88952002101587,11.686286238462005,27.03474031472967
80,13,16.53830769995693,0,483.0,6.050000000000001,9,12.58797276270525,6.957486889846171,4.599956541200955,206.88952002101587,11.686286238462005,27.03474031472967
80,15,17.541011000052094,0,367.0,4.6000000000000005,17,12.58797276270525,6.957486889846171,4.599956541200955,206.88952002101587,11.686286238462005,27.03474031472967
80,29,6.311397399986163,0,283.0,3.5500000000000003,13,12.58797276270525,6.957486889846171,4.599956541200955,206.88952002101587,11.686286238462005,27.03474031472967
80,26,9.746664199978113,0,267.0,3.35,10,12.58797276270525,6.957486889846171,4.599956541200955,206.88952002101587,11.686286238462005,27.03474031472967
80,27,9.442286200006492,0,331.0,4.15,2,12.58797276270525,6.957486889846171,4.599956541200955,206.88952002101587,11.686286238462005,27.03474031472967
80,21,14.582668900024146,0,307.0,3.85,12,12.58797276270525,6.957486889846171,4.599956541200955,206.88952002101587,11.686286238462005,27.03474031472967
80,24,14.454879600089043,0,456.0,5.800000000000001,0,12.58797276270525,6.957486889846171,4.599956541200955,206.88952002101587,11.686286238462005,27.03474031472967
80,20,21.831963200005703,0,528.0,6.9,0,12.58797276270525,6.957486889846171,4.599956541200955,206.88952002101587,11.686286238462005,27.03474031472967
81,5,1.1231923000887036,0,255.0,3.2,0,0.9089276068291574,2.809631895922303,9.509073692357932,272.5659459727291,9.11313505571426,18.603977934046103
81,0,4.018611999927089,0,263.0,3.3000000000000003,0,0.9089276068291574,2.809631895922303,9.509073692357932,272.5659459727291,9.11313505571426,18.603977934046103
81,19,3.118868499994278,0,239.0,3.0,0,0.9089276068291574,2.809631895922303,9.509073692357932,272.5659459727291,9.11313505571426,18.603977934046103
81,3,4.454627600032836,0,283.0,3.5500000000000003,2,0.9089276068291574,2.809631895922303,9.509073692357932,272.5659459727291,9.11313505571426,18.603977934046103
81,18,5.611228400026448,0,291.0,3.6500000000000004,0,0.9089276068291574,2.809631895922303,9.509073692357932,272.5659459727291,9.11313505571426,18.603977934046103
81,1,6.311794799985364,0,243.0,3.0500000000000003,3,0.9089276068291574,2.809631895922303,9.509073692357932,272.5659459727291,9.11313505571426,18.603977934046103
81,2,6.714516200008802,0,259.0,3.25,6,0.9089276068291574,2.809631895922303,9.509073692357932,272.5659459727291,9.11313505571426,18.603977934046103
81,17,8.034216900006868,0,323.0,4.05,0,0.9089276068291574,2.809631895922303,9.509073692357932,272.5659459727291,9.11313505571426,18.603977934046103
81,7,8.189833899959922,0,287.0,3.6,0,0.9089276068291574,2.809631895922303,9.509073692357932,272.5659459727291,9.11313505571426,18.603977934046103
81,9,9.058706399984658,0,247.0,3.1,0,0.9089276068291574,2.809631895922303,9.509073692357932,272.5659459727291,9.11313505571426,18.603977934046103
81,12,9.831618299940601,0,287.0,3.6,1,0.9089276068291574,2.809631895922303,9.509073692357932,272.5659459727291,9.11313505571426,18.603977934046103
81,15,11.143923199968413,0,259.0,3.25,9,0.9089276068291574,2.809631895922303,9.509073692357932,272.5659459727291,9.11313505571426,18.603977934046103
81,11,12.193527900031768,0,291.0,3.6500000000000004,11,0.9089276068291574,2.809631895922303,9.509073692357932,272.5659459727291,9.11313505571426,18.603977934046103
81,6,12.46977850003168,0,299.0,3.75,6,0.9089276068291574,2.809631895922303,9.509073692357932,272.5659459727291,9.11313505571426,18.603977934046103
81,4,13.30801109992899,0,263.0,3.3000000000000003,13,0.9089276068291574,2.809631895922303,9.509073692357932,272.5659459727291,9.11313505571426,18.603977934046103
81,22,9.72143719997257,0,583.0,7.300000000000001,2,0.9089276068291574,2.809631895922303,9.509073692357932,272.5659459727291,9.11313505571426,18.603977934046103
81,28,5.332781899953261,0,287.0,3.6,0,0.9089276068291574,2.809631895922303,9.509073692357932,272.5659459727291,9.11313505571426,18.603977934046103
81,13,14.468178299954161,0,471.0,5.9,1,0.9089276068291574,2.809631895922303,9.509073692357932,272.5659459727291,9.11313505571426,18.603977934046103
81,26,8.33150209998712,0,247.0,3.1,7,0.9089276068291574,2.809631895922303,9.509073692357932,272.5659459727291,9.11313505571426,18.603977934046103
81,25,10.165763700031675,0,291.0,3.6500000000000004,0,0.9089276068291574,2.809631895922303,9.509073692357932,272.5659459727291,9.11313505571426,18.603977934046103
81,20,14.760178500087932,0,325.0,4.1000000000000005,0,0.9089276068291574,2.809631895922303,9.509073692357932,272.5659459727291,9.11313505571426,18.603977934046103
81,23,13.76424719998613,0,338.0,4.3,0,0.9089276068291574,2.809631895922303,9.509073692357932,272.5659459727291,9.11313505571426,18.603977934046103
81,27,11.857452400028706,0,331.0,4.15,2,0.9089276068291574,2.809631895922303,9.509073692357932,272.5659459727291,9.11313505571426,18.603977934046103
81,16,20.07909210002981,0,345.0,4.3500000000000005,0,0.9089276068291574,2.809631895922303,9.509073692357932,272.5659459727291,9.11313505571426,18.603977934046103
81,29,10.338818500051275,0,295.0,3.7,6,0.9089276068291574,2.809631895922303,9.509073692357932,272.5659459727291,9.11313505571426,18.603977934046103
81,8,21.138792100013234,0,471.0,5.9,4,0.9089276068291574,2.809631895922303,9.509073692357932,272.5659459727291,9.11313505571426,18.603977934046103
81,14,21.261768600088544,0,723.0,9.05,3,0.9089276068291574,2.809631895922303,9.509073692357932,272.5659459727291,9.11313505571426,18.603977934046103
81,24,16.447636800003238,0,436.0,5.5,0,0.9089276068291574,2.809631895922303,9.509073692357932,272.5659459727291,9.11313505571426,18.603977934046103
81,10,23.099454800016247,0,459.0,5.75,1,0.9089276068291574,2.809631895922303,9.509073692357932,272.5659459727291,9.11313505571426,18.603977934046103
81,21,33.43151579995174,0,1323.0,16.55,2,0.9089276068291574,2.809631895922303,9.509073692357932,272.5659459727291,9.11313505571426,18.603977934046103
82,5,1.1286361999809742,0,255.0,3.2,0,5.547623659622653,1.881211597237613,4.690614208905823,138.33805700651322,11.673122237017441,2.3320391089495454
82,19,3.1239038000348955,0,239.0,3.0,0,5.547623659622653,1.881211597237613,4.690614208905823,138.33805700651322,11.673122237017441,2.3320391089495454
82,0,4.368808100000024,0,263.0,3.3000000000000003,4,5.547623659622653,1.881211597237613,4.690614208905823,138.33805700651322,11.673122237017441,2.3320391089495454
82,3,4.505458700004965,0,283.0,3.5500000000000003,2,5.547623659622653,1.881211597237613,4.690614208905823,138.33805700651322,11.673122237017441,2.3320391089495454
82,18,5.567677400074899,0,291.0,3.6500000000000004,0,5.547623659622653,1.881211597237613,4.690614208905823,138.33805700651322,11.673122237017441,2.3320391089495454
82,1,6.449276500032283,0,243.0,3.0500000000000003,3,5.547623659622653,1.881211597237613,4.690614208905823,138.33805700651322,11.673122237017441,2.3320391089495454
82,2,6.707896500010975,0,259.0,3.25,6,5.547623659622653,1.881211597237613,4.690614208905823,138.33805700651322,11.673122237017441,2.3320391089495454
82,7,8.341486899997108,0,283.0,3.5500000000000003,8,5.547623659622653,1.881211597237613,4.690614208905823,138.33805700651322,11.673122237017441,2.3320391089495454
82,17,9.251863099983893,0,331.0,4.15,1,5.547623659622653,1.881211597237613,4.690614208905823,138.33805700651322,11.673122237017441,2.3320391089495454
82,14,9.254346199915744,0,303.0,3.8000000000000003,5,5.547623659622653,1.881211597237613,4.690614208905823,138.33805700651322,11.673122237017441,2.3320391089495454
82,9,10.184529599966481,0,263.0,3.3000000000000003,2,5.547623659622653,1.881211597237613,4.690614208905823,138.33805700651322,11.673122237017441,2.3320391089495454
82,6,12.874419100000523,0,291.0,3.6500000000000004,6,5.547623659622653,1.881211597237613,4.690614208905823,138.33805700651322,11.673122237017441,2.3320391089495454
82,15,13.573209000052884,0,323.0,4.05,10,5.547623659622653,1.881211597237613,4.690614208905823,138.33805700651322,11.673122237017441,2.3320391089495454
82,8,14.953194599947892,0,295.0,3.7,10,5.547623659622653,1.881211597237613,4.690614208905823,138.33805700651322,11.673122237017441,2.3320391089495454
82,24,8.671834000037052,0,314.0,3.95,1,5.547623659622653,1.881211597237613,4.690614208905823,138.33805700651322,11.673122237017441,2.3320391089495454
82,11,15.489562900038436,0,291.0,3.6500000000000004,14,5.547623659622653,1.881211597237613,4.690614208905823,138.33805700651322,11.673122237017441,2.3320391089495454
82,10,16.69738889997825,0,299.0,3.75,9,5.547623659622653,1.881211597237613,4.690614208905823,138.33805700651322,11.673122237017441,2.3320391089495454
82,25,9.988329999963753,0,287.0,3.6,4,5.547623659622653,1.881211597237613,4.690614208905823,138.33805700651322,11.673122237017441,2.3320391089495454
82,28,7.787059499998577,0,303.0,3.8000000000000003,5,5.547623659622653,1.881211597237613,4.690614208905823,138.33805700651322,11.673122237017441,2.3320391089495454
82,23,12.323642099974677,0,297.0,3.75,4,5.547623659622653,1.881211597237613,4.690614208905823,138.33805700651322,11.673122237017441,2.3320391089495454
82,27,9.629904599976726,0,307.0,3.85,2,5.547623659622653,1.881211597237613,4.690614208905823,138.33805700651322,11.673122237017441,2.3320391089495454
82,20,15.313052200013772,0,318.0,4.0,1,5.547623659622653,1.881211597237613,4.690614208905823,138.33805700651322,11.673122237017441,2.3320391089495454
82,21,15.604520700057037,0,295.0,3.7,15,5.547623659622653,1.881211597237613,4.690614208905823,138.33805700651322,11.673122237017441,2.3320391089495454
82,26,12.31618880003225,0,267.0,3.35,10,5.547623659622653,1.881211597237613,4.690614208905823,138.33805700651322,11.673122237017441,2.3320391089495454
82,13,20.87030870001763,0,727.0,9.1,16,5.547623659622653,1.881211597237613,4.690614208905823,138.33805700651322,11.673122237017441,2.3320391089495454
82,29,11.0184780000709,0,299.0,3.75,14,5.547623659622653,1.881211597237613,4.690614208905823,138.33805700651322,11.673122237017441,2.3320391089495454
82,22,18.111994199920446,0,687.0,8.6,4,5.547623659622653,1.881211597237613,4.690614208905823,138.33805700651322,11.673122237017441,2.3320391089495454
82,4,131.99765519995708,1,5000.0,70.55,13,5.547623659622653,1.881211597237613,4.690614208905823,138.33805700651322,11.673122237017441,2.3320391089495454
82,16,137.3117091000313,1,5002.0,70.45,5,5.547623659622653,1.881211597237613,4.690614208905823,138.33805700651322,11.673122237017441,2.3320391089495454
82,12,138.62300690007396,1,5001.0,69.60000000000001,4,5.547623659622653,1.881211597237613,4.690614208905823,138.33805700651322,11.673122237017441,2.3320391089495454
83,5,0.17676080006640404,0,255.0,3.2,0,19.48789615332333,9.86210744479603,7.011800968795477,184.0240915860301,6.190552325726555,24.413850591208462
83,19,0.432896799989976,0,239.0,3.0,0,19.48789615332333,9.86210744479603,7.011800968795477,184.0240915860301,6.190552325726555,24.413850591208462
83,3,0.6447473999578506,0,283.0,3.5500000000000003,2,19.48789615332333,9.86210744479603,7.011800968795477,184.0240915860301,6.190552325726555,24.413850591208462
83,0,0.7296782999765128,0,267.0,3.35,4,19.48789615332333,9.86210744479603,7.011800968795477,184.0240915860301,6.190552325726555,24.413850591208462
83,1,0.8760038000764325,0,243.0,3.0500000000000003,3,19.48789615332333,9.86210744479603,7.011800968795477,184.0240915860301,6.190552325726555,24.413850591208462
83,9,1.116821000003256,0,255.0,3.2,2,19.48789615332333,9.86210744479603,7.011800968795477,184.0240915860301,6.190552325726555,24.413850591208462
83,7,1.1795768999727443,0,279.0,3.5,8,19.48789615332333,9.86210744479603,7.011800968795477,184.0240915860301,6.190552325726555,24.413850591208462
83,17,1.255213399999775,0,323.0,4.05,1,19.48789615332333,9.86210744479603,7.011800968795477,184.0240915860301,6.190552325726555,24.413850591208462
83,12,1.3193012999836355,0,283.0,3.5500000000000003,4,19.48789615332333,9.86210744479603,7.011800968795477,184.0240915860301,6.190552325726555,24.413850591208462
83,2,1.4064426999539137,0,259.0,3.25,6,19.48789615332333,9.86210744479603,7.011800968795477,184.0240915860301,6.190552325726555,24.413850591208462
83,23,0.6635862000985071,0,231.0,2.9000000000000004,0,19.48789615332333,9.86210744479603,7.011800968795477,184.0240915860301,6.190552325726555,24.413850591208462
83,14,1.6487875999882817,0,319.0,4.0,5,19.48789615332333,9.86210744479603,7.011800968795477,184.0240915860301,6.190552325726555,24.413850591208462
83,6,1.7916752999881282,0,271.0,3.4000000000000004,8,19.48789615332333,9.86210744479603,7.011800968795477,184.0240915860301,6.190552325726555,24.413850591208462
83,18,1.8647667000768706,0,331.0,4.15,4,19.48789615332333,9.86210744479603,7.011800968795477,184.0240915860301,6.190552325726555,24.413850591208462
83,25,1.016805800027214,0,279.0,3.5,2,19.48789615332333,9.86210744479603,7.011800968795477,184.0240915860301,6.190552325726555,24.413850591208462
83,10,2.240256099961698,0,283.0,3.5500000000000003,10,19.48789615332333,9.86210744479603,7.011800968795477,184.0240915860301,6.190552325726555,24.413850591208462
83,22,1.521458400064148,0,579.0,7.25,4,19.48789615332333,9.86210744479603,7.011800968795477,184.0240915860301,6.190552325726555,24.413850591208462
83,11,2.311872999998741,0,299.0,3.75,11,19.48789615332333,9.86210744479603,7.011800968795477,184.0240915860301,6.190552325726555,24.413850591208462
83,4,2.3157624000450596,0,251.0,3.1500000000000004,11,19.48789615332333,9.86210744479603,7.011800968795477,184.0240915860301,6.190552325726555,24.413850591208462
83,28,1.0723959000315517,0,303.0,3.8000000000000003,5,19.48789615332333,9.86210744479603,7.011800968795477,184.0240915860301,6.190552325726555,24.413850591208462
83,8,2.510678500053473,0,363.0,4.55,13,19.48789615332333,9.86210744479603,7.011800968795477,184.0240915860301,6.190552325726555,24.413850591208462
83,20,1.9452624999685213,0,298.0,3.75,0,19.48789615332333,9.86210744479603,7.011800968795477,184.0240915860301,6.190552325726555,24.413850591208462
83,15,2.58345170004759,0,339.0,4.25,14,19.48789615332333,9.86210744479603,7.011800968795477,184.0240915860301,6.190552325726555,24.413850591208462
83,21,1.9322268000105396,0,259.0,3.25,11,19.48789615332333,9.86210744479603,7.011800968795477,184.0240915860301,6.190552325726555,24.413850591208462
83,29,1.3573327999329194,0,267.0,3.35,10,19.48789615332333,9.86210744479603,7.011800968795477,184.0240915860301,6.190552325726555,24.413850591208462
83,26,1.7553821000037715,0,259.0,3.25,10,19.48789615332333,9.86210744479603,7.011800968795477,184.0240915860301,6.190552325726555,24.413850591208462
83,13,3.0253737000748515,0,507.0,6.3500000000000005,17,19.48789615332333,9.86210744479603,7.011800968795477,184.0240915860301,6.190552325726555,24.413850591208462
83,27,1.8455100000137463,0,331.0,4.15,2,19.48789615332333,9.86210744479603,7.011800968795477,184.0240915860301,6.190552325726555,24.413850591208462
83,16,3.4055988000473008,0,345.0,4.5,6,19.48789615332333,9.86210744479603,7.011800968795477,184.0240915860301,6.190552325726555,24.413850591208462
83,24,2.5168840000405908,0,430.0,5.45,0,19.48789615332333,9.86210744479603,7.011800968795477,184.0240915860301,6.190552325726555,24.413850591208462
84,5,0.17287719994783401,0,255.0,3.2,0,13.694623451077586,1.626169393448913,9.118179126489041,255.63431073079224,18.99599826583848,21.771585251650798
84,0,0.7582826999714598,0,263.0,3.3000000000000003,4,13.694623451077586,1.626169393448913,9.118179126489041,255.63431073079224,18.99599826583848,21.771585251650798
84,19,0.5523134999675676,0,239.0,3.0,0,13.694623451077586,1.626169393448913,9.118179126489041,255.63431073079224,18.99599826583848,21.771585251650798
84,3,0.8231908000307158,0,283.0,3.5500000000000003,2,13.694623451077586,1.626169393448913,9.118179126489041,255.63431073079224,18.99599826583848,21.771585251650798
84,2,0.8608227999648079,0,259.0,3.25,6,13.694623451077586,1.626169393448913,9.118179126489041,255.63431073079224,18.99599826583848,21.771585251650798
84,7,1.1557724999729544,0,279.0,3.5,8,13.694623451077586,1.626169393448913,9.118179126489041,255.63431073079224,18.99599826583848,21.771585251650798
84,1,1.180321800056845,0,243.0,3.0500000000000003,3,13.694623451077586,1.626169393448913,9.118179126489041,255.63431073079224,18.99599826583848,21.771585251650798
84,9,1.5483325999230146,0,255.0,3.2,2,13.694623451077586,1.626169393448913,9.118179126489041,255.63431073079224,18.99599826583848,21.771585251650798
84,4,1.7632592999143526,0,267.0,3.35,9,13.694623451077586,1.626169393448913,9.118179126489041,255.63431073079224,18.99599826583848,21.771585251650798
84,17,1.837632399983704,0,323.0,4.05,1,13.694623451077586,1.626169393448913,9.118179126489041,255.63431073079224,18.99599826583848,21.771585251650798
84,10,1.9044304999988526,0,275.0,3.45,9,13.694623451077586,1.626169393448913,9.118179126489041,255.63431073079224,18.99599826583848,21.771585251650798
84,12,1.901905200094916,0,303.0,3.8000000000000003,9,13.694623451077586,1.626169393448913,9.118179126489041,255.63431073079224,18.99599826583848,21.771585251650798
84,8,1.8775962999789044,0,363.0,4.55,13,13.694623451077586,1.626169393448913,9.118179126489041,255.63431073079224,18.99599826583848,21.771585251650798
84,22,1.2926607000408694,0,579.0,7.25,7,13.694623451077586,1.626169393448913,9.118179126489041,255.63431073079224,18.99599826583848,21.771585251650798
84,23,1.2603436999488622,0,251.0,3.1500000000000004,0,13.694623451077586,1.626169393448913,9.118179126489041,255.63431073079224,18.99599826583848,21.771585251650798
84,18,2.2235214000102133,0,299.0,3.75,8,13.694623451077586,1.626169393448913,9.118179126489041,255.63431073079224,18.99599826583848,21.771585251650798
84,25,1.0921017000218853,0,267.0,3.35,0,13.694623451077586,1.626169393448913,9.118179126489041,255.63431073079224,18.99599826583848,21.771585251650798
84,11,2.41519640001934,0,299.0,3.75,11,13.694623451077586,1.626169393448913,9.118179126489041,255.63431073079224,18.99599826583848,21.771585251650798
84,13,2.514053399907425,0,483.0,6.050000000000001,9,13.694623451077586,1.626169393448913,9.118179126489041,255.63431073079224,18.99599826583848,21.771585251650798
84,14,2.6710994000313804,0,467.0,5.8500000000000005,10,13.694623451077586,1.626169393448913,9.118179126489041,255.63431073079224,18.99599826583848,21.771585251650798
84,28,0.8368881000205874,0,299.0,3.75,4,13.694623451077586,1.626169393448913,9.118179126489041,255.63431073079224,18.99599826583848,21.771585251650798
84,20,2.075560199911706,0,291.0,3.6500000000000004,0,13.694623451077586,1.626169393448913,9.118179126489041,255.63431073079224,18.99599826583848,21.771585251650798
84,15,2.9353848999598995,0,363.0,4.55,10,13.694623451077586,1.626169393448913,9.118179126489041,255.63431073079224,18.99599826583848,21.771585251650798
84,21,2.2704461000394076,0,271.0,3.4000000000000004,13,13.694623451077586,1.626169393448913,9.118179126489041,255.63431073079224,18.99599826583848,21.771585251650798
84,29,1.2321823999518529,0,279.0,3.5,1,13.694623451077586,1.626169393448913,9.118179126489041,255.63431073079224,18.99599826583848,21.771585251650798
84,26,1.7149399999761954,0,267.0,3.35,10,13.694623451077586,1.626169393448913,9.118179126489041,255.63431073079224,18.99599826583848,21.771585251650798
84,16,3.3334697999525815,0,331.0,4.2,6,13.694623451077586,1.626169393448913,9.118179126489041,255.63431073079224,18.99599826583848,21.771585251650798
84,24,2.2218733000336215,0,370.0,4.65,0,13.694623451077586,1.626169393448913,9.118179126489041,255.63431073079224,18.99599826583848,21.771585251650798
84,27,1.7288053999654949,0,331.0,4.15,2,13.694623451077586,1.626169393448913,9.118179126489041,255.63431073079224,18.99599826583848,21.771585251650798
84,6,4.018246099934913,0,415.0,5.2,13,13.694623451077586,1.626169393448913,9.118179126489041,255.63431073079224,18.99599826583848,21.771585251650798
85,5,0.25401869998313487,0,255.0,3.2,0,12.268303918715798,4.182430362906189,9.33401198520473,266.5159723751021,0.9043734021237881,0.7910092349175601
85,3,0.5777649999363348,0,283.0,3.5500000000000003,2,12.268303918715798,4.182430362906189,9.33401198520473,266.5159723751021,0.9043734021237881,0.7910092349175601
85,1,0.8306336000096053,0,243.0,3.0500000000000003,3,12.268303918715798,4.182430362906189,9.33401198520473,266.5159723751021,0.9043734021237881,0.7910092349175601
85,19,0.5818239999935031,0,239.0,3.0,0,12.268303918715798,4.182430362906189,9.33401198520473,266.5159723751021,0.9043734021237881,0.7910092349175601
85,2,0.8870361000299454,0,259.0,3.25,6,12.268303918715798,4.182430362906189,9.33401198520473,266.5159723751021,0.9043734021237881,0.7910092349175601
85,0,0.9792578999185935,0,267.0,3.35,4,12.268303918715798,4.182430362906189,9.33401198520473,266.5159723751021,0.9043734021237881,0.7910092349175601
85,9,1.0496806999435648,0,255.0,3.2,2,12.268303918715798,4.182430362906189,9.33401198520473,266.5159723751021,0.9043734021237881,0.7910092349175601
85,7,1.1326055000536144,0,279.0,3.5,8,12.268303918715798,4.182430362906189,9.33401198520473,266.5159723751021,0.9043734021237881,0.7910092349175601
85,18,1.1130788000300527,0,291.0,3.6500000000000004,0,12.268303918715798,4.182430362906189,9.33401198520473,266.5159723751021,0.9043734021237881,0.7910092349175601
85,14,1.8326672000112012,0,319.0,4.0,5,12.268303918715798,4.182430362906189,9.33401198520473,266.5159723751021,0.9043734021237881,0.7910092349175601
85,12,1.9364941000239924,0,283.0,3.5500000000000003,9,12.268303918715798,4.182430362906189,9.33401198520473,266.5159723751021,0.9043734021237881,0.7910092349175601
85,11,1.992536999983713,0,291.0,3.6500000000000004,14,12.268303918715798,4.182430362906189,9.33401198520473,266.5159723751021,0.9043734021237881,0.7910092349175601
85,4,2.024600000004284,0,287.0,3.6,10,12.268303918715798,4.182430362906189,9.33401198520473,266.5159723751021,0.9043734021237881,0.7910092349175601
85,24,1.1063880999572575,0,314.0,3.95,1,12.268303918715798,4.182430362906189,9.33401198520473,266.5159723751021,0.9043734021237881,0.7910092349175601
85,17,2.1282612000359222,0,327.0,4.1000000000000005,3,12.268303918715798,4.182430362906189,9.33401198520473,266.5159723751021,0.9043734021237881,0.7910092349175601
85,8,2.3851200999924913,0,295.0,3.7,10,12.268303918715798,4.182430362906189,9.33401198520473,266.5159723751021,0.9043734021237881,0.7910092349175601
85,10,2.438389000017196,0,291.0,3.6500000000000004,4,12.268303918715798,4.182430362906189,9.33401198520473,266.5159723751021,0.9043734021237881,0.7910092349175601
85,25,1.5461831000866368,0,287.0,3.6,4,12.268303918715798,4.182430362906189,9.33401198520473,266.5159723751021,0.9043734021237881,0.7910092349175601
85,28,1.0278090999927372,0,303.0,3.8000000000000003,5,12.268303918715798,4.182430362906189,9.33401198520473,266.5159723751021,0.9043734021237881,0.7910092349175601
85,20,2.290512799983844,0,311.0,3.9000000000000004,1,12.268303918715798,4.182430362906189,9.33401198520473,266.5159723751021,0.9043734021237881,0.7910092349175601
85,27,1.6968990999739617,0,307.0,3.85,2,12.268303918715798,4.182430362906189,9.33401198520473,266.5159723751021,0.9043734021237881,0.7910092349175601
85,26,1.9802403000649065,0,275.0,3.45,10,12.268303918715798,4.182430362906189,9.33401198520473,266.5159723751021,0.9043734021237881,0.7910092349175601
85,21,2.480191700044088,0,295.0,3.7,15,12.268303918715798,4.182430362906189,9.33401198520473,266.5159723751021,0.9043734021237881,0.7910092349175601
85,13,3.3390910000307485,0,731.0,9.15,13,12.268303918715798,4.182430362906189,9.33401198520473,266.5159723751021,0.9043734021237881,0.7910092349175601
85,29,1.71552349999547,0,299.0,3.75,14,12.268303918715798,4.182430362906189,9.33401198520473,266.5159723751021,0.9043734021237881,0.7910092349175601
85,16,3.6911409999011084,0,421.0,5.45,2,12.268303918715798,4.182430362906189,9.33401198520473,266.5159723751021,0.9043734021237881,0.7910092349175601
85,22,2.9630070000421256,0,683.0,8.55,9,12.268303918715798,4.182430362906189,9.33401198520473,266.5159723751021,0.9043734021237881,0.7910092349175601
85,15,4.032398200011812,0,371.0,4.65,13,12.268303918715798,4.182430362906189,9.33401198520473,266.5159723751021,0.9043734021237881,0.7910092349175601
85,6,6.654628399992362,0,859.0,10.75,6,12.268303918715798,4.182430362906189,9.33401198520473,266.5159723751021,0.9043734021237881,0.7910092349175601
85,23,6.6484991000033915,0,898.0,11.950000000000001,9,12.268303918715798,4.182430362906189,9.33401198520473,266.5159723751021,0.9043734021237881,0.7910092349175601
86,5,0.17123340000398457,0,255.0,3.2,0,7.5292673375609915,8.105533307818328,9.87403368021795,87.60422277588205,11.882614307042703,11.426725698930646
86,0,0.6605709999566898,0,263.0,3.3000000000000003,4,7.5292673375609915,8.105533307818328,9.87403368021795,87.60422277588205,11.882614307042703,11.426725698930646
86,19,0.619707600097172,0,239.0,3.0,0,7.5292673375609915,8.105533307818328,9.87403368021795,87.60422277588205,11.882614307042703,11.426725698930646
86,2,0.859349999926053,0,259.0,3.25,6,7.5292673375609915,8.105533307818328,9.87403368021795,87.60422277588205,11.882614307042703,11.426725698930646
86,3,0.8534225999610499,0,283.0,3.5500000000000003,2,7.5292673375609915,8.105533307818328,9.87403368021795,87.60422277588205,11.882614307042703,11.426725698930646
86,1,0.831008999957703,0,243.0,3.0500000000000003,3,7.5292673375609915,8.105533307818328,9.87403368021795,87.60422277588205,11.882614307042703,11.426725698930646
86,9,1.1683311999076977,0,255.0,3.2,2,7.5292673375609915,8.105533307818328,9.87403368021795,87.60422277588205,11.882614307042703,11.426725698930646
86,7,1.4203015000093728,0,283.0,3.5500000000000003,4,7.5292673375609915,8.105533307818328,9.87403368021795,87.60422277588205,11.882614307042703,11.426725698930646
86,15,1.4995960000669584,0,259.0,3.25,9,7.5292673375609915,8.105533307818328,9.87403368021795,87.60422277588205,11.882614307042703,11.426725698930646
86,6,1.5956423999741673,0,299.0,3.75,6,7.5292673375609915,8.105533307818328,9.87403368021795,87.60422277588205,11.882614307042703,11.426725698930646
86,17,1.6559394999640062,0,323.0,4.05,0,7.5292673375609915,8.105533307818328,9.87403368021795,87.60422277588205,11.882614307042703,11.426725698930646
86,12,1.8379695999901742,0,295.0,3.7,9,7.5292673375609915,8.105533307818328,9.87403368021795,87.60422277588205,11.882614307042703,11.426725698930646
86,23,0.9726358000189066,0,251.0,3.1500000000000004,0,7.5292673375609915,8.105533307818328,9.87403368021795,87.60422277588205,11.882614307042703,11.426725698930646
86,11,1.9332900000736117,0,275.0,3.45,11,7.5292673375609915,8.105533307818328,9.87403368021795,87.60422277588205,11.882614307042703,11.426725698930646
86,4,2.0814982999581844,0,263.0,3.3000000000000003,13,7.5292673375609915,8.105533307818328,9.87403368021795,87.60422277588205,11.882614307042703,11.426725698930646
86,8,2.141425000037998,0,295.0,3.7,10,7.5292673375609915,8.105533307818328,9.87403368021795,87.60422277588205,11.882614307042703,11.426725698930646
86,18,2.154962099972181,0,307.0,3.85,2,7.5292673375609915,8.105533307818328,9.87403368021795,87.60422277588205,11.882614307042703,11.426725698930646
86,22,1.5232052999781445,0,571.0,7.15,5,7.5292673375609915,8.105533307818328,9.87403368021795,87.60422277588205,11.882614307042703,11.426725698930646
86,25,1.3985518999397755,0,275.0,3.45,2,7.5292673375609915,8.105533307818328,9.87403368021795,87.60422277588205,11.882614307042703,11.426725698930646
86,28,1.0367251998977736,0,299.0,3.75,4,7.5292673375609915,8.105533307818328,9.87403368021795,87.60422277588205,11.882614307042703,11.426725698930646
86,26,1.3676279000937939,0,247.0,3.1,7,7.5292673375609915,8.105533307818328,9.87403368021795,87.60422277588205,11.882614307042703,11.426725698930646
86,13,2.8967706999974325,0,483.0,6.050000000000001,9,7.5292673375609915,8.105533307818328,9.87403368021795,87.60422277588205,11.882614307042703,11.426725698930646
86,10,2.931132600060664,0,335.0,4.2,6,7.5292673375609915,8.105533307818328,9.87403368021795,87.60422277588205,11.882614307042703,11.426725698930646
86,14,3.0810566999716684,0,491.0,6.15,11,7.5292673375609915,8.105533307818328,9.87403368021795,87.60422277588205,11.882614307042703,11.426725698930646
86,20,2.50500160001684,0,325.0,4.1000000000000005,1,7.5292673375609915,8.105533307818328,9.87403368021795,87.60422277588205,11.882614307042703,11.426725698930646
86,27,1.8419393999502063,0,331.0,4.15,2,7.5292673375609915,8.105533307818328,9.87403368021795,87.60422277588205,11.882614307042703,11.426725698930646
86,29,1.767461400013417,0,299.0,3.75,14,7.5292673375609915,8.105533307818328,9.87403368021795,87.60422277588205,11.882614307042703,11.426725698930646
86,24,2.9611151000717655,0,436.0,5.5,0,7.5292673375609915,8.105533307818328,9.87403368021795,87.60422277588205,11.882614307042703,11.426725698930646
86,21,3.5261183999245986,0,415.0,5.2,11,7.5292673375609915,8.105533307818328,9.87403368021795,87.60422277588205,11.882614307042703,11.426725698930646
86,16,44.11214199999813,1,5000.0,69.9,0,7.5292673375609915,8.105533307818328,9.87403368021795,87.60422277588205,11.882614307042703,11.426725698930646
87,5,0.17505919991526753,0,255.0,3.2,0,19.398287956292066,8.421189231357086,8.399454176640266,167.17328994874256,8.296390046753304,8.202212157921187
87,3,0.6004619000013918,0,283.0,3.5500000000000003,2,19.398287956292066,8.421189231357086,8.399454176640266,167.17328994874256,8.296390046753304,8.202212157921187
87,0,0.6203135999385267,0,263.0,3.3000000000000003,4,19.398287956292066,8.421189231357086,8.399454176640266,167.17328994874256,8.296390046753304,8.202212157921187
87,19,0.5054798000492156,0,239.0,3.0,0,19.398287956292066,8.421189231357086,8.399454176640266,167.17328994874256,8.296390046753304,8.202212157921187
87,1,1.034623600076884,0,243.0,3.0500000000000003,3,19.398287956292066,8.421189231357086,8.399454176640266,167.17328994874256,8.296390046753304,8.202212157921187
87,9,1.113409399986267,0,255.0,3.2,2,19.398287956292066,8.421189231357086,8.399454176640266,167.17328994874256,8.296390046753304,8.202212157921187
87,2,1.1199485999532044,0,259.0,3.25,6,19.398287956292066,8.421189231357086,8.399454176640266,167.17328994874256,8.296390046753304,8.202212157921187
87,7,1.3601718000136316,0,279.0,3.5,8,19.398287956292066,8.421189231357086,8.399454176640266,167.17328994874256,8.296390046753304,8.202212157921187
87,17,1.3970926000038162,0,331.0,4.15,1,19.398287956292066,8.421189231357086,8.399454176640266,167.17328994874256,8.296390046753304,8.202212157921187
87,18,1.475108899991028,0,299.0,3.75,4,19.398287956292066,8.421189231357086,8.399454176640266,167.17328994874256,8.296390046753304,8.202212157921187
87,12,1.4763941999990493,0,283.0,3.5500000000000003,4,19.398287956292066,8.421189231357086,8.399454176640266,167.17328994874256,8.296390046753304,8.202212157921187
87,15,1.904072399949655,0,251.0,3.1500000000000004,11,19.398287956292066,8.421189231357086,8.399454176640266,167.17328994874256,8.296390046753304,8.202212157921187
87,14,1.9425748001085594,0,319.0,4.0,5,19.398287956292066,8.421189231357086,8.399454176640266,167.17328994874256,8.296390046753304,8.202212157921187
87,4,2.031459099962376,0,271.0,3.4000000000000004,12,19.398287956292066,8.421189231357086,8.399454176640266,167.17328994874256,8.296390046753304,8.202212157921187
87,6,2.0461561999982223,0,295.0,3.7,6,19.398287956292066,8.421189231357086,8.399454176640266,167.17328994874256,8.296390046753304,8.202212157921187
87,8,2.0810610000044107,0,331.0,4.15,15,19.398287956292066,8.421189231357086,8.399454176640266,167.17328994874256,8.296390046753304,8.202212157921187
87,22,1.5656853000400588,0,579.0,7.25,7,19.398287956292066,8.421189231357086,8.399454176640266,167.17328994874256,8.296390046753304,8.202212157921187
87,11,2.297288000001572,0,299.0,3.75,11,19.398287956292066,8.421189231357086,8.399454176640266,167.17328994874256,8.296390046753304,8.202212157921187
87,25,1.2477661999873817,0,279.0,3.5,2,19.398287956292066,8.421189231357086,8.399454176640266,167.17328994874256,8.296390046753304,8.202212157921187
87,24,1.3269122999627143,0,314.0,3.95,1,19.398287956292066,8.421189231357086,8.399454176640266,167.17328994874256,8.296390046753304,8.202212157921187
87,28,1.2026495999889448,0,303.0,3.8000000000000003,5,19.398287956292066,8.421189231357086,8.399454176640266,167.17328994874256,8.296390046753304,8.202212157921187
87,20,2.212086300016381,0,316.0,4.0,0,19.398287956292066,8.421189231357086,8.399454176640266,167.17328994874256,8.296390046753304,8.202212157921187
87,10,3.0400601000292227,0,299.0,3.75,9,19.398287956292066,8.421189231357086,8.399454176640266,167.17328994874256,8.296390046753304,8.202212157921187
87,26,1.7376512999180704,0,259.0,3.25,10,19.398287956292066,8.421189231357086,8.399454176640266,167.17328994874256,8.296390046753304,8.202212157921187
87,13,3.2033064999850467,0,507.0,6.3500000000000005,17,19.398287956292066,8.421189231357086,8.399454176640266,167.17328994874256,8.296390046753304,8.202212157921187
87,21,2.5956039000302553,0,307.0,3.85,13,19.398287956292066,8.421189231357086,8.399454176640266,167.17328994874256,8.296390046753304,8.202212157921187
87,29,1.6799544000532478,0,283.0,3.5500000000000003,14,19.398287956292066,8.421189231357086,8.399454176640266,167.17328994874256,8.296390046753304,8.202212157921187
87,27,1.965320499963127,0,331.0,4.15,9,19.398287956292066,8.421189231357086,8.399454176640266,167.17328994874256,8.296390046753304,8.202212157921187
87,23,3.9312510999152437,0,581.0,7.65,9,19.398287956292066,8.421189231357086,8.399454176640266,167.17328994874256,8.296390046753304,8.202212157921187
87,16,42.30413740000222,1,5003.0,70.55,6,19.398287956292066,8.421189231357086,8.399454176640266,167.17328994874256,8.296390046753304,8.202212157921187
88,5,0.2865870000096038,0,255.0,3.2,0,1.1275099330185423,8.647223762550531,8.147719990387769,299.92941832153264,19.93273674147811,16.662951168078823
88,0,0.49205020000226796,0,263.0,3.3000000000000003,0,1.1275099330185423,8.647223762550531,8.147719990387769,299.92941832153264,19.93273674147811,16.662951168078823
88,3,0.7331043999874964,0,283.0,3.5500000000000003,2,1.1275099330185423,8.647223762550531,8.147719990387769,299.92941832153264,19.93273674147811,16.662951168078823
88,19,0.4387550000101328,0,239.0,3.0,0,1.1275099330185423,8.647223762550531,8.147719990387769,299.92941832153264,19.93273674147811,16.662951168078823
88,18,0.9023344999877736,0,291.0,3.6500000000000004,0,1.1275099330185423,8.647223762550531,8.147719990387769,299.92941832153264,19.93273674147811,16.662951168078823
88,2,0.9978049999335781,0,259.0,3.25,6,1.1275099330185423,8.647223762550531,8.147719990387769,299.92941832153264,19.93273674147811,16.662951168078823
88,7,1.0429970000404865,0,287.0,3.6,0,1.1275099330185423,8.647223762550531,8.147719990387769,299.92941832153264,19.93273674147811,16.662951168078823
88,17,1.22510489996057,0,323.0,4.05,0,1.1275099330185423,8.647223762550531,8.147719990387769,299.92941832153264,19.93273674147811,16.662951168078823
88,9,1.3255406999960542,0,247.0,3.1,0,1.1275099330185423,8.647223762550531,8.147719990387769,299.92941832153264,19.93273674147811,16.662951168078823
88,1,1.372911100042984,0,243.0,3.0500000000000003,3,1.1275099330185423,8.647223762550531,8.147719990387769,299.92941832153264,19.93273674147811,16.662951168078823
88,12,1.437762700021267,0,287.0,3.6,1,1.1275099330185423,8.647223762550531,8.147719990387769,299.92941832153264,19.93273674147811,16.662951168078823
88,8,1.4628643998876214,0,359.0,4.5,4,1.1275099330185423,8.647223762550531,8.147719990387769,299.92941832153264,19.93273674147811,16.662951168078823
88,15,1.704751000041142,0,251.0,3.1500000000000004,11,1.1275099330185423,8.647223762550531,8.147719990387769,299.92941832153264,19.93273674147811,16.662951168078823
88,11,1.7233657001052052,0,279.0,3.5,11,1.1275099330185423,8.647223762550531,8.147719990387769,299.92941832153264,19.93273674147811,16.662951168078823
88,23,0.955838399939239,0,251.0,3.1500000000000004,0,1.1275099330185423,8.647223762550531,8.147719990387769,299.92941832153264,19.93273674147811,16.662951168078823
88,28,0.8115197999868542,0,287.0,3.6,0,1.1275099330185423,8.647223762550531,8.147719990387769,299.92941832153264,19.93273674147811,16.662951168078823
88,20,1.7072561000240967,0,286.0,3.6,0,1.1275099330185423,8.647223762550531,8.147719990387769,299.92941832153264,19.93273674147811,16.662951168078823
88,22,1.431773699936457,0,583.0,7.300000000000001,2,1.1275099330185423,8.647223762550531,8.147719990387769,299.92941832153264,19.93273674147811,16.662951168078823
88,25,1.1939548999071121,0,275.0,3.45,2,1.1275099330185423,8.647223762550531,8.147719990387769,299.92941832153264,19.93273674147811,16.662951168078823
88,13,2.2302619999973103,0,471.0,5.9,1,1.1275099330185423,8.647223762550531,8.147719990387769,299.92941832153264,19.93273674147811,16.662951168078823
88,10,2.293521400075406,0,311.0,3.9000000000000004,6,1.1275099330185423,8.647223762550531,8.147719990387769,299.92941832153264,19.93273674147811,16.662951168078823
88,4,2.294307200005278,0,263.0,3.3000000000000003,13,1.1275099330185423,8.647223762550531,8.147719990387769,299.92941832153264,19.93273674147811,16.662951168078823
88,26,1.3573117000050843,0,247.0,3.1,7,1.1275099330185423,8.647223762550531,8.147719990387769,299.92941832153264,19.93273674147811,16.662951168078823
88,6,2.690339299966581,0,327.0,4.1000000000000005,3,1.1275099330185423,8.647223762550531,8.147719990387769,299.92941832153264,19.93273674147811,16.662951168078823
88,29,1.6652010000543669,0,295.0,3.7,6,1.1275099330185423,8.647223762550531,8.147719990387769,299.92941832153264,19.93273674147811,16.662951168078823
88,27,1.8061635999474674,0,331.0,4.15,2,1.1275099330185423,8.647223762550531,8.147719990387769,299.92941832153264,19.93273674147811,16.662951168078823
88,24,2.475614700000733,0,419.0,5.300000000000001,0,1.1275099330185423,8.647223762550531,8.147719990387769,299.92941832153264,19.93273674147811,16.662951168078823
88,14,3.846922699944116,0,735.0,9.200000000000001,5,1.1275099330185423,8.647223762550531,8.147719990387769,299.92941832153264,19.93273674147811,16.662951168078823
88,16,3.9415758999530226,0,398.0,5.050000000000001,0,1.1275099330185423,8.647223762550531,8.147719990387769,299.92941832153264,19.93273674147811,16.662951168078823
88,21,3.362313500023447,0,407.0,5.1000000000000005,7,1.1275099330185423,8.647223762550531,8.147719990387769,299.92941832153264,19.93273674147811,16.662951168078823
89,5,0.22886639996431768,0,255.0,3.2,0,15.37974830361021,9.44765729882428,8.511509167706373,111.8370254357994,9.01088270620187,3.8747824545448495
89,3,0.6126499999081716,0,283.0,3.5500000000000003,2,15.37974830361021,9.44765729882428,8.511509167706373,111.8370254357994,9.01088270620187,3.8747824545448495
89,19,0.4224053000798449,0,239.0,3.0,0,15.37974830361021,9.44765729882428,8.511509167706373,111.8370254357994,9.01088270620187,3.8747824545448495
89,0,0.6907648999476805,0,267.0,3.35,4,15.37974830361021,9.44765729882428,8.511509167706373,111.8370254357994,9.01088270620187,3.8747824545448495
89,1,0.8667062999447808,0,243.0,3.0500000000000003,3,15.37974830361021,9.44765729882428,8.511509167706373,111.8370254357994,9.01088270620187,3.8747824545448495
89,2,0.9089767000405118,0,259.0,3.25,6,15.37974830361021,9.44765729882428,8.511509167706373,111.8370254357994,9.01088270620187,3.8747824545448495
89,7,1.1445838999934494,0,279.0,3.5,8,15.37974830361021,9.44765729882428,8.511509167706373,111.8370254357994,9.01088270620187,3.8747824545448495
89,17,1.2903825999237597,0,331.0,4.15,1,15.37974830361021,9.44765729882428,8.511509167706373,111.8370254357994,9.01088270620187,3.8747824545448495
89,12,1.3066391999600455,0,283.0,3.5500000000000003,4,15.37974830361021,9.44765729882428,8.511509167706373,111.8370254357994,9.01088270620187,3.8747824545448495
89,14,1.6021694000810385,0,319.0,4.0,5,15.37974830361021,9.44765729882428,8.511509167706373,111.8370254357994,9.01088270620187,3.8747824545448495
89,9,1.602709099999629,0,271.0,3.4000000000000004,6,15.37974830361021,9.44765729882428,8.511509167706373,111.8370254357994,9.01088270620187,3.8747824545448495
89,11,2.045434199972078,0,291.0,3.6500000000000004,14,15.37974830361021,9.44765729882428,8.511509167706373,111.8370254357994,9.01088270620187,3.8747824545448495
89,4,2.055241100024432,0,271.0,3.4000000000000004,9,15.37974830361021,9.44765729882428,8.511509167706373,111.8370254357994,9.01088270620187,3.8747824545448495
89,18,2.2907408999744803,0,307.0,3.85,10,15.37974830361021,9.44765729882428,8.511509167706373,111.8370254357994,9.01088270620187,3.8747824545448495
89,22,1.6609523999504745,0,579.0,7.25,9,15.37974830361021,9.44765729882428,8.511509167706373,111.8370254357994,9.01088270620187,3.8747824545448495
89,25,1.2365243000676855,0,295.0,3.7,4,15.37974830361021,9.44765729882428,8.511509167706373,111.8370254357994,9.01088270620187,3.8747824545448495
89,10,2.559867799980566,0,295.0,3.7,9,15.37974830361021,9.44765729882428,8.511509167706373,111.8370254357994,9.01088270620187,3.8747824545448495
89,28,1.1132521000690758,0,303.0,3.8000000000000003,5,15.37974830361021,9.44765729882428,8.511509167706373,111.8370254357994,9.01088270620187,3.8747824545448495
89,8,2.783423600019887,0,315.0,3.95,15,15.37974830361021,9.44765729882428,8.511509167706373,111.8370254357994,9.01088270620187,3.8747824545448495
89,24,1.9708455000072718,0,374.0,4.75,1,15.37974830361021,9.44765729882428,8.511509167706373,111.8370254357994,9.01088270620187,3.8747824545448495
89,21,2.292907000053674,0,303.0,3.8000000000000003,11,15.37974830361021,9.44765729882428,8.511509167706373,111.8370254357994,9.01088270620187,3.8747824545448495
89,15,2.972227100050077,0,351.0,4.4,14,15.37974830361021,9.44765729882428,8.511509167706373,111.8370254357994,9.01088270620187,3.8747824545448495
89,27,1.6714443999808282,0,303.0,3.8000000000000003,2,15.37974830361021,9.44765729882428,8.511509167706373,111.8370254357994,9.01088270620187,3.8747824545448495
89,20,2.422524399938993,0,316.0,4.0,0,15.37974830361021,9.44765729882428,8.511509167706373,111.8370254357994,9.01088270620187,3.8747824545448495
89,26,1.7751546999206766,0,275.0,3.45,10,15.37974830361021,9.44765729882428,8.511509167706373,111.8370254357994,9.01088270620187,3.8747824545448495
89,13,3.2645987999858335,0,507.0,6.3500000000000005,17,15.37974830361021,9.44765729882428,8.511509167706373,111.8370254357994,9.01088270620187,3.8747824545448495
89,29,1.6410106000257656,0,283.0,3.5500000000000003,14,15.37974830361021,9.44765729882428,8.511509167706373,111.8370254357994,9.01088270620187,3.8747824545448495
89,16,3.4751995000988245,0,433.0,5.65,7,15.37974830361021,9.44765729882428,8.511509167706373,111.8370254357994,9.01088270620187,3.8747824545448495
89,6,3.6627927999943495,0,415.0,5.2,13,15.37974830361021,9.44765729882428,8.511509167706373,111.8370254357994,9.01088270620187,3.8747824545448495
89,23,16.168657499947585,0,2010.0,27.0,9,15.37974830361021,9.44765729882428,8.511509167706373,111.8370254357994,9.01088270620187,3.8747824545448495
90,5,0.17022730002645403,0,255.0,3.2,0,19.081020545174447,6.0617463445088005,2.3635637744842812,217.92517110146417,12.362564809157917,10.744881540985215
90,3,0.6480319999391213,0,283.0,3.5500000000000003,2,19.081020545174447,6.0617463445088005,2.3635637744842812,217.92517110146417,12.362564809157917,10.744881540985215
90,1,0.7538003000663593,0,279.0,3.5,3,19.081020545174447,6.0617463445088005,2.3635637744842812,217.92517110146417,12.362564809157917,10.744881540985215
90,19,0.6030450999969617,0,243.0,3.0500000000000003,4,19.081020545174447,6.0617463445088005,2.3635637744842812,217.92517110146417,12.362564809157917,10.744881540985215
90,20,0.5474513000808656,0,215.0,2.7,0,19.081020545174447,6.0617463445088005,2.3635637744842812,217.92517110146417,12.362564809157917,10.744881540985215
90,17,1.3044829999562353,0,323.0,4.05,1,19.081020545174447,6.0617463445088005,2.3635637744842812,217.92517110146417,12.362564809157917,10.744881540985215
90,18,1.4421996000455692,0,295.0,3.7,4,19.081020545174447,6.0617463445088005,2.3635637744842812,217.92517110146417,12.362564809157917,10.744881540985215
90,7,1.4652841000352055,0,283.0,3.5500000000000003,7,19.081020545174447,6.0617463445088005,2.3635637744842812,217.92517110146417,12.362564809157917,10.744881540985215
90,14,1.4486673000501469,0,311.0,3.9000000000000004,5,19.081020545174447,6.0617463445088005,2.3635637744842812,217.92517110146417,12.362564809157917,10.744881540985215
90,2,1.649342400021851,0,279.0,3.5,10,19.081020545174447,6.0617463445088005,2.3635637744842812,217.92517110146417,12.362564809157917,10.744881540985215
90,0,2.003587400075048,0,303.0,3.8000000000000003,7,19.081020545174447,6.0617463445088005,2.3635637744842812,217.92517110146417,12.362564809157917,10.744881540985215
90,11,2.093118999968283,0,287.0,3.6,14,19.081020545174447,6.0617463445088005,2.3635637744842812,217.92517110146417,12.362564809157917,10.744881540985215
90,4,2.125929499976337,0,255.0,3.2,11,19.081020545174447,6.0617463445088005,2.3635637744842812,217.92517110146417,12.362564809157917,10.744881540985215
90,12,2.4182628000853583,0,295.0,3.7,11,19.081020545174447,6.0617463445088005,2.3635637744842812,217.92517110146417,12.362564809157917,10.744881540985215
90,22,1.668589099892415,0,579.0,7.25,7,19.081020545174447,6.0617463445088005,2.3635637744842812,217.92517110146417,12.362564809157917,10.744881540985215
90,25,1.1042822999879718,0,263.0,3.3000000000000003,2,19.081020545174447,6.0617463445088005,2.3635637744842812,217.92517110146417,12.362564809157917,10.744881540985215
90,24,1.3329557999968529,0,337.0,4.25,2,19.081020545174447,6.0617463445088005,2.3635637744842812,217.92517110146417,12.362564809157917,10.744881540985215
90,23,1.4477906000101939,0,265.0,3.35,9,19.081020545174447,6.0617463445088005,2.3635637744842812,217.92517110146417,12.362564809157917,10.744881540985215
90,15,2.6844154000282288,0,343.0,4.3,14,19.081020545174447,6.0617463445088005,2.3635637744842812,217.92517110146417,12.362564809157917,10.744881540985215
90,10,2.7117615999886766,0,299.0,3.75,9,19.081020545174447,6.0617463445088005,2.3635637744842812,217.92517110146417,12.362564809157917,10.744881540985215
90,28,1.0750910999486223,0,307.0,3.85,5,19.081020545174447,6.0617463445088005,2.3635637744842812,217.92517110146417,12.362564809157917,10.744881540985215
90,9,2.839976600022055,0,279.0,3.5,16,19.081020545174447,6.0617463445088005,2.3635637744842812,217.92517110146417,12.362564809157917,10.744881540985215
90,8,2.8971852000104263,0,327.0,4.1000000000000005,18,19.081020545174447,6.0617463445088005,2.3635637744842812,217.92517110146417,12.362564809157917,10.744881540985215
90,27,1.6225617999443784,0,303.0,3.8000000000000003,2,19.081020545174447,6.0617463445088005,2.3635637744842812,217.92517110146417,12.362564809157917,10.744881540985215
90,21,2.4095043999841437,0,287.0,3.6,15,19.081020545174447,6.0617463445088005,2.3635637744842812,217.92517110146417,12.362564809157917,10.744881540985215
90,13,3.2592489999951795,0,507.0,6.3500000000000005,17,19.081020545174447,6.0617463445088005,2.3635637744842812,217.92517110146417,12.362564809157917,10.744881540985215
90,26,1.8031407999806106,0,259.0,3.25,10,19.081020545174447,6.0617463445088005,2.3635637744842812,217.92517110146417,12.362564809157917,10.744881540985215
90,29,1.5912777000339702,0,287.0,3.6,14,19.081020545174447,6.0617463445088005,2.3635637744842812,217.92517110146417,12.362564809157917,10.744881540985215
90,16,3.711185500025749,0,359.0,4.65,6,19.081020545174447,6.0617463445088005,2.3635637744842812,217.92517110146417,12.362564809157917,10.744881540985215
90,6,3.758090000017546,0,415.0,5.2,13,19.081020545174447,6.0617463445088005,2.3635637744842812,217.92517110146417,12.362564809157917,10.744881540985215
91,5,0.2534019999438897,0,255.0,3.2,0,2.2711518439925804,6.715731955927996,5.251046238947554,243.07959793390984,10.403270022239868,25.565445009556203
91,0,0.5646072000963613,0,263.0,3.3000000000000003,4,2.2711518439925804,6.715731955927996,5.251046238947554,243.07959793390984,10.403270022239868,25.565445009556203
91,3,0.687142200069502,0,283.0,3.5500000000000003,2,2.2711518439925804,6.715731955927996,5.251046238947554,243.07959793390984,10.403270022239868,25.565445009556203
91,19,0.5182436000322923,0,239.0,3.0,0,2.2711518439925804,6.715731955927996,5.251046238947554,243.07959793390984,10.403270022239868,25.565445009556203
91,1,0.8372166000772268,0,243.0,3.0500000000000003,3,2.2711518439925804,6.715731955927996,5.251046238947554,243.07959793390984,10.403270022239868,25.565445009556203
91,7,1.064906100044027,0,279.0,3.5,0,2.2711518439925804,6.715731955927996,5.251046238947554,243.07959793390984,10.403270022239868,25.565445009556203
91,2,1.2510023000650108,0,259.0,3.25,6,2.2711518439925804,6.715731955927996,5.251046238947554,243.07959793390984,10.403270022239868,25.565445009556203
91,17,1.3058454000856727,0,323.0,4.05,0,2.2711518439925804,6.715731955927996,5.251046238947554,243.07959793390984,10.403270022239868,25.565445009556203
91,11,1.6556129000382498,0,279.0,3.5,11,2.2711518439925804,6.715731955927996,5.251046238947554,243.07959793390984,10.403270022239868,25.565445009556203
91,9,1.6606640999671072,0,247.0,3.1,0,2.2711518439925804,6.715731955927996,5.251046238947554,243.07959793390984,10.403270022239868,25.565445009556203
91,18,1.715085299918428,0,283.0,3.5500000000000003,6,2.2711518439925804,6.715731955927996,5.251046238947554,243.07959793390984,10.403270022239868,25.565445009556203
91,15,1.7387811000226066,0,259.0,3.25,5,2.2711518439925804,6.715731955927996,5.251046238947554,243.07959793390984,10.403270022239868,25.565445009556203
91,12,1.7763098999857903,0,295.0,3.7,6,2.2711518439925804,6.715731955927996,5.251046238947554,243.07959793390984,10.403270022239868,25.565445009556203
91,8,1.9936376999830827,0,359.0,4.5,9,2.2711518439925804,6.715731955927996,5.251046238947554,243.07959793390984,10.403270022239868,25.565445009556203
91,22,1.3741929000243545,0,579.0,7.25,5,2.2711518439925804,6.715731955927996,5.251046238947554,243.07959793390984,10.403270022239868,25.565445009556203
91,23,1.4396887999027967,0,259.0,3.25,0,2.2711518439925804,6.715731955927996,5.251046238947554,243.07959793390984,10.403270022239868,25.565445009556203
91,10,2.4357607000274584,0,311.0,3.9000000000000004,6,2.2711518439925804,6.715731955927996,5.251046238947554,243.07959793390984,10.403270022239868,25.565445009556203
91,25,1.244280300103128,0,275.0,3.45,2,2.2711518439925804,6.715731955927996,5.251046238947554,243.07959793390984,10.403270022239868,25.565445009556203
91,28,0.861841700039804,0,299.0,3.75,4,2.2711518439925804,6.715731955927996,5.251046238947554,243.07959793390984,10.403270022239868,25.565445009556203
91,14,2.6064804999623448,0,475.0,5.95,7,2.2711518439925804,6.715731955927996,5.251046238947554,243.07959793390984,10.403270022239868,25.565445009556203
91,26,1.2579129999503493,0,247.0,3.1,7,2.2711518439925804,6.715731955927996,5.251046238947554,243.07959793390984,10.403270022239868,25.565445009556203
91,13,2.7163055000128224,0,735.0,9.200000000000001,5,2.2711518439925804,6.715731955927996,5.251046238947554,243.07959793390984,10.403270022239868,25.565445009556203
91,21,2.006491499952972,0,267.0,3.35,4,2.2711518439925804,6.715731955927996,5.251046238947554,243.07959793390984,10.403270022239868,25.565445009556203
91,29,1.3482202000450343,0,275.0,3.45,13,2.2711518439925804,6.715731955927996,5.251046238947554,243.07959793390984,10.403270022239868,25.565445009556203
91,16,3.3489422999555245,0,349.0,4.4,0,2.2711518439925804,6.715731955927996,5.251046238947554,243.07959793390984,10.403270022239868,25.565445009556203
91,27,1.73332160001155,0,331.0,4.15,2,2.2711518439925804,6.715731955927996,5.251046238947554,243.07959793390984,10.403270022239868,25.565445009556203
91,24,4.112158800009638,0,544.0,6.8500000000000005,0,2.2711518439925804,6.715731955927996,5.251046238947554,243.07959793390984,10.403270022239868,25.565445009556203
91,4,36.62835399992764,1,5003.0,70.9,10,2.2711518439925804,6.715731955927996,5.251046238947554,243.07959793390984,10.403270022239868,25.565445009556203
91,20,38.157383600017056,1,5000.0,70.95,0,2.2711518439925804,6.715731955927996,5.251046238947554,243.07959793390984,10.403270022239868,25.565445009556203
91,6,39.386435899999924,1,5000.0,70.95,6,2.2711518439925804,6.715731955927996,5.251046238947554,243.07959793390984,10.403270022239868,25.565445009556203
92,5,0.19634540006518364,0,255.0,3.2,0,11.038136775489711,5.609379715353863,8.778870666317616,150.87071655309927,2.6803045690128147,0.8634802894001692
92,3,0.5929149000439793,0,283.0,3.5500000000000003,2,11.038136775489711,5.609379715353863,8.778870666317616,150.87071655309927,2.6803045690128147,0.8634802894001692
92,0,0.6830397000303492,0,263.0,3.3000000000000003,4,11.038136775489711,5.609379715353863,8.778870666317616,150.87071655309927,2.6803045690128147,0.8634802894001692
92,19,0.507622699951753,0,239.0,3.0,0,11.038136775489711,5.609379715353863,8.778870666317616,150.87071655309927,2.6803045690128147,0.8634802894001692
92,18,0.9548930999590084,0,291.0,3.6500000000000004,0,11.038136775489711,5.609379715353863,8.778870666317616,150.87071655309927,2.6803045690128147,0.8634802894001692
92,7,1.1238901000469923,0,279.0,3.5,8,11.038136775489711,5.609379715353863,8.778870666317616,150.87071655309927,2.6803045690128147,0.8634802894001692
92,9,1.3474607999669388,0,255.0,3.2,2,11.038136775489711,5.609379715353863,8.778870666317616,150.87071655309927,2.6803045690128147,0.8634802894001692
92,2,1.420345599995926,0,259.0,3.25,6,11.038136775489711,5.609379715353863,8.778870666317616,150.87071655309927,2.6803045690128147,0.8634802894001692
92,1,1.4805084998952225,0,243.0,3.0500000000000003,3,11.038136775489711,5.609379715353863,8.778870666317616,150.87071655309927,2.6803045690128147,0.8634802894001692
92,14,1.5791233000345528,0,319.0,4.0,5,11.038136775489711,5.609379715353863,8.778870666317616,150.87071655309927,2.6803045690128147,0.8634802894001692
92,17,1.6131949999835342,0,355.0,4.45,1,11.038136775489711,5.609379715353863,8.778870666317616,150.87071655309927,2.6803045690128147,0.8634802894001692
92,10,2.23899069998879,0,299.0,3.75,9,11.038136775489711,5.609379715353863,8.778870666317616,150.87071655309927,2.6803045690128147,0.8634802894001692
92,11,2.3740665999939665,0,299.0,3.75,11,11.038136775489711,5.609379715353863,8.778870666317616,150.87071655309927,2.6803045690128147,0.8634802894001692
92,8,2.390045700012706,0,355.0,4.45,15,11.038136775489711,5.609379715353863,8.778870666317616,150.87071655309927,2.6803045690128147,0.8634802894001692
92,24,1.47965530003421,0,314.0,3.95,1,11.038136775489711,5.609379715353863,8.778870666317616,150.87071655309927,2.6803045690128147,0.8634802894001692
92,15,2.7937273000134155,0,343.0,4.3,12,11.038136775489711,5.609379715353863,8.778870666317616,150.87071655309927,2.6803045690128147,0.8634802894001692
92,28,1.239665300003253,0,303.0,3.8000000000000003,5,11.038136775489711,5.609379715353863,8.778870666317616,150.87071655309927,2.6803045690128147,0.8634802894001692
92,25,1.492705599986948,0,287.0,3.6,4,11.038136775489711,5.609379715353863,8.778870666317616,150.87071655309927,2.6803045690128147,0.8634802894001692
92,27,1.6263754999963567,0,307.0,3.85,2,11.038136775489711,5.609379715353863,8.778870666317616,150.87071655309927,2.6803045690128147,0.8634802894001692
92,20,2.6067849000683054,0,329.0,4.15,1,11.038136775489711,5.609379715353863,8.778870666317616,150.87071655309927,2.6803045690128147,0.8634802894001692
92,21,2.546132600051351,0,295.0,3.7,15,11.038136775489711,5.609379715353863,8.778870666317616,150.87071655309927,2.6803045690128147,0.8634802894001692
92,13,3.2844627000158653,0,507.0,6.3500000000000005,17,11.038136775489711,5.609379715353863,8.778870666317616,150.87071655309927,2.6803045690128147,0.8634802894001692
92,26,2.2884327999781817,0,303.0,3.8000000000000003,10,11.038136775489711,5.609379715353863,8.778870666317616,150.87071655309927,2.6803045690128147,0.8634802894001692
92,29,2.063808900071308,0,299.0,3.75,14,11.038136775489711,5.609379715353863,8.778870666317616,150.87071655309927,2.6803045690128147,0.8634802894001692
92,22,2.9786706999875605,0,651.0,8.15,7,11.038136775489711,5.609379715353863,8.778870666317616,150.87071655309927,2.6803045690128147,0.8634802894001692
92,23,4.996778700035065,0,618.0,8.15,9,11.038136775489711,5.609379715353863,8.778870666317616,150.87071655309927,2.6803045690128147,0.8634802894001692
92,6,7.035655700019561,0,859.0,10.75,6,11.038136775489711,5.609379715353863,8.778870666317616,150.87071655309927,2.6803045690128147,0.8634802894001692
92,16,42.06290150003042,1,5003.0,70.95,6,11.038136775489711,5.609379715353863,8.778870666317616,150.87071655309927,2.6803045690128147,0.8634802894001692
92,12,43.98467030003667,1,5003.0,69.7,8,11.038136775489711,5.609379715353863,8.778870666317616,150.87071655309927,2.6803045690128147,0.8634802894001692
92,4,46.29464710003231,1,5001.0,69.2,14,11.038136775489711,5.609379715353863,8.778870666317616,150.87071655309927,2.6803045690128147,0.8634802894001692
93,5,0.1764297999907285,0,255.0,3.2,0,15.10274511347238,6.203095513534647,7.070389704182313,103.24104037722768,2.7274295117353953,0.43633997003645786
93,3,0.6077821999788284,0,283.0,3.5500000000000003,2,15.10274511347238,6.203095513534647,7.070389704182313,103.24104037722768,2.7274295117353953,0.43633997003645786
93,19,0.5648766000522301,0,239.0,3.0,0,15.10274511347238,6.203095513534647,7.070389704182313,103.24104037722768,2.7274295117353953,0.43633997003645786
93,0,0.8073586000828072,0,267.0,3.35,4,15.10274511347238,6.203095513534647,7.070389704182313,103.24104037722768,2.7274295117353953,0.43633997003645786
93,1,0.8722391999326646,0,243.0,3.0500000000000003,3,15.10274511347238,6.203095513534647,7.070389704182313,103.24104037722768,2.7274295117353953,0.43633997003645786
93,2,1.1615529999835417,0,259.0,3.25,6,15.10274511347238,6.203095513534647,7.070389704182313,103.24104037722768,2.7274295117353953,0.43633997003645786
93,14,1.3204438999528065,0,303.0,3.8000000000000003,5,15.10274511347238,6.203095513534647,7.070389704182313,103.24104037722768,2.7274295117353953,0.43633997003645786
93,15,1.6448112999787554,0,271.0,3.4000000000000004,11,15.10274511347238,6.203095513534647,7.070389704182313,103.24104037722768,2.7274295117353953,0.43633997003645786
93,17,1.789272400084883,0,355.0,4.45,1,15.10274511347238,6.203095513534647,7.070389704182313,103.24104037722768,2.7274295117353953,0.43633997003645786
93,7,1.802876300062053,0,279.0,3.5,8,15.10274511347238,6.203095513534647,7.070389704182313,103.24104037722768,2.7274295117353953,0.43633997003645786
93,12,1.9621248000767082,0,299.0,3.75,11,15.10274511347238,6.203095513534647,7.070389704182313,103.24104037722768,2.7274295117353953,0.43633997003645786
93,9,2.0525926999980584,0,275.0,3.45,6,15.10274511347238,6.203095513534647,7.070389704182313,103.24104037722768,2.7274295117353953,0.43633997003645786
93,10,2.30912079999689,0,283.0,3.5500000000000003,11,15.10274511347238,6.203095513534647,7.070389704182313,103.24104037722768,2.7274295117353953,0.43633997003645786
93,11,2.3338655000552535,0,291.0,3.6500000000000004,14,15.10274511347238,6.203095513534647,7.070389704182313,103.24104037722768,2.7274295117353953,0.43633997003645786
93,24,1.2014080999651924,0,314.0,3.95,1,15.10274511347238,6.203095513534647,7.070389704182313,103.24104037722768,2.7274295117353953,0.43633997003645786
93,25,1.1229749999474734,0,279.0,3.5,2,15.10274511347238,6.203095513534647,7.070389704182313,103.24104037722768,2.7274295117353953,0.43633997003645786
93,18,2.6846615000395104,0,327.0,4.1000000000000005,2,15.10274511347238,6.203095513534647,7.070389704182313,103.24104037722768,2.7274295117353953,0.43633997003645786
93,4,2.704501500003971,0,283.0,3.5500000000000003,13,15.10274511347238,6.203095513534647,7.070389704182313,103.24104037722768,2.7274295117353953,0.43633997003645786
93,20,2.1332989999791607,0,306.0,3.85,1,15.10274511347238,6.203095513534647,7.070389704182313,103.24104037722768,2.7274295117353953,0.43633997003645786
93,8,2.843166199978441,0,323.0,4.05,18,15.10274511347238,6.203095513534647,7.070389704182313,103.24104037722768,2.7274295117353953,0.43633997003645786
93,28,1.1411060000536963,0,303.0,3.8000000000000003,5,15.10274511347238,6.203095513534647,7.070389704182313,103.24104037722768,2.7274295117353953,0.43633997003645786
93,22,2.278868400026113,0,599.0,7.5,9,15.10274511347238,6.203095513534647,7.070389704182313,103.24104037722768,2.7274295117353953,0.43633997003645786
93,27,1.6183275999501348,0,303.0,3.8000000000000003,2,15.10274511347238,6.203095513534647,7.070389704182313,103.24104037722768,2.7274295117353953,0.43633997003645786
93,13,3.578239999944344,0,723.0,9.05,13,15.10274511347238,6.203095513534647,7.070389704182313,103.24104037722768,2.7274295117353953,0.43633997003645786
93,16,3.5796927999472246,0,389.0,5.050000000000001,7,15.10274511347238,6.203095513534647,7.070389704182313,103.24104037722768,2.7274295117353953,0.43633997003645786
93,21,2.854959600022994,0,311.0,3.9000000000000004,19,15.10274511347238,6.203095513534647,7.070389704182313,103.24104037722768,2.7274295117353953,0.43633997003645786
93,26,2.1880833000177518,0,303.0,3.8000000000000003,10,15.10274511347238,6.203095513534647,7.070389704182313,103.24104037722768,2.7274295117353953,0.43633997003645786
93,29,3.025166800012812,0,407.0,5.1000000000000005,15,15.10274511347238,6.203095513534647,7.070389704182313,103.24104037722768,2.7274295117353953,0.43633997003645786
93,6,6.8351342000532895,0,851.0,10.65,8,15.10274511347238,6.203095513534647,7.070389704182313,103.24104037722768,2.7274295117353953,0.43633997003645786
93,23,17.07452129991725,0,2010.0,27.0,9,15.10274511347238,6.203095513534647,7.070389704182313,103.24104037722768,2.7274295117353953,0.43633997003645786
94,5,0.17715200001839548,0,255.0,3.2,0,7.0117511761319395,5.899176868546331,3.98321604648735,159.36873050593226,18.083173889874967,10.447664010699011
94,3,0.5977944999467582,0,283.0,3.5500000000000003,2,7.0117511761319395,5.899176868546331,3.98321604648735,159.36873050593226,18.083173889874967,10.447664010699011
94,19,0.501765500055626,0,239.0,3.0,0,7.0117511761319395,5.899176868546331,3.98321604648735,159.36873050593226,18.083173889874967,10.447664010699011
94,1,0.8728309000143781,0,243.0,3.0500000000000003,3,7.0117511761319395,5.899176868546331,3.98321604648735,159.36873050593226,18.083173889874967,10.447664010699011
94,0,1.064759899978526,0,267.0,3.35,4,7.0117511761319395,5.899176868546331,3.98321604648735,159.36873050593226,18.083173889874967,10.447664010699011
94,15,1.1129939999664202,0,259.0,3.25,9,7.0117511761319395,5.899176868546331,3.98321604648735,159.36873050593226,18.083173889874967,10.447664010699011
94,7,1.152824699995108,0,279.0,3.5,8,7.0117511761319395,5.899176868546331,3.98321604648735,159.36873050593226,18.083173889874967,10.447664010699011
94,12,1.3221727999625728,0,283.0,3.5500000000000003,4,7.0117511761319395,5.899176868546331,3.98321604648735,159.36873050593226,18.083173889874967,10.447664010699011
94,9,1.3874665999319404,0,255.0,3.2,2,7.0117511761319395,5.899176868546331,3.98321604648735,159.36873050593226,18.083173889874967,10.447664010699011
94,2,1.4397055000299588,0,259.0,3.25,6,7.0117511761319395,5.899176868546331,3.98321604648735,159.36873050593226,18.083173889874967,10.447664010699011
94,17,1.461679800064303,0,323.0,4.05,1,7.0117511761319395,5.899176868546331,3.98321604648735,159.36873050593226,18.083173889874967,10.447664010699011
94,18,1.7370068000163883,0,307.0,3.85,2,7.0117511761319395,5.899176868546331,3.98321604648735,159.36873050593226,18.083173889874967,10.447664010699011
94,14,1.941532399971038,0,311.0,3.9000000000000004,4,7.0117511761319395,5.899176868546331,3.98321604648735,159.36873050593226,18.083173889874967,10.447664010699011
94,16,1.9690087999915704,0,260.0,3.3000000000000003,6,7.0117511761319395,5.899176868546331,3.98321604648735,159.36873050593226,18.083173889874967,10.447664010699011
94,23,0.8641084000701085,0,231.0,2.9000000000000004,0,7.0117511761319395,5.899176868546331,3.98321604648735,159.36873050593226,18.083173889874967,10.447664010699011
94,25,1.025735699920915,0,267.0,3.35,0,7.0117511761319395,5.899176868546331,3.98321604648735,159.36873050593226,18.083173889874967,10.447664010699011
94,11,2.288570100092329,0,299.0,3.75,11,7.0117511761319395,5.899176868546331,3.98321604648735,159.36873050593226,18.083173889874967,10.447664010699011
94,8,2.3091470000799745,0,359.0,4.5,13,7.0117511761319395,5.899176868546331,3.98321604648735,159.36873050593226,18.083173889874967,10.447664010699011
94,4,2.354228900047019,0,263.0,3.3000000000000003,13,7.0117511761319395,5.899176868546331,3.98321604648735,159.36873050593226,18.083173889874967,10.447664010699011
94,6,2.437720699934289,0,319.0,4.0,6,7.0117511761319395,5.899176868546331,3.98321604648735,159.36873050593226,18.083173889874967,10.447664010699011
94,22,1.607469900045544,0,579.0,7.25,4,7.0117511761319395,5.899176868546331,3.98321604648735,159.36873050593226,18.083173889874967,10.447664010699011
94,28,1.035569499945268,0,299.0,3.75,4,7.0117511761319395,5.899176868546331,3.98321604648735,159.36873050593226,18.083173889874967,10.447664010699011
94,13,2.7393687999574468,0,483.0,6.050000000000001,9,7.0117511761319395,5.899176868546331,3.98321604648735,159.36873050593226,18.083173889874967,10.447664010699011
94,21,2.0332274000393227,0,267.0,3.35,7,7.0117511761319395,5.899176868546331,3.98321604648735,159.36873050593226,18.083173889874967,10.447664010699011
94,10,2.785423499997705,0,295.0,3.7,9,7.0117511761319395,5.899176868546331,3.98321604648735,159.36873050593226,18.083173889874967,10.447664010699011
94,20,2.181205000029877,0,305.0,3.85,0,7.0117511761319395,5.899176868546331,3.98321604648735,159.36873050593226,18.083173889874967,10.447664010699011
94,29,1.4079542000545189,0,283.0,3.5500000000000003,13,7.0117511761319395,5.899176868546331,3.98321604648735,159.36873050593226,18.083173889874967,10.447664010699011
94,26,1.7020860998891294,0,267.0,3.35,8,7.0117511761319395,5.899176868546331,3.98321604648735,159.36873050593226,18.083173889874967,10.447664010699011
94,24,1.946448800037615,0,370.0,4.65,0,7.0117511761319395,5.899176868546331,3.98321604648735,159.36873050593226,18.083173889874967,10.447664010699011
94,27,1.815253600012511,0,331.0,4.15,2,7.0117511761319395,5.899176868546331,3.98321604648735,159.36873050593226,18.083173889874967,10.447664010699011
95,5,0.17416609998326749,0,255.0,3.2,0,10.279789783196216,7.8365301274114305,4.0257735449805745,205.52167505696838,17.247274174934905,28.485618709729263
95,3,0.6446500000311062,0,283.0,3.5500000000000003,2,10.279789783196216,7.8365301274114305,4.0257735449805745,205.52167505696838,17.247274174934905,28.485618709729263
95,19,0.4688183000544086,0,239.0,3.0,0,10.279789783196216,7.8365301274114305,4.0257735449805745,205.52167505696838,17.247274174934905,28.485618709729263
95,0,0.8818134000757709,0,263.0,3.3000000000000003,4,10.279789783196216,7.8365301274114305,4.0257735449805745,205.52167505696838,17.247274174934905,28.485618709729263
95,2,0.9909149999730289,0,259.0,3.25,6,10.279789783196216,7.8365301274114305,4.0257735449805745,205.52167505696838,17.247274174934905,28.485618709729263
95,16,1.1081891999347135,0,227.0,2.85,4,10.279789783196216,7.8365301274114305,4.0257735449805745,205.52167505696838,17.247274174934905,28.485618709729263
95,7,1.20264890010003,0,279.0,3.5,8,10.279789783196216,7.8365301274114305,4.0257735449805745,205.52167505696838,17.247274174934905,28.485618709729263
95,9,1.2064491999335587,0,247.0,3.1,0,10.279789783196216,7.8365301274114305,4.0257735449805745,205.52167505696838,17.247274174934905,28.485618709729263
95,17,1.286400300101377,0,327.0,4.1000000000000005,1,10.279789783196216,7.8365301274114305,4.0257735449805745,205.52167505696838,17.247274174934905,28.485618709729263
95,1,1.3067305999575183,0,243.0,3.0500000000000003,3,10.279789783196216,7.8365301274114305,4.0257735449805745,205.52167505696838,17.247274174934905,28.485618709729263
95,12,1.3865840999642387,0,283.0,3.5500000000000003,4,10.279789783196216,7.8365301274114305,4.0257735449805745,205.52167505696838,17.247274174934905,28.485618709729263
95,23,0.8041603999445215,0,231.0,2.9000000000000004,0,10.279789783196216,7.8365301274114305,4.0257735449805745,205.52167505696838,17.247274174934905,28.485618709729263
95,18,1.8780280000064522,0,307.0,3.85,2,10.279789783196216,7.8365301274114305,4.0257735449805745,205.52167505696838,17.247274174934905,28.485618709729263
95,8,1.9419500000076368,0,359.0,4.5,13,10.279789783196216,7.8365301274114305,4.0257735449805745,205.52167505696838,17.247274174934905,28.485618709729263
95,4,1.9995748000219464,0,259.0,3.25,13,10.279789783196216,7.8365301274114305,4.0257735449805745,205.52167505696838,17.247274174934905,28.485618709729263
95,15,2.0307018000166863,0,263.0,3.3000000000000003,13,10.279789783196216,7.8365301274114305,4.0257735449805745,205.52167505696838,17.247274174934905,28.485618709729263
95,25,0.9329118999885395,0,267.0,3.35,0,10.279789783196216,7.8365301274114305,4.0257735449805745,205.52167505696838,17.247274174934905,28.485618709729263
95,11,2.185630900086835,0,287.0,3.6,14,10.279789783196216,7.8365301274114305,4.0257735449805745,205.52167505696838,17.247274174934905,28.485618709729263
95,14,2.1945513000246137,0,319.0,4.0,5,10.279789783196216,7.8365301274114305,4.0257735449805745,205.52167505696838,17.247274174934905,28.485618709729263
95,6,2.2134684999473393,0,283.0,3.5500000000000003,8,10.279789783196216,7.8365301274114305,4.0257735449805745,205.52167505696838,17.247274174934905,28.485618709729263
95,28,0.9630713999504223,0,299.0,3.75,4,10.279789783196216,7.8365301274114305,4.0257735449805745,205.52167505696838,17.247274174934905,28.485618709729263
95,22,1.4267777000786737,0,579.0,7.25,7,10.279789783196216,7.8365301274114305,4.0257735449805745,205.52167505696838,17.247274174934905,28.485618709729263
95,10,2.393461799947545,0,275.0,3.45,9,10.279789783196216,7.8365301274114305,4.0257735449805745,205.52167505696838,17.247274174934905,28.485618709729263
95,13,2.42756240000017,0,483.0,6.050000000000001,9,10.279789783196216,7.8365301274114305,4.0257735449805745,205.52167505696838,17.247274174934905,28.485618709729263
95,21,1.8657018999801949,0,267.0,3.35,8,10.279789783196216,7.8365301274114305,4.0257735449805745,205.52167505696838,17.247274174934905,28.485618709729263
95,29,1.2879489000188187,0,267.0,3.35,10,10.279789783196216,7.8365301274114305,4.0257735449805745,205.52167505696838,17.247274174934905,28.485618709729263
95,24,1.665083600091748,0,355.0,4.45,0,10.279789783196216,7.8365301274114305,4.0257735449805745,205.52167505696838,17.247274174934905,28.485618709729263
95,26,1.6616430999711156,0,259.0,3.25,10,10.279789783196216,7.8365301274114305,4.0257735449805745,205.52167505696838,17.247274174934905,28.485618709729263
95,27,1.7590015000896528,0,331.0,4.15,2,10.279789783196216,7.8365301274114305,4.0257735449805745,205.52167505696838,17.247274174934905,28.485618709729263
95,20,34.57917559996713,1,5000.0,70.95,0,10.279789783196216,7.8365301274114305,4.0257735449805745,205.52167505696838,17.247274174934905,28.485618709729263
96,5,0.2533115999540314,0,255.0,3.2,0,2.9414696185807587,9.265876251614944,4.971951301487428,114.56109707473959,9.182715124765226,29.40097725856431
96,0,0.5401781999971718,0,263.0,3.3000000000000003,4,2.9414696185807587,9.265876251614944,4.971951301487428,114.56109707473959,9.182715124765226,29.40097725856431
96,3,0.5896574000362307,0,283.0,3.5500000000000003,2,2.9414696185807587,9.265876251614944,4.971951301487428,114.56109707473959,9.182715124765226,29.40097725856431
96,19,0.4178761999355629,0,239.0,3.0,0,2.9414696185807587,9.265876251614944,4.971951301487428,114.56109707473959,9.182715124765226,29.40097725856431
96,2,0.8693978000665084,0,259.0,3.25,6,2.9414696185807587,9.265876251614944,4.971951301487428,114.56109707473959,9.182715124765226,29.40097725856431
96,7,0.9950895999791101,0,271.0,3.4000000000000004,4,2.9414696185807587,9.265876251614944,4.971951301487428,114.56109707473959,9.182715124765226,29.40097725856431
96,17,1.0862916000187397,0,323.0,4.05,0,2.9414696185807587,9.265876251614944,4.971951301487428,114.56109707473959,9.182715124765226,29.40097725856431
96,1,1.364669399918057,0,243.0,3.0500000000000003,3,2.9414696185807587,9.265876251614944,4.971951301487428,114.56109707473959,9.182715124765226,29.40097725856431
96,14,1.5038061999948695,0,311.0,3.9000000000000004,4,2.9414696185807587,9.265876251614944,4.971951301487428,114.56109707473959,9.182715124765226,29.40097725856431
96,12,1.5843095999443904,0,295.0,3.7,6,2.9414696185807587,9.265876251614944,4.971951301487428,114.56109707473959,9.182715124765226,29.40097725856431
96,15,1.605674699996598,0,251.0,3.1500000000000004,11,2.9414696185807587,9.265876251614944,4.971951301487428,114.56109707473959,9.182715124765226,29.40097725856431
96,8,1.682769300066866,0,355.0,4.45,9,2.9414696185807587,9.265876251614944,4.971951301487428,114.56109707473959,9.182715124765226,29.40097725856431
96,18,1.6820139999035746,0,299.0,3.75,8,2.9414696185807587,9.265876251614944,4.971951301487428,114.56109707473959,9.182715124765226,29.40097725856431
96,9,1.712012100033462,0,251.0,3.1500000000000004,0,2.9414696185807587,9.265876251614944,4.971951301487428,114.56109707473959,9.182715124765226,29.40097725856431
96,11,1.7336340999463573,0,283.0,3.5500000000000003,11,2.9414696185807587,9.265876251614944,4.971951301487428,114.56109707473959,9.182715124765226,29.40097725856431
96,4,1.8353249999927357,0,263.0,3.3000000000000003,13,2.9414696185807587,9.265876251614944,4.971951301487428,114.56109707473959,9.182715124765226,29.40097725856431
96,22,1.2312780000502244,0,571.0,7.15,7,2.9414696185807587,9.265876251614944,4.971951301487428,114.56109707473959,9.182715124765226,29.40097725856431
96,23,1.2159985000034794,0,253.0,3.2,4,2.9414696185807587,9.265876251614944,4.971951301487428,114.56109707473959,9.182715124765226,29.40097725856431
96,6,2.0894740000367165,0,283.0,3.5500000000000003,6,2.9414696185807587,9.265876251614944,4.971951301487428,114.56109707473959,9.182715124765226,29.40097725856431
96,25,0.9932193000568077,0,267.0,3.35,0,2.9414696185807587,9.265876251614944,4.971951301487428,114.56109707473959,9.182715124765226,29.40097725856431
96,16,2.1339965000515804,0,287.0,3.6,0,2.9414696185807587,9.265876251614944,4.971951301487428,114.56109707473959,9.182715124765226,29.40097725856431
96,28,0.8009406999917701,0,299.0,3.75,4,2.9414696185807587,9.265876251614944,4.971951301487428,114.56109707473959,9.182715124765226,29.40097725856431
96,21,1.909816600033082,0,263.0,3.3000000000000003,11,2.9414696185807587,9.265876251614944,4.971951301487428,114.56109707473959,9.182715124765226,29.40097725856431
96,26,1.2273695999756455,0,247.0,3.1,7,2.9414696185807587,9.265876251614944,4.971951301487428,114.56109707473959,9.182715124765226,29.40097725856431
96,13,2.6158026000484824,0,735.0,9.200000000000001,5,2.9414696185807587,9.265876251614944,4.971951301487428,114.56109707473959,9.182715124765226,29.40097725856431
96,24,1.7244415000313893,0,355.0,4.45,0,2.9414696185807587,9.265876251614944,4.971951301487428,114.56109707473959,9.182715124765226,29.40097725856431
96,29,1.125046500004828,0,275.0,3.45,13,2.9414696185807587,9.265876251614944,4.971951301487428,114.56109707473959,9.182715124765226,29.40097725856431
96,27,1.5423447999637574,0,331.0,4.15,2,2.9414696185807587,9.265876251614944,4.971951301487428,114.56109707473959,9.182715124765226,29.40097725856431
96,10,4.327481099986471,0,487.0,6.1000000000000005,6,2.9414696185807587,9.265876251614944,4.971951301487428,114.56109707473959,9.182715124765226,29.40097725856431
96,20,33.56062619993463,1,5003.0,70.9,6,2.9414696185807587,9.265876251614944,4.971951301487428,114.56109707473959,9.182715124765226,29.40097725856431
97,5,0.24655919999349862,0,255.0,3.2,0,9.852361879857392,3.287516102875082,6.370668457735585,110.03640469454827,1.5172665621732784,3.8663916573194768
97,3,0.5743195998948067,0,283.0,3.5500000000000003,2,9.852361879857392,3.287516102875082,6.370668457735585,110.03640469454827,1.5172665621732784,3.8663916573194768
97,0,0.6714840000495315,0,267.0,3.35,4,9.852361879857392,3.287516102875082,6.370668457735585,110.03640469454827,1.5172665621732784,3.8663916573194768
97,19,0.40719020005781204,0,239.0,3.0,0,9.852361879857392,3.287516102875082,6.370668457735585,110.03640469454827,1.5172665621732784,3.8663916573194768
97,9,1.1517777999397367,0,255.0,3.2,2,9.852361879857392,3.287516102875082,6.370668457735585,110.03640469454827,1.5172665621732784,3.8663916573194768
97,7,1.1982210000278428,0,279.0,3.5,8,9.852361879857392,3.287516102875082,6.370668457735585,110.03640469454827,1.5172665621732784,3.8663916573194768
97,2,1.2853915999876335,0,259.0,3.25,6,9.852361879857392,3.287516102875082,6.370668457735585,110.03640469454827,1.5172665621732784,3.8663916573194768
97,6,1.2935001000296324,0,283.0,3.5500000000000003,6,9.852361879857392,3.287516102875082,6.370668457735585,110.03640469454827,1.5172665621732784,3.8663916573194768
97,1,1.3565180000150576,0,243.0,3.0500000000000003,3,9.852361879857392,3.287516102875082,6.370668457735585,110.03640469454827,1.5172665621732784,3.8663916573194768
97,17,1.3884067999897525,0,331.0,4.15,1,9.852361879857392,3.287516102875082,6.370668457735585,110.03640469454827,1.5172665621732784,3.8663916573194768
97,15,1.5044680000282824,0,275.0,3.45,11,9.852361879857392,3.287516102875082,6.370668457735585,110.03640469454827,1.5172665621732784,3.8663916573194768
97,12,1.5407680999487638,0,283.0,3.5500000000000003,9,9.852361879857392,3.287516102875082,6.370668457735585,110.03640469454827,1.5172665621732784,3.8663916573194768
97,14,1.5739051999989897,0,319.0,4.0,5,9.852361879857392,3.287516102875082,6.370668457735585,110.03640469454827,1.5172665621732784,3.8663916573194768
97,18,1.9697110999841243,0,291.0,3.6500000000000004,8,9.852361879857392,3.287516102875082,6.370668457735585,110.03640469454827,1.5172665621732784,3.8663916573194768
97,11,2.136507000075653,0,291.0,3.6500000000000004,14,9.852361879857392,3.287516102875082,6.370668457735585,110.03640469454827,1.5172665621732784,3.8663916573194768
97,8,2.167281800066121,0,371.0,4.65,13,9.852361879857392,3.287516102875082,6.370668457735585,110.03640469454827,1.5172665621732784,3.8663916573194768
97,24,1.1117235000710934,0,314.0,3.95,1,9.852361879857392,3.287516102875082,6.370668457735585,110.03640469454827,1.5172665621732784,3.8663916573194768
97,28,1.1021471000276506,0,303.0,3.8000000000000003,5,9.852361879857392,3.287516102875082,6.370668457735585,110.03640469454827,1.5172665621732784,3.8663916573194768
97,10,2.606693899957463,0,291.0,3.6500000000000004,9,9.852361879857392,3.287516102875082,6.370668457735585,110.03640469454827,1.5172665621732784,3.8663916573194768
97,25,1.308711399906315,0,287.0,3.6,4,9.852361879857392,3.287516102875082,6.370668457735585,110.03640469454827,1.5172665621732784,3.8663916573194768
97,20,2.181126300012693,0,311.0,3.9000000000000004,1,9.852361879857392,3.287516102875082,6.370668457735585,110.03640469454827,1.5172665621732784,3.8663916573194768
97,23,1.7610831999918446,0,296.0,3.75,9,9.852361879857392,3.287516102875082,6.370668457735585,110.03640469454827,1.5172665621732784,3.8663916573194768
97,21,2.2650030999211594,0,287.0,3.6,15,9.852361879857392,3.287516102875082,6.370668457735585,110.03640469454827,1.5172665621732784,3.8663916573194768
97,27,1.5662966999225318,0,303.0,3.8000000000000003,2,9.852361879857392,3.287516102875082,6.370668457735585,110.03640469454827,1.5172665621732784,3.8663916573194768
97,26,1.7033706000074744,0,267.0,3.35,10,9.852361879857392,3.287516102875082,6.370668457735585,110.03640469454827,1.5172665621732784,3.8663916573194768
97,4,3.1555574000813067,0,359.0,4.5,10,9.852361879857392,3.287516102875082,6.370668457735585,110.03640469454827,1.5172665621732784,3.8663916573194768
97,13,3.1808959000045434,0,723.0,9.05,13,9.852361879857392,3.287516102875082,6.370668457735585,110.03640469454827,1.5172665621732784,3.8663916573194768
97,22,2.5049342999700457,0,635.0,7.95,7,9.852361879857392,3.287516102875082,6.370668457735585,110.03640469454827,1.5172665621732784,3.8663916573194768
97,16,3.2034577999729663,0,397.0,5.15,6,9.852361879857392,3.287516102875082,6.370668457735585,110.03640469454827,1.5172665621732784,3.8663916573194768
97,29,1.8331278000259772,0,291.0,3.6500000000000004,14,9.852361879857392,3.287516102875082,6.370668457735585,110.03640469454827,1.5172665621732784,3.8663916573194768
98,5,0.1665499999653548,0,255.0,3.2,0,2.560916779155449,1.5190269351229435,1.4743890092291605,210.21868620080366,3.6376016879828965,10.370018499715897
98,0,0.5421768999658525,0,263.0,3.3000000000000003,4,2.560916779155449,1.5190269351229435,1.4743890092291605,210.21868620080366,3.6376016879828965,10.370018499715897
98,19,0.40656010003294796,0,239.0,3.0,0,2.560916779155449,1.5190269351229435,1.4743890092291605,210.21868620080366,3.6376016879828965,10.370018499715897
98,3,0.5886188999284059,0,283.0,3.5500000000000003,2,2.560916779155449,1.5190269351229435,1.4743890092291605,210.21868620080366,3.6376016879828965,10.370018499715897
98,1,0.8247902999864891,0,243.0,3.0500000000000003,3,2.560916779155449,1.5190269351229435,1.4743890092291605,210.21868620080366,3.6376016879828965,10.370018499715897
98,2,0.8443569000810385,0,259.0,3.25,6,2.560916779155449,1.5190269351229435,1.4743890092291605,210.21868620080366,3.6376016879828965,10.370018499715897
98,7,0.9343957999954,0,271.0,3.4000000000000004,4,2.560916779155449,1.5190269351229435,1.4743890092291605,210.21868620080366,3.6376016879828965,10.370018499715897
98,16,1.1814843999454752,0,234.0,2.95,4,2.560916779155449,1.5190269351229435,1.4743890092291605,210.21868620080366,3.6376016879828965,10.370018499715897
98,17,1.2186514999484643,0,323.0,4.05,1,2.560916779155449,1.5190269351229435,1.4743890092291605,210.21868620080366,3.6376016879828965,10.370018499715897
98,18,1.2346666998928413,0,283.0,3.5500000000000003,0,2.560916779155449,1.5190269351229435,1.4743890092291605,210.21868620080366,3.6376016879828965,10.370018499715897
98,14,1.4034135000547394,0,311.0,3.9000000000000004,4,2.560916779155449,1.5190269351229435,1.4743890092291605,210.21868620080366,3.6376016879828965,10.370018499715897
98,9,1.471095300046727,0,247.0,3.1,0,2.560916779155449,1.5190269351229435,1.4743890092291605,210.21868620080366,3.6376016879828965,10.370018499715897
98,15,1.5012470000656322,0,251.0,3.1500000000000004,11,2.560916779155449,1.5190269351229435,1.4743890092291605,210.21868620080366,3.6376016879828965,10.370018499715897
98,23,0.9452862000325695,0,231.0,2.9000000000000004,0,2.560916779155449,1.5190269351229435,1.4743890092291605,210.21868620080366,3.6376016879828965,10.370018499715897
98,8,1.783332800026983,0,359.0,4.5,13,2.560916779155449,1.5190269351229435,1.4743890092291605,210.21868620080366,3.6376016879828965,10.370018499715897
98,25,0.8411792000988498,0,267.0,3.35,0,2.560916779155449,1.5190269351229435,1.4743890092291605,210.21868620080366,3.6376016879828965,10.370018499715897
98,11,1.8582259999820963,0,287.0,3.6,14,2.560916779155449,1.5190269351229435,1.4743890092291605,210.21868620080366,3.6376016879828965,10.370018499715897
98,10,1.8668258000398055,0,279.0,3.5,9,2.560916779155449,1.5190269351229435,1.4743890092291605,210.21868620080366,3.6376016879828965,10.370018499715897
98,22,1.4017611000454053,0,579.0,7.25,7,2.560916779155449,1.5190269351229435,1.4743890092291605,210.21868620080366,3.6376016879828965,10.370018499715897
98,4,2.051924799918197,0,259.0,3.25,13,2.560916779155449,1.5190269351229435,1.4743890092291605,210.21868620080366,3.6376016879828965,10.370018499715897
98,28,0.8663829000433907,0,299.0,3.75,4,2.560916779155449,1.5190269351229435,1.4743890092291605,210.21868620080366,3.6376016879828965,10.370018499715897
98,26,1.1220591000746936,0,247.0,3.1,7,2.560916779155449,1.5190269351229435,1.4743890092291605,210.21868620080366,3.6376016879828965,10.370018499715897
98,29,1.241398400045,0,287.0,3.6,13,2.560916779155449,1.5190269351229435,1.4743890092291605,210.21868620080366,3.6376016879828965,10.370018499715897
98,13,2.657259300001897,0,491.0,6.15,12,2.560916779155449,1.5190269351229435,1.4743890092291605,210.21868620080366,3.6376016879828965,10.370018499715897
98,12,2.6745041999965906,0,487.0,6.1000000000000005,10,2.560916779155449,1.5190269351229435,1.4743890092291605,210.21868620080366,3.6376016879828965,10.370018499715897
98,21,2.123993800021708,0,279.0,3.5,8,2.560916779155449,1.5190269351229435,1.4743890092291605,210.21868620080366,3.6376016879828965,10.370018499715897
98,27,1.596761100110598,0,331.0,4.15,2,2.560916779155449,1.5190269351229435,1.4743890092291605,210.21868620080366,3.6376016879828965,10.370018499715897
98,24,3.0530362999998033,0,498.0,6.300000000000001,0,2.560916779155449,1.5190269351229435,1.4743890092291605,210.21868620080366,3.6376016879828965,10.370018499715897
98,20,3.6219889000058174,0,419.0,5.4,0,2.560916779155449,1.5190269351229435,1.4743890092291605,210.21868620080366,3.6376016879828965,10.370018499715897
98,6,26.05718020000495,3,2709.0,36.35,6,2.560916779155449,1.5190269351229435,1.4743890092291605,210.21868620080366,3.6376016879828965,10.370018499715897
99,5,0.2402120999759063,0,255.0,3.2,0,17.935768198120236,4.739616402628723,6.708821611358169,93.07996780040746,3.8457803761734155,1.226058487994366
99,3,0.5915453999768943,0,283.0,3.5500000000000003,2,17.935768198120236,4.739616402628723,6.708821611358169,93.07996780040746,3.8457803761734155,1.226058487994366
99,1,0.8687942000105977,0,243.0,3.0500000000000003,3,17.935768198120236,4.739616402628723,6.708821611358169,93.07996780040746,3.8457803761734155,1.226058487994366
99,19,0.7442546000238508,0,243.0,3.0500000000000003,4,17.935768198120236,4.739616402628723,6.708821611358169,93.07996780040746,3.8457803761734155,1.226058487994366
99,2,1.2619528999784961,0,259.0,3.25,6,17.935768198120236,4.739616402628723,6.708821611358169,93.07996780040746,3.8457803761734155,1.226058487994366
99,14,1.2887914000311866,0,303.0,3.8000000000000003,5,17.935768198120236,4.739616402628723,6.708821611358169,93.07996780040746,3.8457803761734155,1.226058487994366
99,7,1.3555213999934494,0,279.0,3.5,8,17.935768198120236,4.739616402628723,6.708821611358169,93.07996780040746,3.8457803761734155,1.226058487994366
99,0,1.4450954999774694,0,303.0,3.8000000000000003,8,17.935768198120236,4.739616402628723,6.708821611358169,93.07996780040746,3.8457803761734155,1.226058487994366
99,17,1.7140145999146625,0,335.0,4.2,1,17.935768198120236,4.739616402628723,6.708821611358169,93.07996780040746,3.8457803761734155,1.226058487994366
99,18,1.9542044999543577,0,331.0,4.15,4,17.935768198120236,4.739616402628723,6.708821611358169,93.07996780040746,3.8457803761734155,1.226058487994366
99,12,2.039440300082788,0,299.0,3.75,11,17.935768198120236,4.739616402628723,6.708821611358169,93.07996780040746,3.8457803761734155,1.226058487994366
99,9,2.136723499977961,0,291.0,3.6500000000000004,6,17.935768198120236,4.739616402628723,6.708821611358169,93.07996780040746,3.8457803761734155,1.226058487994366
99,11,2.31200490007177,0,291.0,3.6500000000000004,14,17.935768198120236,4.739616402628723,6.708821611358169,93.07996780040746,3.8457803761734155,1.226058487994366
99,10,2.3244145000353456,0,283.0,3.5500000000000003,11,17.935768198120236,4.739616402628723,6.708821611358169,93.07996780040746,3.8457803761734155,1.226058487994366
99,4,2.3263066998915747,0,283.0,3.5500000000000003,14,17.935768198120236,4.739616402628723,6.708821611358169,93.07996780040746,3.8457803761734155,1.226058487994366
99,24,1.1304297000169754,0,314.0,3.95,1,17.935768198120236,4.739616402628723,6.708821611358169,93.07996780040746,3.8457803761734155,1.226058487994366
99,25,1.076173699926585,0,279.0,3.5,2,17.935768198120236,4.739616402628723,6.708821611358169,93.07996780040746,3.8457803761734155,1.226058487994366
99,22,1.4538573999889195,0,579.0,7.25,7,17.935768198120236,4.739616402628723,6.708821611358169,93.07996780040746,3.8457803761734155,1.226058487994366
99,20,2.287383000017144,0,306.0,3.85,1,17.935768198120236,4.739616402628723,6.708821611358169,93.07996780040746,3.8457803761734155,1.226058487994366
99,21,2.0175940000917763,0,259.0,3.25,11,17.935768198120236,4.739616402628723,6.708821611358169,93.07996780040746,3.8457803761734155,1.226058487994366
99,8,3.009450600016862,0,323.0,4.05,18,17.935768198120236,4.739616402628723,6.708821611358169,93.07996780040746,3.8457803761734155,1.226058487994366
99,28,1.1004538000561297,0,303.0,3.8000000000000003,5,17.935768198120236,4.739616402628723,6.708821611358169,93.07996780040746,3.8457803761734155,1.226058487994366
99,27,1.611271100002341,0,303.0,3.8000000000000003,2,17.935768198120236,4.739616402628723,6.708821611358169,93.07996780040746,3.8457803761734155,1.226058487994366
99,13,3.433830299996771,0,723.0,9.05,13,17.935768198120236,4.739616402628723,6.708821611358169,93.07996780040746,3.8457803761734155,1.226058487994366
99,26,2.4231899000005797,0,279.0,3.5,10,17.935768198120236,4.739616402628723,6.708821611358169,93.07996780040746,3.8457803761734155,1.226058487994366
99,6,3.971067599952221,0,415.0,5.2,13,17.935768198120236,4.739616402628723,6.708821611358169,93.07996780040746,3.8457803761734155,1.226058487994366
99,15,4.122664900030941,0,371.0,4.65,13,17.935768198120236,4.739616402628723,6.708821611358169,93.07996780040746,3.8457803761734155,1.226058487994366
99,29,3.1566740000853315,0,407.0,5.1000000000000005,15,17.935768198120236,4.739616402628723,6.708821611358169,93.07996780040746,3.8457803761734155,1.226058487994366
99,23,4.320982099976391,0,569.0,7.45,13,17.935768198120236,4.739616402628723,6.708821611358169,93.07996780040746,3.8457803761734155,1.226058487994366
99,16,5.957794399932027,0,675.0,8.950000000000001,7,17.935768198120236,4.739616402628723,6.708821611358169,93.07996780040746,3.8457803761734155,1.226058487994366
