planner_type,candidate_id,seed,runtime_sec,failure_mode,total_cost,total_time,small_science_value,params
cross_entropy,0,0,1.9422833001008257,0,279.0,3.5,4,"{'horizon': 13, 'num_samples': 32, 'num_elites': 26, 'iterations': 4, 'smoothing': 0.7241144063085703}"
cross_entropy,0,1,6.068262999993749,0,355.0,4.45,1,"{'horizon': 13, 'num_samples': 32, 'num_elites': 26, 'iterations': 4, 'smoothing': 0.7241144063085703}"
cross_entropy,0,2,69.32409709994681,-1,1000000000.0,1000000000.0,0.0,"{'horizon': 13, 'num_samples': 32, 'num_elites': 26, 'iterations': 4, 'smoothing': 0.7241144063085703}"
cross_entropy,0,3,2.383620399981737,0,315.0,3.95,0,"{'horizon': 13, 'num_samples': 32, 'num_elites': 26, 'iterations': 4, 'smoothing': 0.7241144063085703}"
cross_entropy,0,4,7.286796299973503,0,319.0,4.0,9,"{'horizon': 13, 'num_samples': 32, 'num_elites': 26, 'iterations': 4, 'smoothing': 0.7241144063085703}"
cross_entropy,0,5,0.2317992999451235,0,255.0,3.2,0,"{'horizon': 13, 'num_samples': 32, 'num_elites': 26, 'iterations': 4, 'smoothing': 0.7241144063085703}"
cross_entropy,0,6,129.27288419997785,-1,1000000000.0,1000000000.0,0.0,"{'horizon': 13, 'num_samples': 32, 'num_elites': 26, 'iterations': 4, 'smoothing': 0.7241144063085703}"
cross_entropy,0,7,3.3031032000435516,0,318.0,4.0,6,"{'horizon': 13, 'num_samples': 32, 'num_elites': 26, 'iterations': 4, 'smoothing': 0.7241144063085703}"
cross_entropy,0,8,11.101148800109513,0,561.0,7.15,11,"{'horizon': 13, 'num_samples': 32, 'num_elites': 26, 'iterations': 4, 'smoothing': 0.7241144063085703}"
cross_entropy,0,9,7.911553499987349,0,387.0,5.0,2,"{'horizon': 13, 'num_samples': 32, 'num_elites': 26, 'iterations': 4, 'smoothing': 0.7241144063085703}"
cross_entropy,0,10,13.630680300062522,0,367.0,4.6000000000000005,2,"{'horizon': 13, 'num_samples': 32, 'num_elites': 26, 'iterations': 4, 'smoothing': 0.7241144063085703}"
cross_entropy,0,11,10.068299099919386,0,460.0,5.800000000000001,10,"{'horizon': 13, 'num_samples': 32, 'num_elites': 26, 'iterations': 4, 'smoothing': 0.7241144063085703}"
cross_entropy,0,12,3.544752200017683,0,359.0,4.5,6,"{'horizon': 13, 'num_samples': 32, 'num_elites': 26, 'iterations': 4, 'smoothing': 0.7241144063085703}"
cross_entropy,0,13,10.583662900025956,0,531.0,6.65,4,"{'horizon': 13, 'num_samples': 32, 'num_elites': 26, 'iterations': 4, 'smoothing': 0.7241144063085703}"
cross_entropy,0,14,3.3517233999446034,0,331.0,4.15,1,"{'horizon': 13, 'num_samples': 32, 'num_elites': 26, 'iterations': 4, 'smoothing': 0.7241144063085703}"
cross_entropy,0,15,9.576674400013871,0,471.0,5.9,8,"{'horizon': 13, 'num_samples': 32, 'num_elites': 26, 'iterations': 4, 'smoothing': 0.7241144063085703}"
cross_entropy,0,16,6.671037000021897,0,374.0,4.75,2,"{'horizon': 13, 'num_samples': 32, 'num_elites': 26, 'iterations': 4, 'smoothing': 0.7241144063085703}"
cross_entropy,0,17,2.0437599999131635,0,339.0,4.25,1,"{'horizon': 13, 'num_samples': 32, 'num_elites': 26, 'iterations': 4, 'smoothing': 0.7241144063085703}"
cross_entropy,0,18,188.9799511000747,-1,1000000000.0,1000000000.0,0.0,"{'horizon': 13, 'num_samples': 32, 'num_elites': 26, 'iterations': 4, 'smoothing': 0.7241144063085703}"
cross_entropy,0,19,2.02936570008751,0,287.0,3.6,0,"{'horizon': 13, 'num_samples': 32, 'num_elites': 26, 'iterations': 4, 'smoothing': 0.7241144063085703}"
cross_entropy,0,20,1.2053468999220058,0,243.0,3.0500000000000003,0,"{'horizon': 13, 'num_samples': 32, 'num_elites': 26, 'iterations': 4, 'smoothing': 0.7241144063085703}"
cross_entropy,0,21,8.172454700106755,0,467.0,5.8500000000000005,9,"{'horizon': 13, 'num_samples': 32, 'num_elites': 26, 'iterations': 4, 'smoothing': 0.7241144063085703}"
cross_entropy,0,22,3.762127200025134,0,603.0,7.550000000000001,2,"{'horizon': 13, 'num_samples': 32, 'num_elites': 26, 'iterations': 4, 'smoothing': 0.7241144063085703}"
cross_entropy,0,23,5.924834599951282,0,429.0,5.6000000000000005,4,"{'horizon': 13, 'num_samples': 32, 'num_elites': 26, 'iterations': 4, 'smoothing': 0.7241144063085703}"
cross_entropy,0,24,2.129418500000611,0,351.0,4.45,1,"{'horizon': 13, 'num_samples': 32, 'num_elites': 26, 'iterations': 4, 'smoothing': 0.7241144063085703}"
cross_entropy,0,25,1.4814349999651313,0,263.0,3.3000000000000003,0,"{'horizon': 13, 'num_samples': 32, 'num_elites': 26, 'iterations': 4, 'smoothing': 0.7241144063085703}"
cross_entropy,0,26,9.244926300016232,0,387.0,4.8500000000000005,7,"{'horizon': 13, 'num_samples': 32, 'num_elites': 26, 'iterations': 4, 'smoothing': 0.7241144063085703}"
cross_entropy,0,27,8.122504099970683,0,363.0,4.55,2,"{'horizon': 13, 'num_samples': 32, 'num_elites': 26, 'iterations': 4, 'smoothing': 0.7241144063085703}"
cross_entropy,0,28,4.680129799991846,0,463.0,5.800000000000001,4,"{'horizon': 13, 'num_samples': 32, 'num_elites': 26, 'iterations': 4, 'smoothing': 0.7241144063085703}"
cross_entropy,0,29,10.320204499992542,0,407.0,5.1000000000000005,8,"{'horizon': 13, 'num_samples': 32, 'num_elites': 26, 'iterations': 4, 'smoothing': 0.7241144063085703}"
cross_entropy,0,30,5.241141999955289,0,402.0,5.050000000000001,4,"{'horizon': 13, 'num_samples': 32, 'num_elites': 26, 'iterations': 4, 'smoothing': 0.7241144063085703}"
cross_entropy,0,31,8.545073100016452,0,403.0,5.15,9,"{'horizon': 13, 'num_samples': 32, 'num_elites': 26, 'iterations': 4, 'smoothing': 0.7241144063085703}"
cross_entropy,0,32,2.5004526999546215,0,347.0,4.3500000000000005,0,"{'horizon': 13, 'num_samples': 32, 'num_elites': 26, 'iterations': 4, 'smoothing': 0.7241144063085703}"
cross_entropy,0,33,12.038370899972506,0,567.0,7.1000000000000005,4,"{'horizon': 13, 'num_samples': 32, 'num_elites': 26, 'iterations': 4, 'smoothing': 0.7241144063085703}"
cross_entropy,0,34,5.256235899985768,0,303.0,3.8000000000000003,4,"{'horizon': 13, 'num_samples': 32, 'num_elites': 26, 'iterations': 4, 'smoothing': 0.7241144063085703}"
cross_entropy,0,35,4.587941900012083,0,311.0,3.9000000000000004,4,"{'horizon': 13, 'num_samples': 32, 'num_elites': 26, 'iterations': 4, 'smoothing': 0.7241144063085703}"
cross_entropy,0,36,1.9660612000152469,0,243.0,3.0500000000000003,0,"{'horizon': 13, 'num_samples': 32, 'num_elites': 26, 'iterations': 4, 'smoothing': 0.7241144063085703}"
cross_entropy,0,37,4.804904499906115,0,347.0,4.3500000000000005,4,"{'horizon': 13, 'num_samples': 32, 'num_elites': 26, 'iterations': 4, 'smoothing': 0.7241144063085703}"
cross_entropy,0,38,4.727890399983153,0,463.0,5.95,9,"{'horizon': 13, 'num_samples': 32, 'num_elites': 26, 'iterations': 4, 'smoothing': 0.7241144063085703}"
cross_entropy,0,39,10.013018200057559,0,439.0,5.5,10,"{'horizon': 13, 'num_samples': 32, 'num_elites': 26, 'iterations': 4, 'smoothing': 0.7241144063085703}"
cross_entropy,0,40,2.3901535000186414,0,319.0,4.0,0,"{'horizon': 13, 'num_samples': 32, 'num_elites': 26, 'iterations': 4, 'smoothing': 0.7241144063085703}"
cross_entropy,0,41,1.8643828999483958,0,251.0,3.1500000000000004,1,"{'horizon': 13, 'num_samples': 32, 'num_elites': 26, 'iterations': 4, 'smoothing': 0.7241144063085703}"
cross_entropy,0,42,1.4895015000365674,0,299.0,3.75,0,"{'horizon': 13, 'num_samples': 32, 'num_elites': 26, 'iterations': 4, 'smoothing': 0.7241144063085703}"
cross_entropy,0,43,2.2340545000042766,0,263.0,3.3000000000000003,0,"{'horizon': 13, 'num_samples': 32, 'num_elites': 26, 'iterations': 4, 'smoothing': 0.7241144063085703}"
cross_entropy,0,44,7.910513199982233,0,359.0,4.5,10,"{'horizon': 13, 'num_samples': 32, 'num_elites': 26, 'iterations': 4, 'smoothing': 0.7241144063085703}"
cross_entropy,0,45,11.740151700098068,0,512.0,6.45,4,"{'horizon': 13, 'num_samples': 32, 'num_elites': 26, 'iterations': 4, 'smoothing': 0.7241144063085703}"
cross_entropy,0,46,28.178276600083336,0,1027.0,12.850000000000001,13,"{'horizon': 13, 'num_samples': 32, 'num_elites': 26, 'iterations': 4, 'smoothing': 0.7241144063085703}"
cross_entropy,0,47,8.087226299918257,0,451.0,5.65,0,"{'horizon': 13, 'num_samples': 32, 'num_elites': 26, 'iterations': 4, 'smoothing': 0.7241144063085703}"
cross_entropy,0,48,4.9705923000583425,0,339.0,4.25,1,"{'horizon': 13, 'num_samples': 32, 'num_elites': 26, 'iterations': 4, 'smoothing': 0.7241144063085703}"
cross_entropy,0,49,2.671942999935709,0,279.0,3.5,0,"{'horizon': 13, 'num_samples': 32, 'num_elites': 26, 'iterations': 4, 'smoothing': 0.7241144063085703}"
cross_entropy,0,50,4.427436700090766,0,423.0,5.300000000000001,0,"{'horizon': 13, 'num_samples': 32, 'num_elites': 26, 'iterations': 4, 'smoothing': 0.7241144063085703}"
cross_entropy,0,51,3.365221899934113,0,395.0,4.95,0,"{'horizon': 13, 'num_samples': 32, 'num_elites': 26, 'iterations': 4, 'smoothing': 0.7241144063085703}"
cross_entropy,0,52,6.831263800035231,0,355.0,4.45,1,"{'horizon': 13, 'num_samples': 32, 'num_elites': 26, 'iterations': 4, 'smoothing': 0.7241144063085703}"
cross_entropy,0,53,3.6630551000125706,0,275.0,3.45,0,"{'horizon': 13, 'num_samples': 32, 'num_elites': 26, 'iterations': 4, 'smoothing': 0.7241144063085703}"
cross_entropy,0,54,6.342398199951276,0,499.0,6.25,1,"{'horizon': 13, 'num_samples': 32, 'num_elites': 26, 'iterations': 4, 'smoothing': 0.7241144063085703}"
cross_entropy,0,55,3.893950599944219,0,391.0,4.9,5,"{'horizon': 13, 'num_samples': 32, 'num_elites': 26, 'iterations': 4, 'smoothing': 0.7241144063085703}"
cross_entropy,0,56,4.294544999953359,0,371.0,4.65,8,"{'horizon': 13, 'num_samples': 32, 'num_elites': 26, 'iterations': 4, 'smoothing': 0.7241144063085703}"
cross_entropy,0,57,2.3773128000320867,0,279.0,3.5,3,"{'horizon': 13, 'num_samples': 32, 'num_elites': 26, 'iterations': 4, 'smoothing': 0.7241144063085703}"
cross_entropy,0,58,3.3387037999927998,0,319.0,4.0,8,"{'horizon': 13, 'num_samples': 32, 'num_elites': 26, 'iterations': 4, 'smoothing': 0.7241144063085703}"
cross_entropy,0,59,42.60269009997137,1,5000.0,62.5,1,"{'horizon': 13, 'num_samples': 32, 'num_elites': 26, 'iterations': 4, 'smoothing': 0.7241144063085703}"
cross_entropy,0,60,5.8882865000050515,0,579.0,7.25,0,"{'horizon': 13, 'num_samples': 32, 'num_elites': 26, 'iterations': 4, 'smoothing': 0.7241144063085703}"
cross_entropy,0,61,4.14399900007993,0,259.0,3.25,3,"{'horizon': 13, 'num_samples': 32, 'num_elites': 26, 'iterations': 4, 'smoothing': 0.7241144063085703}"
cross_entropy,0,62,8.58287439995911,0,387.0,4.8500000000000005,0,"{'horizon': 13, 'num_samples': 32, 'num_elites': 26, 'iterations': 4, 'smoothing': 0.7241144063085703}"
cross_entropy,0,63,49.156619400018826,1,5000.0,62.5,4,"{'horizon': 13, 'num_samples': 32, 'num_elites': 26, 'iterations': 4, 'smoothing': 0.7241144063085703}"
cross_entropy,0,64,4.334381699911319,0,379.0,4.75,5,"{'horizon': 13, 'num_samples': 32, 'num_elites': 26, 'iterations': 4, 'smoothing': 0.7241144063085703}"
cross_entropy,0,65,5.007207699934952,0,481.0,6.2,5,"{'horizon': 13, 'num_samples': 32, 'num_elites': 26, 'iterations': 4, 'smoothing': 0.7241144063085703}"
cross_entropy,0,66,7.561044999980368,0,271.0,3.4000000000000004,10,"{'horizon': 13, 'num_samples': 32, 'num_elites': 26, 'iterations': 4, 'smoothing': 0.7241144063085703}"
cross_entropy,0,67,10.18202609999571,0,435.0,5.45,7,"{'horizon': 13, 'num_samples': 32, 'num_elites': 26, 'iterations': 4, 'smoothing': 0.7241144063085703}"
cross_entropy,0,68,10.262279800022952,0,471.0,5.9,5,"{'horizon': 13, 'num_samples': 32, 'num_elites': 26, 'iterations': 4, 'smoothing': 0.7241144063085703}"
cross_entropy,0,69,3.1144856999162585,0,251.0,3.1500000000000004,0,"{'horizon': 13, 'num_samples': 32, 'num_elites': 26, 'iterations': 4, 'smoothing': 0.7241144063085703}"
cross_entropy,0,70,2.402682699961588,0,271.0,3.4000000000000004,1,"{'horizon': 13, 'num_samples': 32, 'num_elites': 26, 'iterations': 4, 'smoothing': 0.7241144063085703}"
cross_entropy,0,71,7.821082799928263,0,323.0,4.05,5,"{'horizon': 13, 'num_samples': 32, 'num_elites': 26, 'iterations': 4, 'smoothing': 0.7241144063085703}"
cross_entropy,0,72,2.7963335999520496,0,283.0,3.5500000000000003,0,"{'horizon': 13, 'num_samples': 32, 'num_elites': 26, 'iterations': 4, 'smoothing': 0.7241144063085703}"
cross_entropy,0,73,5.4330583000555634,0,351.0,4.4,2,"{'horizon': 13, 'num_samples': 32, 'num_elites': 26, 'iterations': 4, 'smoothing': 0.7241144063085703}"
cross_entropy,0,74,43.73230400006287,0,357.0,4.5,0,"{'horizon': 13, 'num_samples': 32, 'num_elites': 26, 'iterations': 4, 'smoothing': 0.7241144063085703}"
cross_entropy,0,75,61.83499010000378,0,304.0,3.85,5,"{'horizon': 13, 'num_samples': 32, 'num_elites': 26, 'iterations': 4, 'smoothing': 0.7241144063085703}"
cross_entropy,0,76,60.48603900009766,-1,1000000000.0,1000000000.0,0.0,"{'horizon': 13, 'num_samples': 32, 'num_elites': 26, 'iterations': 4, 'smoothing': 0.7241144063085703}"
cross_entropy,0,77,5.271329000010155,0,271.0,3.4000000000000004,2,"{'horizon': 13, 'num_samples': 32, 'num_elites': 26, 'iterations': 4, 'smoothing': 0.7241144063085703}"
cross_entropy,0,78,23.102213599951938,0,1503.0,18.8,8,"{'horizon': 13, 'num_samples': 32, 'num_elites': 26, 'iterations': 4, 'smoothing': 0.7241144063085703}"
cross_entropy,0,79,15.671151000075042,0,1127.0,15.25,13,"{'horizon': 13, 'num_samples': 32, 'num_elites': 26, 'iterations': 4, 'smoothing': 0.7241144063085703}"
cross_entropy,0,80,0.7176848000381142,0,255.0,3.2,0,"{'horizon': 13, 'num_samples': 32, 'num_elites': 26, 'iterations': 4, 'smoothing': 0.7241144063085703}"
cross_entropy,0,81,5.034175700042397,0,291.0,3.6500000000000004,4,"{'horizon': 13, 'num_samples': 32, 'num_elites': 26, 'iterations': 4, 'smoothing': 0.7241144063085703}"
cross_entropy,0,82,11.321058099973015,0,311.0,3.9000000000000004,7,"{'horizon': 13, 'num_samples': 32, 'num_elites': 26, 'iterations': 4, 'smoothing': 0.7241144063085703}"
cross_entropy,0,83,18.52076580002904,0,847.0,10.600000000000001,22,"{'horizon': 13, 'num_samples': 32, 'num_elites': 26, 'iterations': 4, 'smoothing': 0.7241144063085703}"
cross_entropy,0,84,5.46077410003636,0,335.0,4.2,1,"{'horizon': 13, 'num_samples': 32, 'num_elites': 26, 'iterations': 4, 'smoothing': 0.7241144063085703}"
cross_entropy,0,85,4.250381499994546,0,291.0,3.6500000000000004,5,"{'horizon': 13, 'num_samples': 32, 'num_elites': 26, 'iterations': 4, 'smoothing': 0.7241144063085703}"
cross_entropy,0,86,9.917162299971096,0,375.0,4.7,9,"{'horizon': 13, 'num_samples': 32, 'num_elites': 26, 'iterations': 4, 'smoothing': 0.7241144063085703}"
cross_entropy,0,87,0.7959521000739187,0,259.0,3.25,5,"{'horizon': 13, 'num_samples': 32, 'num_elites': 26, 'iterations': 4, 'smoothing': 0.7241144063085703}"
cross_entropy,0,88,3.8729501999914646,0,319.0,4.0,5,"{'horizon': 13, 'num_samples': 32, 'num_elites': 26, 'iterations': 4, 'smoothing': 0.7241144063085703}"
cross_entropy,0,89,3.173944399924949,0,270.0,3.4000000000000004,0,"{'horizon': 13, 'num_samples': 32, 'num_elites': 26, 'iterations': 4, 'smoothing': 0.7241144063085703}"
cross_entropy,0,90,1.8533873000415042,0,291.0,3.6500000000000004,0,"{'horizon': 13, 'num_samples': 32, 'num_elites': 26, 'iterations': 4, 'smoothing': 0.7241144063085703}"
cross_entropy,0,91,14.532805300084874,0,343.0,4.3,0,"{'horizon': 13, 'num_samples': 32, 'num_elites': 26, 'iterations': 4, 'smoothing': 0.7241144063085703}"
cross_entropy,0,92,1.0168043000157923,0,271.0,3.4000000000000004,0,"{'horizon': 13, 'num_samples': 32, 'num_elites': 26, 'iterations': 4, 'smoothing': 0.7241144063085703}"
cross_entropy,0,93,14.413197800051421,0,503.0,6.300000000000001,2,"{'horizon': 13, 'num_samples': 32, 'num_elites': 26, 'iterations': 4, 'smoothing': 0.7241144063085703}"
cross_entropy,0,94,2.3652680000523105,0,291.0,3.6500000000000004,0,"{'horizon': 13, 'num_samples': 32, 'num_elites': 26, 'iterations': 4, 'smoothing': 0.7241144063085703}"
cross_entropy,0,95,60.08513849996962,-1,1000000000.0,1000000000.0,0.0,"{'horizon': 13, 'num_samples': 32, 'num_elites': 26, 'iterations': 4, 'smoothing': 0.7241144063085703}"
cross_entropy,0,96,16.827632400090806,0,590.0,7.4,11,"{'horizon': 13, 'num_samples': 32, 'num_elites': 26, 'iterations': 4, 'smoothing': 0.7241144063085703}"
cross_entropy,0,97,10.9924901999766,0,403.0,5.050000000000001,5,"{'horizon': 13, 'num_samples': 32, 'num_elites': 26, 'iterations': 4, 'smoothing': 0.7241144063085703}"
cross_entropy,0,98,2.954240799997933,0,355.0,4.45,3,"{'horizon': 13, 'num_samples': 32, 'num_elites': 26, 'iterations': 4, 'smoothing': 0.7241144063085703}"
cross_entropy,0,99,22.385050400043838,0,607.0,7.6000000000000005,8,"{'horizon': 13, 'num_samples': 32, 'num_elites': 26, 'iterations': 4, 'smoothing': 0.7241144063085703}"
cross_entropy,1,0,1.9662374999606982,0,287.0,3.6,4,"{'horizon': 15, 'num_samples': 25, 'num_elites': 22, 'iterations': 10, 'smoothing': 0.4828687548948174}"
cross_entropy,1,1,11.069861500058323,0,307.0,3.85,5,"{'horizon': 15, 'num_samples': 25, 'num_elites': 22, 'iterations': 10, 'smoothing': 0.4828687548948174}"
cross_entropy,1,2,11.910269399988465,0,307.0,3.85,2,"{'horizon': 15, 'num_samples': 25, 'num_elites': 22, 'iterations': 10, 'smoothing': 0.4828687548948174}"
cross_entropy,1,3,1.8358344999141991,0,299.0,3.75,0,"{'horizon': 15, 'num_samples': 25, 'num_elites': 22, 'iterations': 10, 'smoothing': 0.4828687548948174}"
cross_entropy,1,4,6.443508199998178,0,279.0,3.5,4,"{'horizon': 15, 'num_samples': 25, 'num_elites': 22, 'iterations': 10, 'smoothing': 0.4828687548948174}"
cross_entropy,1,5,0.1718743999954313,0,255.0,3.2,0,"{'horizon': 15, 'num_samples': 25, 'num_elites': 22, 'iterations': 10, 'smoothing': 0.4828687548948174}"
cross_entropy,1,6,6.232247299980372,0,339.0,4.25,6,"{'horizon': 15, 'num_samples': 25, 'num_elites': 22, 'iterations': 10, 'smoothing': 0.4828687548948174}"
cross_entropy,1,7,5.484695699997246,0,319.0,4.0,8,"{'horizon': 15, 'num_samples': 25, 'num_elites': 22, 'iterations': 10, 'smoothing': 0.4828687548948174}"
cross_entropy,1,8,8.752172500011511,0,355.0,4.45,10,"{'horizon': 15, 'num_samples': 25, 'num_elites': 22, 'iterations': 10, 'smoothing': 0.4828687548948174}"
cross_entropy,1,9,11.55537049996201,0,379.0,4.75,6,"{'horizon': 15, 'num_samples': 25, 'num_elites': 22, 'iterations': 10, 'smoothing': 0.4828687548948174}"
cross_entropy,1,10,21.70957740000449,0,407.0,5.1000000000000005,13,"{'horizon': 15, 'num_samples': 25, 'num_elites': 22, 'iterations': 10, 'smoothing': 0.4828687548948174}"
cross_entropy,1,11,15.802408400108106,0,319.0,4.0,11,"{'horizon': 15, 'num_samples': 25, 'num_elites': 22, 'iterations': 10, 'smoothing': 0.4828687548948174}"
cross_entropy,1,12,6.4745059999404475,0,351.0,4.4,11,"{'horizon': 15, 'num_samples': 25, 'num_elites': 22, 'iterations': 10, 'smoothing': 0.4828687548948174}"
cross_entropy,1,13,14.721028800006025,0,559.0,7.0,7,"{'horizon': 15, 'num_samples': 25, 'num_elites': 22, 'iterations': 10, 'smoothing': 0.4828687548948174}"
cross_entropy,1,14,7.130461500026286,0,351.0,4.4,1,"{'horizon': 15, 'num_samples': 25, 'num_elites': 22, 'iterations': 10, 'smoothing': 0.4828687548948174}"
cross_entropy,1,15,5.215547400061041,0,267.0,3.35,5,"{'horizon': 15, 'num_samples': 25, 'num_elites': 22, 'iterations': 10, 'smoothing': 0.4828687548948174}"
cross_entropy,1,16,7.631899400032125,0,330.0,4.15,0,"{'horizon': 15, 'num_samples': 25, 'num_elites': 22, 'iterations': 10, 'smoothing': 0.4828687548948174}"
cross_entropy,1,17,4.624204799998552,0,375.0,4.7,3,"{'horizon': 15, 'num_samples': 25, 'num_elites': 22, 'iterations': 10, 'smoothing': 0.4828687548948174}"
cross_entropy,1,18,13.153467700001784,0,351.0,4.4,0,"{'horizon': 15, 'num_samples': 25, 'num_elites': 22, 'iterations': 10, 'smoothing': 0.4828687548948174}"
cross_entropy,1,19,1.7960764999734238,0,251.0,3.1500000000000004,0,"{'horizon': 15, 'num_samples': 25, 'num_elites': 22, 'iterations': 10, 'smoothing': 0.4828687548948174}"
cross_entropy,1,20,3.8236077000619844,0,298.0,3.8000000000000003,0,"{'horizon': 15, 'num_samples': 25, 'num_elites': 22, 'iterations': 10, 'smoothing': 0.4828687548948174}"
cross_entropy,1,21,13.19799629994668,0,391.0,4.9,13,"{'horizon': 15, 'num_samples': 25, 'num_elites': 22, 'iterations': 10, 'smoothing': 0.4828687548948174}"
cross_entropy,1,22,4.005511700059287,0,595.0,7.45,7,"{'horizon': 15, 'num_samples': 25, 'num_elites': 22, 'iterations': 10, 'smoothing': 0.4828687548948174}"
cross_entropy,1,23,17.057502700015903,0,700.0,9.25,0,"{'horizon': 15, 'num_samples': 25, 'num_elites': 22, 'iterations': 10, 'smoothing': 0.4828687548948174}"
cross_entropy,1,24,80.0493276999332,-1,1000000000.0,1000000000.0,0.0,"{'horizon': 15, 'num_samples': 25, 'num_elites': 22, 'iterations': 10, 'smoothing': 0.4828687548948174}"
cross_entropy,1,25,4.101234200061299,0,295.0,3.7,0,"{'horizon': 15, 'num_samples': 25, 'num_elites': 22, 'iterations': 10, 'smoothing': 0.4828687548948174}"
cross_entropy,1,26,78.46534009999596,1,5000.0,62.5,2,"{'horizon': 15, 'num_samples': 25, 'num_elites': 22, 'iterations': 10, 'smoothing': 0.4828687548948174}"
cross_entropy,1,27,32.841968899942,0,603.0,7.550000000000001,8,"{'horizon': 15, 'num_samples': 25, 'num_elites': 22, 'iterations': 10, 'smoothing': 0.4828687548948174}"
cross_entropy,1,28,11.940738799981773,0,519.0,6.5,0,"{'horizon': 15, 'num_samples': 25, 'num_elites': 22, 'iterations': 10, 'smoothing': 0.4828687548948174}"
cross_entropy,1,29,9.219053599983454,0,311.0,3.9000000000000004,4,"{'horizon': 15, 'num_samples': 25, 'num_elites': 22, 'iterations': 10, 'smoothing': 0.4828687548948174}"
cross_entropy,1,30,6.404777099960484,0,335.0,4.2,1,"{'horizon': 15, 'num_samples': 25, 'num_elites': 22, 'iterations': 10, 'smoothing': 0.4828687548948174}"
cross_entropy,1,31,17.59625609999057,0,431.0,5.550000000000001,12,"{'horizon': 15, 'num_samples': 25, 'num_elites': 22, 'iterations': 10, 'smoothing': 0.4828687548948174}"
cross_entropy,1,32,3.523437700001523,0,343.0,4.3,3,"{'horizon': 15, 'num_samples': 25, 'num_elites': 22, 'iterations': 10, 'smoothing': 0.4828687548948174}"
cross_entropy,1,33,12.752088199951686,0,307.0,3.85,2,"{'horizon': 15, 'num_samples': 25, 'num_elites': 22, 'iterations': 10, 'smoothing': 0.4828687548948174}"
cross_entropy,1,34,7.678089200053364,0,315.0,3.95,0,"{'horizon': 15, 'num_samples': 25, 'num_elites': 22, 'iterations': 10, 'smoothing': 0.4828687548948174}"
cross_entropy,1,35,3.5442663999274373,0,277.0,3.5,0,"{'horizon': 15, 'num_samples': 25, 'num_elites': 22, 'iterations': 10, 'smoothing': 0.4828687548948174}"
cross_entropy,1,36,1.7789341999450698,0,231.0,2.9000000000000004,0,"{'horizon': 15, 'num_samples': 25, 'num_elites': 22, 'iterations': 10, 'smoothing': 0.4828687548948174}"
cross_entropy,1,37,11.497783600003459,0,415.0,5.3500000000000005,6,"{'horizon': 15, 'num_samples': 25, 'num_elites': 22, 'iterations': 10, 'smoothing': 0.4828687548948174}"
cross_entropy,1,38,3.3021981000201777,0,331.0,4.15,0,"{'horizon': 15, 'num_samples': 25, 'num_elites': 22, 'iterations': 10, 'smoothing': 0.4828687548948174}"
cross_entropy,1,39,17.579386900062673,0,701.0,9.15,6,"{'horizon': 15, 'num_samples': 25, 'num_elites': 22, 'iterations': 10, 'smoothing': 0.4828687548948174}"
cross_entropy,1,40,4.1734152000863105,0,319.0,4.0,6,"{'horizon': 15, 'num_samples': 25, 'num_elites': 22, 'iterations': 10, 'smoothing': 0.4828687548948174}"
cross_entropy,1,41,3.9335517999716103,0,263.0,3.3000000000000003,1,"{'horizon': 15, 'num_samples': 25, 'num_elites': 22, 'iterations': 10, 'smoothing': 0.4828687548948174}"
cross_entropy,1,42,4.195175799890421,0,307.0,3.85,0,"{'horizon': 15, 'num_samples': 25, 'num_elites': 22, 'iterations': 10, 'smoothing': 0.4828687548948174}"
cross_entropy,1,43,5.271909600007348,0,287.0,3.6,4,"{'horizon': 15, 'num_samples': 25, 'num_elites': 22, 'iterations': 10, 'smoothing': 0.4828687548948174}"
cross_entropy,1,44,18.711726899957284,0,679.0,9.1,6,"{'horizon': 15, 'num_samples': 25, 'num_elites': 22, 'iterations': 10, 'smoothing': 0.4828687548948174}"
cross_entropy,1,45,34.115301400073804,0,1523.0,19.05,9,"{'horizon': 15, 'num_samples': 25, 'num_elites': 22, 'iterations': 10, 'smoothing': 0.4828687548948174}"
cross_entropy,1,46,24.180393300019205,0,355.0,4.45,6,"{'horizon': 15, 'num_samples': 25, 'num_elites': 22, 'iterations': 10, 'smoothing': 0.4828687548948174}"
cross_entropy,1,47,8.923589899903163,0,283.0,3.5500000000000003,0,"{'horizon': 15, 'num_samples': 25, 'num_elites': 22, 'iterations': 10, 'smoothing': 0.4828687548948174}"
cross_entropy,1,48,10.658128899987787,0,391.0,4.9,1,"{'horizon': 15, 'num_samples': 25, 'num_elites': 22, 'iterations': 10, 'smoothing': 0.4828687548948174}"
cross_entropy,1,49,81.97029450000264,1,5000.0,62.5,15,"{'horizon': 15, 'num_samples': 25, 'num_elites': 22, 'iterations': 10, 'smoothing': 0.4828687548948174}"
cross_entropy,1,50,12.48822990001645,0,562.0,7.050000000000001,2,"{'horizon': 15, 'num_samples': 25, 'num_elites': 22, 'iterations': 10, 'smoothing': 0.4828687548948174}"
cross_entropy,1,51,5.294634000048973,0,291.0,3.6500000000000004,0,"{'horizon': 15, 'num_samples': 25, 'num_elites': 22, 'iterations': 10, 'smoothing': 0.4828687548948174}"
cross_entropy,1,52,3.8846797000151128,0,303.0,3.8000000000000003,0,"{'horizon': 15, 'num_samples': 25, 'num_elites': 22, 'iterations': 10, 'smoothing': 0.4828687548948174}"
cross_entropy,1,53,9.806779899983667,0,315.0,3.95,1,"{'horizon': 15, 'num_samples': 25, 'num_elites': 22, 'iterations': 10, 'smoothing': 0.4828687548948174}"
cross_entropy,1,54,145.0538796999026,-1,1000000000.0,1000000000.0,0.0,"{'horizon': 15, 'num_samples': 25, 'num_elites': 22, 'iterations': 10, 'smoothing': 0.4828687548948174}"
cross_entropy,1,55,9.102089500054717,0,507.0,6.3500000000000005,0,"{'horizon': 15, 'num_samples': 25, 'num_elites': 22, 'iterations': 10, 'smoothing': 0.4828687548948174}"
cross_entropy,1,56,11.149405000032857,0,479.0,6.0,8,"{'horizon': 15, 'num_samples': 25, 'num_elites': 22, 'iterations': 10, 'smoothing': 0.4828687548948174}"
cross_entropy,1,57,4.265211200108752,0,307.0,3.85,3,"{'horizon': 15, 'num_samples': 25, 'num_elites': 22, 'iterations': 10, 'smoothing': 0.4828687548948174}"
cross_entropy,1,58,7.718717299983837,0,348.0,4.4,5,"{'horizon': 15, 'num_samples': 25, 'num_elites': 22, 'iterations': 10, 'smoothing': 0.4828687548948174}"
cross_entropy,1,59,23.562864599982277,0,387.0,4.8500000000000005,1,"{'horizon': 15, 'num_samples': 25, 'num_elites': 22, 'iterations': 10, 'smoothing': 0.4828687548948174}"
cross_entropy,1,60,28.804447400034405,0,454.0,5.7,9,"{'horizon': 15, 'num_samples': 25, 'num_elites': 22, 'iterations': 10, 'smoothing': 0.4828687548948174}"
cross_entropy,1,61,4.57755630009342,0,255.0,3.2,0,"{'horizon': 15, 'num_samples': 25, 'num_elites': 22, 'iterations': 10, 'smoothing': 0.4828687548948174}"
cross_entropy,1,62,53.325211800052784,0,355.0,4.45,0,"{'horizon': 15, 'num_samples': 25, 'num_elites': 22, 'iterations': 10, 'smoothing': 0.4828687548948174}"
cross_entropy,1,63,42.55668899999,0,415.0,5.2,11,"{'horizon': 15, 'num_samples': 25, 'num_elites': 22, 'iterations': 10, 'smoothing': 0.4828687548948174}"
cross_entropy,1,64,33.66402669996023,0,431.0,5.4,10,"{'horizon': 15, 'num_samples': 25, 'num_elites': 22, 'iterations': 10, 'smoothing': 0.4828687548948174}"
cross_entropy,1,65,36.74247529997956,0,459.0,5.95,6,"{'horizon': 15, 'num_samples': 25, 'num_elites': 22, 'iterations': 10, 'smoothing': 0.4828687548948174}"
cross_entropy,1,66,33.93851539993193,0,335.0,4.2,0,"{'horizon': 15, 'num_samples': 25, 'num_elites': 22, 'iterations': 10, 'smoothing': 0.4828687548948174}"
cross_entropy,1,67,39.85676330002025,0,435.0,5.45,7,"{'horizon': 15, 'num_samples': 25, 'num_elites': 22, 'iterations': 10, 'smoothing': 0.4828687548948174}"
cross_entropy,1,68,39.16618250007741,0,379.0,4.75,3,"{'horizon': 15, 'num_samples': 25, 'num_elites': 22, 'iterations': 10, 'smoothing': 0.4828687548948174}"
cross_entropy,1,69,19.43799140001647,0,331.0,4.15,8,"{'horizon': 15, 'num_samples': 25, 'num_elites': 22, 'iterations': 10, 'smoothing': 0.4828687548948174}"
cross_entropy,1,70,2.0964956000680104,0,247.0,3.1,3,"{'horizon': 15, 'num_samples': 25, 'num_elites': 22, 'iterations': 10, 'smoothing': 0.4828687548948174}"
cross_entropy,1,71,45.401961800060235,0,443.0,5.550000000000001,7,"{'horizon': 15, 'num_samples': 25, 'num_elites': 22, 'iterations': 10, 'smoothing': 0.4828687548948174}"
cross_entropy,1,72,4.771941800019704,0,287.0,3.6,4,"{'horizon': 15, 'num_samples': 25, 'num_elites': 22, 'iterations': 10, 'smoothing': 0.4828687548948174}"
cross_entropy,1,73,20.53506699996069,0,351.0,4.4,2,"{'horizon': 15, 'num_samples': 25, 'num_elites': 22, 'iterations': 10, 'smoothing': 0.4828687548948174}"
cross_entropy,1,74,18.66324310004711,0,323.0,4.05,8,"{'horizon': 15, 'num_samples': 25, 'num_elites': 22, 'iterations': 10, 'smoothing': 0.4828687548948174}"
cross_entropy,1,75,36.867076199967414,0,299.0,3.75,5,"{'horizon': 15, 'num_samples': 25, 'num_elites': 22, 'iterations': 10, 'smoothing': 0.4828687548948174}"
cross_entropy,1,76,60.53907409997191,-1,1000000000.0,1000000000.0,0.0,"{'horizon': 15, 'num_samples': 25, 'num_elites': 22, 'iterations': 10, 'smoothing': 0.4828687548948174}"
cross_entropy,1,77,23.08614650007803,0,267.0,3.35,2,"{'horizon': 15, 'num_samples': 25, 'num_elites': 22, 'iterations': 10, 'smoothing': 0.4828687548948174}"
cross_entropy,1,78,50.55094129999634,0,551.0,6.9,11,"{'horizon': 15, 'num_samples': 25, 'num_elites': 22, 'iterations': 10, 'smoothing': 0.4828687548948174}"
cross_entropy,1,79,120.52695820003282,-1,1000000000.0,1000000000.0,0.0,"{'horizon': 15, 'num_samples': 25, 'num_elites': 22, 'iterations': 10, 'smoothing': 0.4828687548948174}"
cross_entropy,1,80,1.3610458999173716,0,263.0,3.3000000000000003,0,"{'horizon': 15, 'num_samples': 25, 'num_elites': 22, 'iterations': 10, 'smoothing': 0.4828687548948174}"
cross_entropy,1,81,23.72467089991551,0,263.0,3.3000000000000003,11,"{'horizon': 15, 'num_samples': 25, 'num_elites': 22, 'iterations': 10, 'smoothing': 0.4828687548948174}"
cross_entropy,1,82,65.45478649996221,0,415.0,5.2,4,"{'horizon': 15, 'num_samples': 25, 'num_elites': 22, 'iterations': 10, 'smoothing': 0.4828687548948174}"
cross_entropy,1,83,76.75900780002121,0,795.0,9.950000000000001,10,"{'horizon': 15, 'num_samples': 25, 'num_elites': 22, 'iterations': 10, 'smoothing': 0.4828687548948174}"
cross_entropy,1,84,19.4754972999217,0,287.0,3.6,10,"{'horizon': 15, 'num_samples': 25, 'num_elites': 22, 'iterations': 10, 'smoothing': 0.4828687548948174}"
cross_entropy,1,85,27.973886199994013,0,370.0,4.800000000000001,5,"{'horizon': 15, 'num_samples': 25, 'num_elites': 22, 'iterations': 10, 'smoothing': 0.4828687548948174}"
cross_entropy,1,86,51.49210229993332,0,431.0,5.4,10,"{'horizon': 15, 'num_samples': 25, 'num_elites': 22, 'iterations': 10, 'smoothing': 0.4828687548948174}"
cross_entropy,1,87,2.3107429000083357,0,275.0,3.45,8,"{'horizon': 15, 'num_samples': 25, 'num_elites': 22, 'iterations': 10, 'smoothing': 0.4828687548948174}"
cross_entropy,1,88,14.710456000058912,0,329.0,4.15,5,"{'horizon': 15, 'num_samples': 25, 'num_elites': 22, 'iterations': 10, 'smoothing': 0.4828687548948174}"
cross_entropy,1,89,3.999496000004001,0,291.0,3.6500000000000004,4,"{'horizon': 15, 'num_samples': 25, 'num_elites': 22, 'iterations': 10, 'smoothing': 0.4828687548948174}"
cross_entropy,1,90,3.318935999996029,0,255.0,3.2,0,"{'horizon': 15, 'num_samples': 25, 'num_elites': 22, 'iterations': 10, 'smoothing': 0.4828687548948174}"
cross_entropy,1,91,74.84836679999717,0,395.0,4.95,0,"{'horizon': 15, 'num_samples': 25, 'num_elites': 22, 'iterations': 10, 'smoothing': 0.4828687548948174}"
cross_entropy,1,92,0.45125599997118115,0,219.0,2.75,0,"{'horizon': 15, 'num_samples': 25, 'num_elites': 22, 'iterations': 10, 'smoothing': 0.4828687548948174}"
cross_entropy,1,93,48.02113840007223,0,503.0,6.300000000000001,12,"{'horizon': 15, 'num_samples': 25, 'num_elites': 22, 'iterations': 10, 'smoothing': 0.4828687548948174}"
cross_entropy,1,94,3.3753827000036836,0,299.0,3.75,6,"{'horizon': 15, 'num_samples': 25, 'num_elites': 22, 'iterations': 10, 'smoothing': 0.4828687548948174}"
cross_entropy,1,95,3.0632164000999182,0,336.0,4.25,8,"{'horizon': 15, 'num_samples': 25, 'num_elites': 22, 'iterations': 10, 'smoothing': 0.4828687548948174}"
cross_entropy,1,96,24.338749299990013,0,487.0,6.1000000000000005,8,"{'horizon': 15, 'num_samples': 25, 'num_elites': 22, 'iterations': 10, 'smoothing': 0.4828687548948174}"
cross_entropy,1,97,27.565062000066973,0,558.0,7.2,8,"{'horizon': 15, 'num_samples': 25, 'num_elites': 22, 'iterations': 10, 'smoothing': 0.4828687548948174}"
cross_entropy,1,98,13.962555599980988,0,731.0,9.15,2,"{'horizon': 15, 'num_samples': 25, 'num_elites': 22, 'iterations': 10, 'smoothing': 0.4828687548948174}"
cross_entropy,1,99,39.034082200028934,0,575.0,7.2,15,"{'horizon': 15, 'num_samples': 25, 'num_elites': 22, 'iterations': 10, 'smoothing': 0.4828687548948174}"
cross_entropy,2,0,2.1591287000337616,0,287.0,3.6,4,"{'horizon': 15, 'num_samples': 39, 'num_elites': 13, 'iterations': 5, 'smoothing': 0.8657121423347887}"
cross_entropy,2,1,60.424380799988285,0,1087.0,13.600000000000001,3,"{'horizon': 15, 'num_samples': 39, 'num_elites': 13, 'iterations': 5, 'smoothing': 0.8657121423347887}"
cross_entropy,2,2,46.65028389997315,0,539.0,6.75,7,"{'horizon': 15, 'num_samples': 39, 'num_elites': 13, 'iterations': 5, 'smoothing': 0.8657121423347887}"
cross_entropy,2,3,3.1960212999256328,0,291.0,3.6500000000000004,2,"{'horizon': 15, 'num_samples': 39, 'num_elites': 13, 'iterations': 5, 'smoothing': 0.8657121423347887}"
cross_entropy,2,4,27.05996129999403,0,335.0,4.2,9,"{'horizon': 15, 'num_samples': 39, 'num_elites': 13, 'iterations': 5, 'smoothing': 0.8657121423347887}"
cross_entropy,2,5,0.18135830003302544,0,255.0,3.2,0,"{'horizon': 15, 'num_samples': 39, 'num_elites': 13, 'iterations': 5, 'smoothing': 0.8657121423347887}"
cross_entropy,2,6,4.949918199912645,0,279.0,3.5,5,"{'horizon': 15, 'num_samples': 39, 'num_elites': 13, 'iterations': 5, 'smoothing': 0.8657121423347887}"
cross_entropy,2,7,3.2017168999882415,0,279.0,3.5,8,"{'horizon': 15, 'num_samples': 39, 'num_elites': 13, 'iterations': 5, 'smoothing': 0.8657121423347887}"
cross_entropy,2,8,24.78971849998925,0,315.0,3.95,14,"{'horizon': 15, 'num_samples': 39, 'num_elites': 13, 'iterations': 5, 'smoothing': 0.8657121423347887}"
cross_entropy,2,9,36.09547719999682,0,834.0,10.450000000000001,2,"{'horizon': 15, 'num_samples': 39, 'num_elites': 13, 'iterations': 5, 'smoothing': 0.8657121423347887}"
cross_entropy,2,10,26.76467629999388,0,295.0,3.7,11,"{'horizon': 15, 'num_samples': 39, 'num_elites': 13, 'iterations': 5, 'smoothing': 0.8657121423347887}"
cross_entropy,2,11,43.358991499990225,0,299.0,3.75,14,"{'horizon': 15, 'num_samples': 39, 'num_elites': 13, 'iterations': 5, 'smoothing': 0.8657121423347887}"
cross_entropy,2,12,30.400392499985173,0,455.0,5.7,9,"{'horizon': 15, 'num_samples': 39, 'num_elites': 13, 'iterations': 5, 'smoothing': 0.8657121423347887}"
cross_entropy,2,13,122.88091649999842,-1,1000000000.0,1000000000.0,0.0,"{'horizon': 15, 'num_samples': 39, 'num_elites': 13, 'iterations': 5, 'smoothing': 0.8657121423347887}"
cross_entropy,2,14,30.853349299984984,0,468.0,5.95,6,"{'horizon': 15, 'num_samples': 39, 'num_elites': 13, 'iterations': 5, 'smoothing': 0.8657121423347887}"
cross_entropy,2,15,32.82218170003034,0,347.0,4.3500000000000005,11,"{'horizon': 15, 'num_samples': 39, 'num_elites': 13, 'iterations': 5, 'smoothing': 0.8657121423347887}"
cross_entropy,2,16,4.7503189000999555,0,279.0,3.5,8,"{'horizon': 15, 'num_samples': 39, 'num_elites': 13, 'iterations': 5, 'smoothing': 0.8657121423347887}"
cross_entropy,2,17,3.685073900036514,0,347.0,4.3500000000000005,3,"{'horizon': 15, 'num_samples': 39, 'num_elites': 13, 'iterations': 5, 'smoothing': 0.8657121423347887}"
cross_entropy,2,18,11.222420800011605,0,291.0,3.6500000000000004,0,"{'horizon': 15, 'num_samples': 39, 'num_elites': 13, 'iterations': 5, 'smoothing': 0.8657121423347887}"
cross_entropy,2,19,1.4349879999645054,0,247.0,3.1,0,"{'horizon': 15, 'num_samples': 39, 'num_elites': 13, 'iterations': 5, 'smoothing': 0.8657121423347887}"
cross_entropy,2,20,0.7769339999649674,0,215.0,2.7,0,"{'horizon': 15, 'num_samples': 39, 'num_elites': 13, 'iterations': 5, 'smoothing': 0.8657121423347887}"
cross_entropy,2,21,64.31738879997283,-1,1000000000.0,1000000000.0,0.0,"{'horizon': 15, 'num_samples': 39, 'num_elites': 13, 'iterations': 5, 'smoothing': 0.8657121423347887}"
cross_entropy,2,22,4.36241629999131,0,603.0,7.550000000000001,9,"{'horizon': 15, 'num_samples': 39, 'num_elites': 13, 'iterations': 5, 'smoothing': 0.8657121423347887}"
cross_entropy,2,23,4.589716999907978,0,270.0,3.4000000000000004,0,"{'horizon': 15, 'num_samples': 39, 'num_elites': 13, 'iterations': 5, 'smoothing': 0.8657121423347887}"
cross_entropy,2,24,2.079386599943973,0,326.0,4.1000000000000005,2,"{'horizon': 15, 'num_samples': 39, 'num_elites': 13, 'iterations': 5, 'smoothing': 0.8657121423347887}"
cross_entropy,2,25,4.415854300023057,0,323.0,4.05,2,"{'horizon': 15, 'num_samples': 39, 'num_elites': 13, 'iterations': 5, 'smoothing': 0.8657121423347887}"
cross_entropy,2,26,25.104947700048797,0,275.0,3.45,9,"{'horizon': 15, 'num_samples': 39, 'num_elites': 13, 'iterations': 5, 'smoothing': 0.8657121423347887}"
cross_entropy,2,27,29.88123179995455,0,347.0,4.3500000000000005,2,"{'horizon': 15, 'num_samples': 39, 'num_elites': 13, 'iterations': 5, 'smoothing': 0.8657121423347887}"
cross_entropy,2,28,2.9936908999225125,0,323.0,4.05,5,"{'horizon': 15, 'num_samples': 39, 'num_elites': 13, 'iterations': 5, 'smoothing': 0.8657121423347887}"
cross_entropy,2,29,21.702784899971448,0,307.0,3.85,14,"{'horizon': 15, 'num_samples': 39, 'num_elites': 13, 'iterations': 5, 'smoothing': 0.8657121423347887}"
cross_entropy,2,30,2.668613300076686,0,327.0,4.1000000000000005,2,"{'horizon': 15, 'num_samples': 39, 'num_elites': 13, 'iterations': 5, 'smoothing': 0.8657121423347887}"
cross_entropy,2,31,78.45659100008197,0,2232.0,30.75,14,"{'horizon': 15, 'num_samples': 39, 'num_elites': 13, 'iterations': 5, 'smoothing': 0.8657121423347887}"
cross_entropy,2,32,2.4974868999561295,0,347.0,4.3500000000000005,3,"{'horizon': 15, 'num_samples': 39, 'num_elites': 13, 'iterations': 5, 'smoothing': 0.8657121423347887}"
cross_entropy,2,33,16.028011700022034,0,351.0,4.4,8,"{'horizon': 15, 'num_samples': 39, 'num_elites': 13, 'iterations': 5, 'smoothing': 0.8657121423347887}"
cross_entropy,2,34,13.646830399986356,0,330.0,4.15,9,"{'horizon': 15, 'num_samples': 39, 'num_elites': 13, 'iterations': 5, 'smoothing': 0.8657121423347887}"
cross_entropy,2,35,1.9939801000291482,0,223.0,2.8000000000000003,2,"{'horizon': 15, 'num_samples': 39, 'num_elites': 13, 'iterations': 5, 'smoothing': 0.8657121423347887}"
cross_entropy,2,36,2.1522946999175474,0,243.0,3.0500000000000003,0,"{'horizon': 15, 'num_samples': 39, 'num_elites': 13, 'iterations': 5, 'smoothing': 0.8657121423347887}"
cross_entropy,2,37,10.808369600097649,0,382.0,4.800000000000001,7,"{'horizon': 15, 'num_samples': 39, 'num_elites': 13, 'iterations': 5, 'smoothing': 0.8657121423347887}"
cross_entropy,2,38,60.58256839995738,-1,1000000000.0,1000000000.0,0.0,"{'horizon': 15, 'num_samples': 39, 'num_elites': 13, 'iterations': 5, 'smoothing': 0.8657121423347887}"
cross_entropy,2,39,38.42719980003312,0,704.0,9.25,16,"{'horizon': 15, 'num_samples': 39, 'num_elites': 13, 'iterations': 5, 'smoothing': 0.8657121423347887}"
cross_entropy,2,40,2.4069913000566885,0,283.0,3.5500000000000003,4,"{'horizon': 15, 'num_samples': 39, 'num_elites': 13, 'iterations': 5, 'smoothing': 0.8657121423347887}"
cross_entropy,2,41,2.7764116000616923,0,271.0,3.4000000000000004,1,"{'horizon': 15, 'num_samples': 39, 'num_elites': 13, 'iterations': 5, 'smoothing': 0.8657121423347887}"
cross_entropy,2,42,2.6699787999968976,0,291.0,3.6500000000000004,0,"{'horizon': 15, 'num_samples': 39, 'num_elites': 13, 'iterations': 5, 'smoothing': 0.8657121423347887}"
cross_entropy,2,43,2.845113700022921,0,263.0,3.3000000000000003,0,"{'horizon': 15, 'num_samples': 39, 'num_elites': 13, 'iterations': 5, 'smoothing': 0.8657121423347887}"
cross_entropy,2,44,18.015675500035286,0,363.0,4.55,9,"{'horizon': 15, 'num_samples': 39, 'num_elites': 13, 'iterations': 5, 'smoothing': 0.8657121423347887}"
cross_entropy,2,45,48.05309850000776,0,812.0,10.4,15,"{'horizon': 15, 'num_samples': 39, 'num_elites': 13, 'iterations': 5, 'smoothing': 0.8657121423347887}"
cross_entropy,2,46,40.500973500078544,0,315.0,3.95,6,"{'horizon': 15, 'num_samples': 39, 'num_elites': 13, 'iterations': 5, 'smoothing': 0.8657121423347887}"
cross_entropy,2,47,17.953809900092892,0,283.0,3.5500000000000003,13,"{'horizon': 15, 'num_samples': 39, 'num_elites': 13, 'iterations': 5, 'smoothing': 0.8657121423347887}"
cross_entropy,2,48,10.200263100094162,0,343.0,4.3,5,"{'horizon': 15, 'num_samples': 39, 'num_elites': 13, 'iterations': 5, 'smoothing': 0.8657121423347887}"
cross_entropy,2,49,24.343205300043337,0,559.0,7.0,15,"{'horizon': 15, 'num_samples': 39, 'num_elites': 13, 'iterations': 5, 'smoothing': 0.8657121423347887}"
cross_entropy,2,50,3.029018000001088,0,263.0,3.3000000000000003,4,"{'horizon': 15, 'num_samples': 39, 'num_elites': 13, 'iterations': 5, 'smoothing': 0.8657121423347887}"
cross_entropy,2,51,2.669199700001627,0,283.0,3.5500000000000003,3,"{'horizon': 15, 'num_samples': 39, 'num_elites': 13, 'iterations': 5, 'smoothing': 0.8657121423347887}"
cross_entropy,2,52,4.7987094999989495,0,291.0,3.6500000000000004,2,"{'horizon': 15, 'num_samples': 39, 'num_elites': 13, 'iterations': 5, 'smoothing': 0.8657121423347887}"
cross_entropy,2,53,120.19491279998329,-1,1000000000.0,1000000000.0,0.0,"{'horizon': 15, 'num_samples': 39, 'num_elites': 13, 'iterations': 5, 'smoothing': 0.8657121423347887}"
cross_entropy,2,54,50.983696099952795,0,1291.0,16.6,14,"{'horizon': 15, 'num_samples': 39, 'num_elites': 13, 'iterations': 5, 'smoothing': 0.8657121423347887}"
cross_entropy,2,55,2.966977500007488,0,299.0,3.75,5,"{'horizon': 15, 'num_samples': 39, 'num_elites': 13, 'iterations': 5, 'smoothing': 0.8657121423347887}"
cross_entropy,2,56,4.245197599986568,0,343.0,4.3,8,"{'horizon': 15, 'num_samples': 39, 'num_elites': 13, 'iterations': 5, 'smoothing': 0.8657121423347887}"
cross_entropy,2,57,4.466661400045268,0,275.0,3.45,15,"{'horizon': 15, 'num_samples': 39, 'num_elites': 13, 'iterations': 5, 'smoothing': 0.8657121423347887}"
cross_entropy,2,58,3.6613436999032274,0,263.0,3.3000000000000003,9,"{'horizon': 15, 'num_samples': 39, 'num_elites': 13, 'iterations': 5, 'smoothing': 0.8657121423347887}"
cross_entropy,2,59,5.425539700081572,0,287.0,3.6,8,"{'horizon': 15, 'num_samples': 39, 'num_elites': 13, 'iterations': 5, 'smoothing': 0.8657121423347887}"
cross_entropy,2,60,69.75227930000983,-1,1000000000.0,1000000000.0,0.0,"{'horizon': 15, 'num_samples': 39, 'num_elites': 13, 'iterations': 5, 'smoothing': 0.8657121423347887}"
cross_entropy,2,61,28.787062200019136,0,267.0,3.35,3,"{'horizon': 15, 'num_samples': 39, 'num_elites': 13, 'iterations': 5, 'smoothing': 0.8657121423347887}"
cross_entropy,2,62,35.56702289998066,0,319.0,4.0,6,"{'horizon': 15, 'num_samples': 39, 'num_elites': 13, 'iterations': 5, 'smoothing': 0.8657121423347887}"
cross_entropy,2,63,28.544097600039095,0,331.0,4.15,8,"{'horizon': 15, 'num_samples': 39, 'num_elites': 13, 'iterations': 5, 'smoothing': 0.8657121423347887}"
cross_entropy,2,64,29.006352200056426,0,519.0,6.5,7,"{'horizon': 15, 'num_samples': 39, 'num_elites': 13, 'iterations': 5, 'smoothing': 0.8657121423347887}"
cross_entropy,2,65,10.565574900014326,0,332.0,4.2,6,"{'horizon': 15, 'num_samples': 39, 'num_elites': 13, 'iterations': 5, 'smoothing': 0.8657121423347887}"
cross_entropy,2,66,31.058033700101078,0,271.0,3.4000000000000004,12,"{'horizon': 15, 'num_samples': 39, 'num_elites': 13, 'iterations': 5, 'smoothing': 0.8657121423347887}"
cross_entropy,2,67,46.88533059996553,0,451.0,5.65,12,"{'horizon': 15, 'num_samples': 39, 'num_elites': 13, 'iterations': 5, 'smoothing': 0.8657121423347887}"
cross_entropy,2,68,32.04555220005568,0,299.0,3.75,10,"{'horizon': 15, 'num_samples': 39, 'num_elites': 13, 'iterations': 5, 'smoothing': 0.8657121423347887}"
cross_entropy,2,69,4.82324429997243,0,263.0,3.3000000000000003,4,"{'horizon': 15, 'num_samples': 39, 'num_elites': 13, 'iterations': 5, 'smoothing': 0.8657121423347887}"
cross_entropy,2,70,2.190373699995689,0,259.0,3.25,3,"{'horizon': 15, 'num_samples': 39, 'num_elites': 13, 'iterations': 5, 'smoothing': 0.8657121423347887}"
cross_entropy,2,71,21.949338700040244,0,271.0,3.4000000000000004,10,"{'horizon': 15, 'num_samples': 39, 'num_elites': 13, 'iterations': 5, 'smoothing': 0.8657121423347887}"
cross_entropy,2,72,14.339283399982378,0,323.0,4.05,0,"{'horizon': 15, 'num_samples': 39, 'num_elites': 13, 'iterations': 5, 'smoothing': 0.8657121423347887}"
cross_entropy,2,73,4.992152100079693,0,287.0,3.6,6,"{'horizon': 15, 'num_samples': 39, 'num_elites': 13, 'iterations': 5, 'smoothing': 0.8657121423347887}"
cross_entropy,2,74,7.663386599975638,0,331.0,4.15,4,"{'horizon': 15, 'num_samples': 39, 'num_elites': 13, 'iterations': 5, 'smoothing': 0.8657121423347887}"
cross_entropy,2,75,29.281834400026128,0,287.0,3.6,9,"{'horizon': 15, 'num_samples': 39, 'num_elites': 13, 'iterations': 5, 'smoothing': 0.8657121423347887}"
cross_entropy,2,76,60.58815840003081,-1,1000000000.0,1000000000.0,0.0,"{'horizon': 15, 'num_samples': 39, 'num_elites': 13, 'iterations': 5, 'smoothing': 0.8657121423347887}"
cross_entropy,2,77,58.32660949998535,0,443.0,5.550000000000001,2,"{'horizon': 15, 'num_samples': 39, 'num_elites': 13, 'iterations': 5, 'smoothing': 0.8657121423347887}"
cross_entropy,2,78,49.78502289997414,0,519.0,6.5,8,"{'horizon': 15, 'num_samples': 39, 'num_elites': 13, 'iterations': 5, 'smoothing': 0.8657121423347887}"
cross_entropy,2,79,121.43967549991794,-1,1000000000.0,1000000000.0,0.0,"{'horizon': 15, 'num_samples': 39, 'num_elites': 13, 'iterations': 5, 'smoothing': 0.8657121423347887}"
cross_entropy,2,80,0.6989433000562713,0,243.0,3.0500000000000003,4,"{'horizon': 15, 'num_samples': 39, 'num_elites': 13, 'iterations': 5, 'smoothing': 0.8657121423347887}"
cross_entropy,2,81,39.20436809991952,0,251.0,3.1500000000000004,12,"{'horizon': 15, 'num_samples': 39, 'num_elites': 13, 'iterations': 5, 'smoothing': 0.8657121423347887}"
cross_entropy,2,82,48.982358400011435,0,315.0,3.95,4,"{'horizon': 15, 'num_samples': 39, 'num_elites': 13, 'iterations': 5, 'smoothing': 0.8657121423347887}"
cross_entropy,2,83,77.52589150005952,0,639.0,8.0,22,"{'horizon': 15, 'num_samples': 39, 'num_elites': 13, 'iterations': 5, 'smoothing': 0.8657121423347887}"
cross_entropy,2,84,14.492796499980614,0,291.0,3.6500000000000004,11,"{'horizon': 15, 'num_samples': 39, 'num_elites': 13, 'iterations': 5, 'smoothing': 0.8657121423347887}"
cross_entropy,2,85,51.830130099901,0,663.0,8.85,6,"{'horizon': 15, 'num_samples': 39, 'num_elites': 13, 'iterations': 5, 'smoothing': 0.8657121423347887}"
cross_entropy,2,86,94.91182999999728,0,483.0,6.050000000000001,14,"{'horizon': 15, 'num_samples': 39, 'num_elites': 13, 'iterations': 5, 'smoothing': 0.8657121423347887}"
cross_entropy,2,87,1.9852484000148252,0,271.0,3.4000000000000004,8,"{'horizon': 15, 'num_samples': 39, 'num_elites': 13, 'iterations': 5, 'smoothing': 0.8657121423347887}"
cross_entropy,2,88,31.630118699977174,0,478.0,6.2,8,"{'horizon': 15, 'num_samples': 39, 'num_elites': 13, 'iterations': 5, 'smoothing': 0.8657121423347887}"
cross_entropy,2,89,4.120751400012523,0,285.0,3.6,4,"{'horizon': 15, 'num_samples': 39, 'num_elites': 13, 'iterations': 5, 'smoothing': 0.8657121423347887}"
cross_entropy,2,90,181.1477748999605,-1,1000000000.0,1000000000.0,0.0,"{'horizon': 15, 'num_samples': 39, 'num_elites': 13, 'iterations': 5, 'smoothing': 0.8657121423347887}"
cross_entropy,2,91,87.79096200002823,0,423.0,5.300000000000001,4,"{'horizon': 15, 'num_samples': 39, 'num_elites': 13, 'iterations': 5, 'smoothing': 0.8657121423347887}"
cross_entropy,2,92,0.5555660999380052,0,219.0,2.75,0,"{'horizon': 15, 'num_samples': 39, 'num_elites': 13, 'iterations': 5, 'smoothing': 0.8657121423347887}"
cross_entropy,2,93,47.735955699929036,0,443.0,5.550000000000001,8,"{'horizon': 15, 'num_samples': 39, 'num_elites': 13, 'iterations': 5, 'smoothing': 0.8657121423347887}"
cross_entropy,2,94,60.68560610001441,0,787.0,9.850000000000001,8,"{'horizon': 15, 'num_samples': 39, 'num_elites': 13, 'iterations': 5, 'smoothing': 0.8657121423347887}"
cross_entropy,2,95,1.4828227000543848,0,303.0,3.8000000000000003,4,"{'horizon': 15, 'num_samples': 39, 'num_elites': 13, 'iterations': 5, 'smoothing': 0.8657121423347887}"
cross_entropy,2,96,21.838901700102724,0,463.0,5.8500000000000005,10,"{'horizon': 15, 'num_samples': 39, 'num_elites': 13, 'iterations': 5, 'smoothing': 0.8657121423347887}"
cross_entropy,2,97,13.585767999989912,0,382.0,4.8500000000000005,6,"{'horizon': 15, 'num_samples': 39, 'num_elites': 13, 'iterations': 5, 'smoothing': 0.8657121423347887}"
cross_entropy,2,98,2.7003414999926463,0,295.0,3.7,11,"{'horizon': 15, 'num_samples': 39, 'num_elites': 13, 'iterations': 5, 'smoothing': 0.8657121423347887}"
cross_entropy,2,99,15.336079400032759,0,359.0,4.5,14,"{'horizon': 15, 'num_samples': 39, 'num_elites': 13, 'iterations': 5, 'smoothing': 0.8657121423347887}"
genetic,3,0,4.461164899985306,0,323.0,4.05,13,"{'horizon': 7, 'population_size': 67, 'generations': 6, 'elite_fraction': 0.178264074604001, 'mutation_rate': 0.2655762726086655, 'crossover_rate': 0.8325639545512775}"
genetic,3,1,33.13383469998371,0,363.0,4.55,3,"{'horizon': 7, 'population_size': 67, 'generations': 6, 'elite_fraction': 0.178264074604001, 'mutation_rate': 0.2655762726086655, 'crossover_rate': 0.8325639545512775}"
genetic,3,2,6.9202777000609785,0,263.0,3.3000000000000003,6,"{'horizon': 7, 'population_size': 67, 'generations': 6, 'elite_fraction': 0.178264074604001, 'mutation_rate': 0.2655762726086655, 'crossover_rate': 0.8325639545512775}"
genetic,3,3,2.713726299931295,0,283.0,3.5500000000000003,2,"{'horizon': 7, 'population_size': 67, 'generations': 6, 'elite_fraction': 0.178264074604001, 'mutation_rate': 0.2655762726086655, 'crossover_rate': 0.8325639545512775}"
genetic,3,4,23.34046410000883,0,267.0,3.35,11,"{'horizon': 7, 'population_size': 67, 'generations': 6, 'elite_fraction': 0.178264074604001, 'mutation_rate': 0.2655762726086655, 'crossover_rate': 0.8325639545512775}"
genetic,3,5,0.1984122000867501,0,255.0,3.2,0,"{'horizon': 7, 'population_size': 67, 'generations': 6, 'elite_fraction': 0.178264074604001, 'mutation_rate': 0.2655762726086655, 'crossover_rate': 0.8325639545512775}"
genetic,3,6,27.24143679998815,0,315.0,3.95,12,"{'horizon': 7, 'population_size': 67, 'generations': 6, 'elite_fraction': 0.178264074604001, 'mutation_rate': 0.2655762726086655, 'crossover_rate': 0.8325639545512775}"
genetic,3,7,96.67338980000932,-1,1000000000.0,1000000000.0,0.0,"{'horizon': 7, 'population_size': 67, 'generations': 6, 'elite_fraction': 0.178264074604001, 'mutation_rate': 0.2655762726086655, 'crossover_rate': 0.8325639545512775}"
genetic,3,8,30.912395299994387,0,379.0,4.75,18,"{'horizon': 7, 'population_size': 67, 'generations': 6, 'elite_fraction': 0.178264074604001, 'mutation_rate': 0.2655762726086655, 'crossover_rate': 0.8325639545512775}"
genetic,3,9,37.07997169997543,0,345.0,4.3500000000000005,10,"{'horizon': 7, 'population_size': 67, 'generations': 6, 'elite_fraction': 0.178264074604001, 'mutation_rate': 0.2655762726086655, 'crossover_rate': 0.8325639545512775}"
genetic,3,10,43.13863390008919,0,323.0,4.05,7,"{'horizon': 7, 'population_size': 67, 'generations': 6, 'elite_fraction': 0.178264074604001, 'mutation_rate': 0.2655762726086655, 'crossover_rate': 0.8325639545512775}"
genetic,3,11,85.41469060000964,0,383.0,4.800000000000001,11,"{'horizon': 7, 'population_size': 67, 'generations': 6, 'elite_fraction': 0.178264074604001, 'mutation_rate': 0.2655762726086655, 'crossover_rate': 0.8325639545512775}"
genetic,3,12,4.285860999953002,0,315.0,3.95,4,"{'horizon': 7, 'population_size': 67, 'generations': 6, 'elite_fraction': 0.178264074604001, 'mutation_rate': 0.2655762726086655, 'crossover_rate': 0.8325639545512775}"
genetic,3,13,38.59523480001371,0,723.0,9.05,16,"{'horizon': 7, 'population_size': 67, 'generations': 6, 'elite_fraction': 0.178264074604001, 'mutation_rate': 0.2655762726086655, 'crossover_rate': 0.8325639545512775}"
genetic,3,14,19.353581800009124,0,331.0,4.15,3,"{'horizon': 7, 'population_size': 67, 'generations': 6, 'elite_fraction': 0.178264074604001, 'mutation_rate': 0.2655762726086655, 'crossover_rate': 0.8325639545512775}"
genetic,3,15,39.00900660001207,0,435.0,5.45,12,"{'horizon': 7, 'population_size': 67, 'generations': 6, 'elite_fraction': 0.178264074604001, 'mutation_rate': 0.2655762726086655, 'crossover_rate': 0.8325639545512775}"
genetic,3,16,22.55115289997775,0,368.0,4.7,10,"{'horizon': 7, 'population_size': 67, 'generations': 6, 'elite_fraction': 0.178264074604001, 'mutation_rate': 0.2655762726086655, 'crossover_rate': 0.8325639545512775}"
genetic,3,17,3.192971899989061,0,327.0,4.1000000000000005,3,"{'horizon': 7, 'population_size': 67, 'generations': 6, 'elite_fraction': 0.178264074604001, 'mutation_rate': 0.2655762726086655, 'crossover_rate': 0.8325639545512775}"
genetic,3,18,34.47496709995903,0,307.0,3.85,10,"{'horizon': 7, 'population_size': 67, 'generations': 6, 'elite_fraction': 0.178264074604001, 'mutation_rate': 0.2655762726086655, 'crossover_rate': 0.8325639545512775}"
genetic,3,19,1.2656067999778315,0,239.0,3.0,0,"{'horizon': 7, 'population_size': 67, 'generations': 6, 'elite_fraction': 0.178264074604001, 'mutation_rate': 0.2655762726086655, 'crossover_rate': 0.8325639545512775}"
genetic,3,20,5.456835400080308,0,345.0,4.45,3,"{'horizon': 7, 'population_size': 67, 'generations': 6, 'elite_fraction': 0.178264074604001, 'mutation_rate': 0.2655762726086655, 'crossover_rate': 0.8325639545512775}"
genetic,3,21,68.17959060007706,-1,1000000000.0,1000000000.0,0.0,"{'horizon': 7, 'population_size': 67, 'generations': 6, 'elite_fraction': 0.178264074604001, 'mutation_rate': 0.2655762726086655, 'crossover_rate': 0.8325639545512775}"
genetic,3,22,4.048734999960288,0,579.0,7.25,9,"{'horizon': 7, 'population_size': 67, 'generations': 6, 'elite_fraction': 0.178264074604001, 'mutation_rate': 0.2655762726086655, 'crossover_rate': 0.8325639545512775}"
genetic,3,23,18.515130800078623,0,336.0,4.25,13,"{'horizon': 7, 'population_size': 67, 'generations': 6, 'elite_fraction': 0.178264074604001, 'mutation_rate': 0.2655762726086655, 'crossover_rate': 0.8325639545512775}"
genetic,3,24,2.298063899972476,0,310.0,3.9000000000000004,2,"{'horizon': 7, 'population_size': 67, 'generations': 6, 'elite_fraction': 0.178264074604001, 'mutation_rate': 0.2655762726086655, 'crossover_rate': 0.8325639545512775}"
genetic,3,25,4.937580200028606,0,299.0,3.75,2,"{'horizon': 7, 'population_size': 67, 'generations': 6, 'elite_fraction': 0.178264074604001, 'mutation_rate': 0.2655762726086655, 'crossover_rate': 0.8325639545512775}"
genetic,3,26,38.04587279993575,0,299.0,3.75,16,"{'horizon': 7, 'population_size': 67, 'generations': 6, 'elite_fraction': 0.178264074604001, 'mutation_rate': 0.2655762726086655, 'crossover_rate': 0.8325639545512775}"
genetic,3,27,51.95683430007193,0,751.0,9.4,10,"{'horizon': 7, 'population_size': 67, 'generations': 6, 'elite_fraction': 0.178264074604001, 'mutation_rate': 0.2655762726086655, 'crossover_rate': 0.8325639545512775}"
genetic,3,28,6.28603119996842,0,371.0,4.65,5,"{'horizon': 7, 'population_size': 67, 'generations': 6, 'elite_fraction': 0.178264074604001, 'mutation_rate': 0.2655762726086655, 'crossover_rate': 0.8325639545512775}"
genetic,3,29,36.18285719992127,0,343.0,4.3,16,"{'horizon': 7, 'population_size': 67, 'generations': 6, 'elite_fraction': 0.178264074604001, 'mutation_rate': 0.2655762726086655, 'crossover_rate': 0.8325639545512775}"
genetic,3,30,55.43771820003167,0,1471.0,18.400000000000002,1,"{'horizon': 7, 'population_size': 67, 'generations': 6, 'elite_fraction': 0.178264074604001, 'mutation_rate': 0.2655762726086655, 'crossover_rate': 0.8325639545512775}"
genetic,3,31,49.925198899931274,0,723.0,9.600000000000001,13,"{'horizon': 7, 'population_size': 67, 'generations': 6, 'elite_fraction': 0.178264074604001, 'mutation_rate': 0.2655762726086655, 'crossover_rate': 0.8325639545512775}"
genetic,3,32,5.997839099960402,0,429.0,5.45,7,"{'horizon': 7, 'population_size': 67, 'generations': 6, 'elite_fraction': 0.178264074604001, 'mutation_rate': 0.2655762726086655, 'crossover_rate': 0.8325639545512775}"
genetic,3,33,12.138846700079739,0,263.0,3.3000000000000003,7,"{'horizon': 7, 'population_size': 67, 'generations': 6, 'elite_fraction': 0.178264074604001, 'mutation_rate': 0.2655762726086655, 'crossover_rate': 0.8325639545512775}"
genetic,3,34,11.376118100015447,0,279.0,3.5,4,"{'horizon': 7, 'population_size': 67, 'generations': 6, 'elite_fraction': 0.178264074604001, 'mutation_rate': 0.2655762726086655, 'crossover_rate': 0.8325639545512775}"
genetic,3,35,3.104037699988112,0,219.0,2.75,2,"{'horizon': 7, 'population_size': 67, 'generations': 6, 'elite_fraction': 0.178264074604001, 'mutation_rate': 0.2655762726086655, 'crossover_rate': 0.8325639545512775}"
genetic,3,36,2.9928832000587136,0,235.0,2.95,2,"{'horizon': 7, 'population_size': 67, 'generations': 6, 'elite_fraction': 0.178264074604001, 'mutation_rate': 0.2655762726086655, 'crossover_rate': 0.8325639545512775}"
genetic,3,37,127.78812959999777,-1,1000000000.0,1000000000.0,0.0,"{'horizon': 7, 'population_size': 67, 'generations': 6, 'elite_fraction': 0.178264074604001, 'mutation_rate': 0.2655762726086655, 'crossover_rate': 0.8325639545512775}"
genetic,3,38,4.507698499946855,0,343.0,4.3,5,"{'horizon': 7, 'population_size': 67, 'generations': 6, 'elite_fraction': 0.178264074604001, 'mutation_rate': 0.2655762726086655, 'crossover_rate': 0.8325639545512775}"
genetic,3,39,31.320271100034006,0,539.0,7.0,16,"{'horizon': 7, 'population_size': 67, 'generations': 6, 'elite_fraction': 0.178264074604001, 'mutation_rate': 0.2655762726086655, 'crossover_rate': 0.8325639545512775}"
genetic,3,40,4.062050999957137,0,311.0,3.9000000000000004,1,"{'horizon': 7, 'population_size': 67, 'generations': 6, 'elite_fraction': 0.178264074604001, 'mutation_rate': 0.2655762726086655, 'crossover_rate': 0.8325639545512775}"
genetic,3,41,2.7620080000488088,0,259.0,3.25,2,"{'horizon': 7, 'population_size': 67, 'generations': 6, 'elite_fraction': 0.178264074604001, 'mutation_rate': 0.2655762726086655, 'crossover_rate': 0.8325639545512775}"
genetic,3,42,14.496274000033736,0,331.0,4.15,3,"{'horizon': 7, 'population_size': 67, 'generations': 6, 'elite_fraction': 0.178264074604001, 'mutation_rate': 0.2655762726086655, 'crossover_rate': 0.8325639545512775}"
genetic,3,43,8.477821599924937,0,279.0,3.5,4,"{'horizon': 7, 'population_size': 67, 'generations': 6, 'elite_fraction': 0.178264074604001, 'mutation_rate': 0.2655762726086655, 'crossover_rate': 0.8325639545512775}"
genetic,3,44,17.310658999951556,0,255.0,3.2,9,"{'horizon': 7, 'population_size': 67, 'generations': 6, 'elite_fraction': 0.178264074604001, 'mutation_rate': 0.2655762726086655, 'crossover_rate': 0.8325639545512775}"
genetic,3,45,36.78854149999097,0,561.0,7.050000000000001,16,"{'horizon': 7, 'population_size': 67, 'generations': 6, 'elite_fraction': 0.178264074604001, 'mutation_rate': 0.2655762726086655, 'crossover_rate': 0.8325639545512775}"
genetic,3,46,74.26037529995665,0,919.0,11.5,20,"{'horizon': 7, 'population_size': 67, 'generations': 6, 'elite_fraction': 0.178264074604001, 'mutation_rate': 0.2655762726086655, 'crossover_rate': 0.8325639545512775}"
genetic,3,47,17.538467100006528,0,307.0,3.85,13,"{'horizon': 7, 'population_size': 67, 'generations': 6, 'elite_fraction': 0.178264074604001, 'mutation_rate': 0.2655762726086655, 'crossover_rate': 0.8325639545512775}"
genetic,3,48,16.06771169998683,0,303.0,3.8000000000000003,7,"{'horizon': 7, 'population_size': 67, 'generations': 6, 'elite_fraction': 0.178264074604001, 'mutation_rate': 0.2655762726086655, 'crossover_rate': 0.8325639545512775}"
genetic,3,49,7.541327599901706,0,283.0,3.5500000000000003,10,"{'horizon': 7, 'population_size': 67, 'generations': 6, 'elite_fraction': 0.178264074604001, 'mutation_rate': 0.2655762726086655, 'crossover_rate': 0.8325639545512775}"
genetic,3,50,26.237967199995182,0,355.0,4.45,23,"{'horizon': 7, 'population_size': 67, 'generations': 6, 'elite_fraction': 0.178264074604001, 'mutation_rate': 0.2655762726086655, 'crossover_rate': 0.8325639545512775}"
genetic,3,51,10.475358299911022,0,347.0,4.3500000000000005,6,"{'horizon': 7, 'population_size': 67, 'generations': 6, 'elite_fraction': 0.178264074604001, 'mutation_rate': 0.2655762726086655, 'crossover_rate': 0.8325639545512775}"
genetic,3,52,28.313215500093065,0,331.0,4.15,4,"{'horizon': 7, 'population_size': 67, 'generations': 6, 'elite_fraction': 0.178264074604001, 'mutation_rate': 0.2655762726086655, 'crossover_rate': 0.8325639545512775}"
genetic,3,53,9.15614119998645,0,283.0,3.5500000000000003,4,"{'horizon': 7, 'population_size': 67, 'generations': 6, 'elite_fraction': 0.178264074604001, 'mutation_rate': 0.2655762726086655, 'crossover_rate': 0.8325639545512775}"
genetic,3,54,14.64733750000596,0,313.0,3.95,10,"{'horizon': 7, 'population_size': 67, 'generations': 6, 'elite_fraction': 0.178264074604001, 'mutation_rate': 0.2655762726086655, 'crossover_rate': 0.8325639545512775}"
genetic,3,55,2.4716977999778464,0,255.0,3.2,6,"{'horizon': 7, 'population_size': 67, 'generations': 6, 'elite_fraction': 0.178264074604001, 'mutation_rate': 0.2655762726086655, 'crossover_rate': 0.8325639545512775}"
genetic,3,56,75.32522150001023,3,1751.0,21.950000000000003,9,"{'horizon': 7, 'population_size': 67, 'generations': 6, 'elite_fraction': 0.178264074604001, 'mutation_rate': 0.2655762726086655, 'crossover_rate': 0.8325639545512775}"
genetic,3,57,5.150063899927773,0,259.0,3.25,11,"{'horizon': 7, 'population_size': 67, 'generations': 6, 'elite_fraction': 0.178264074604001, 'mutation_rate': 0.2655762726086655, 'crossover_rate': 0.8325639545512775}"
genetic,3,58,5.2052763000829145,0,263.0,3.3000000000000003,12,"{'horizon': 7, 'population_size': 67, 'generations': 6, 'elite_fraction': 0.178264074604001, 'mutation_rate': 0.2655762726086655, 'crossover_rate': 0.8325639545512775}"
genetic,3,59,36.4476474999683,0,427.0,5.3500000000000005,5,"{'horizon': 7, 'population_size': 67, 'generations': 6, 'elite_fraction': 0.178264074604001, 'mutation_rate': 0.2655762726086655, 'crossover_rate': 0.8325639545512775}"
genetic,3,60,3.581794199999422,0,223.0,2.8000000000000003,11,"{'horizon': 7, 'population_size': 67, 'generations': 6, 'elite_fraction': 0.178264074604001, 'mutation_rate': 0.2655762726086655, 'crossover_rate': 0.8325639545512775}"
genetic,3,61,36.92933139996603,0,283.0,3.5500000000000003,10,"{'horizon': 7, 'population_size': 67, 'generations': 6, 'elite_fraction': 0.178264074604001, 'mutation_rate': 0.2655762726086655, 'crossover_rate': 0.8325639545512775}"
genetic,3,62,47.52586109994445,0,275.0,3.45,11,"{'horizon': 7, 'population_size': 67, 'generations': 6, 'elite_fraction': 0.178264074604001, 'mutation_rate': 0.2655762726086655, 'crossover_rate': 0.8325639545512775}"
genetic,3,63,43.38635429996066,0,363.0,4.55,12,"{'horizon': 7, 'population_size': 67, 'generations': 6, 'elite_fraction': 0.178264074604001, 'mutation_rate': 0.2655762726086655, 'crossover_rate': 0.8325639545512775}"
genetic,3,64,22.467091800062917,0,319.0,4.0,17,"{'horizon': 7, 'population_size': 67, 'generations': 6, 'elite_fraction': 0.178264074604001, 'mutation_rate': 0.2655762726086655, 'crossover_rate': 0.8325639545512775}"
genetic,3,65,50.98973309993744,0,711.0,9.0,16,"{'horizon': 7, 'population_size': 67, 'generations': 6, 'elite_fraction': 0.178264074604001, 'mutation_rate': 0.2655762726086655, 'crossover_rate': 0.8325639545512775}"
genetic,3,66,24.185221099993214,0,239.0,3.0,10,"{'horizon': 7, 'population_size': 67, 'generations': 6, 'elite_fraction': 0.178264074604001, 'mutation_rate': 0.2655762726086655, 'crossover_rate': 0.8325639545512775}"
genetic,3,67,44.77331810002215,0,355.0,4.45,14,"{'horizon': 7, 'population_size': 67, 'generations': 6, 'elite_fraction': 0.178264074604001, 'mutation_rate': 0.2655762726086655, 'crossover_rate': 0.8325639545512775}"
genetic,3,68,40.64284179999959,0,427.0,5.3500000000000005,6,"{'horizon': 7, 'population_size': 67, 'generations': 6, 'elite_fraction': 0.178264074604001, 'mutation_rate': 0.2655762726086655, 'crossover_rate': 0.8325639545512775}"
genetic,3,69,26.07848489994649,0,324.0,4.1000000000000005,9,"{'horizon': 7, 'population_size': 67, 'generations': 6, 'elite_fraction': 0.178264074604001, 'mutation_rate': 0.2655762726086655, 'crossover_rate': 0.8325639545512775}"
genetic,3,70,3.0075453999452293,0,267.0,3.35,4,"{'horizon': 7, 'population_size': 67, 'generations': 6, 'elite_fraction': 0.178264074604001, 'mutation_rate': 0.2655762726086655, 'crossover_rate': 0.8325639545512775}"
genetic,3,71,21.31551230000332,0,255.0,3.2,7,"{'horizon': 7, 'population_size': 67, 'generations': 6, 'elite_fraction': 0.178264074604001, 'mutation_rate': 0.2655762726086655, 'crossover_rate': 0.8325639545512775}"
genetic,3,72,27.03362050000578,0,327.0,4.1000000000000005,9,"{'horizon': 7, 'population_size': 67, 'generations': 6, 'elite_fraction': 0.178264074604001, 'mutation_rate': 0.2655762726086655, 'crossover_rate': 0.8325639545512775}"
genetic,3,73,3.9876222000457346,0,267.0,3.35,6,"{'horizon': 7, 'population_size': 67, 'generations': 6, 'elite_fraction': 0.178264074604001, 'mutation_rate': 0.2655762726086655, 'crossover_rate': 0.8325639545512775}"
genetic,3,74,40.92814540001564,0,343.0,4.3,20,"{'horizon': 7, 'population_size': 67, 'generations': 6, 'elite_fraction': 0.178264074604001, 'mutation_rate': 0.2655762726086655, 'crossover_rate': 0.8325639545512775}"
genetic,3,75,38.681401400011964,0,267.0,3.35,9,"{'horizon': 7, 'population_size': 67, 'generations': 6, 'elite_fraction': 0.178264074604001, 'mutation_rate': 0.2655762726086655, 'crossover_rate': 0.8325639545512775}"
genetic,3,76,60.504101300030015,-1,1000000000.0,1000000000.0,0.0,"{'horizon': 7, 'population_size': 67, 'generations': 6, 'elite_fraction': 0.178264074604001, 'mutation_rate': 0.2655762726086655, 'crossover_rate': 0.8325639545512775}"
genetic,3,77,7.6009875000454485,0,287.0,3.6,7,"{'horizon': 7, 'population_size': 67, 'generations': 6, 'elite_fraction': 0.178264074604001, 'mutation_rate': 0.2655762726086655, 'crossover_rate': 0.8325639545512775}"
genetic,3,78,120.49345200008247,-1,1000000000.0,1000000000.0,0.0,"{'horizon': 7, 'population_size': 67, 'generations': 6, 'elite_fraction': 0.178264074604001, 'mutation_rate': 0.2655762726086655, 'crossover_rate': 0.8325639545512775}"
genetic,3,79,15.268964000046253,0,384.0,4.95,7,"{'horizon': 7, 'population_size': 67, 'generations': 6, 'elite_fraction': 0.178264074604001, 'mutation_rate': 0.2655762726086655, 'crossover_rate': 0.8325639545512775}"
genetic,3,80,1.3262091999640688,0,251.0,3.1500000000000004,4,"{'horizon': 7, 'population_size': 67, 'generations': 6, 'elite_fraction': 0.178264074604001, 'mutation_rate': 0.2655762726086655, 'crossover_rate': 0.8325639545512775}"
genetic,3,81,20.646360700018704,0,251.0,3.1500000000000004,6,"{'horizon': 7, 'population_size': 67, 'generations': 6, 'elite_fraction': 0.178264074604001, 'mutation_rate': 0.2655762726086655, 'crossover_rate': 0.8325639545512775}"
genetic,3,82,35.04301700007636,0,387.0,4.8500000000000005,15,"{'horizon': 7, 'population_size': 67, 'generations': 6, 'elite_fraction': 0.178264074604001, 'mutation_rate': 0.2655762726086655, 'crossover_rate': 0.8325639545512775}"
genetic,3,83,93.49511620006524,0,1375.0,17.2,27,"{'horizon': 7, 'population_size': 67, 'generations': 6, 'elite_fraction': 0.178264074604001, 'mutation_rate': 0.2655762726086655, 'crossover_rate': 0.8325639545512775}"
genetic,3,84,3.6068745999364182,0,235.0,2.95,7,"{'horizon': 7, 'population_size': 67, 'generations': 6, 'elite_fraction': 0.178264074604001, 'mutation_rate': 0.2655762726086655, 'crossover_rate': 0.8325639545512775}"
genetic,3,85,10.298270000028424,0,295.0,3.7,9,"{'horizon': 7, 'population_size': 67, 'generations': 6, 'elite_fraction': 0.178264074604001, 'mutation_rate': 0.2655762726086655, 'crossover_rate': 0.8325639545512775}"
genetic,3,86,30.47742929996457,0,351.0,4.4,3,"{'horizon': 7, 'population_size': 67, 'generations': 6, 'elite_fraction': 0.178264074604001, 'mutation_rate': 0.2655762726086655, 'crossover_rate': 0.8325639545512775}"
genetic,3,87,2.0600117000285536,0,259.0,3.25,8,"{'horizon': 7, 'population_size': 67, 'generations': 6, 'elite_fraction': 0.178264074604001, 'mutation_rate': 0.2655762726086655, 'crossover_rate': 0.8325639545512775}"
genetic,3,88,180.27820580010302,-1,1000000000.0,1000000000.0,0.0,"{'horizon': 7, 'population_size': 67, 'generations': 6, 'elite_fraction': 0.178264074604001, 'mutation_rate': 0.2655762726086655, 'crossover_rate': 0.8325639545512775}"
genetic,3,89,19.390342099941336,0,279.0,3.5,7,"{'horizon': 7, 'population_size': 67, 'generations': 6, 'elite_fraction': 0.178264074604001, 'mutation_rate': 0.2655762726086655, 'crossover_rate': 0.8325639545512775}"
genetic,3,90,2.000381499994546,0,247.0,3.1,4,"{'horizon': 7, 'population_size': 67, 'generations': 6, 'elite_fraction': 0.178264074604001, 'mutation_rate': 0.2655762726086655, 'crossover_rate': 0.8325639545512775}"
genetic,3,91,188.07333980000112,1,5000.0,62.5,4,"{'horizon': 7, 'population_size': 67, 'generations': 6, 'elite_fraction': 0.178264074604001, 'mutation_rate': 0.2655762726086655, 'crossover_rate': 0.8325639545512775}"
genetic,3,92,1.140476300031878,0,215.0,2.7,0,"{'horizon': 7, 'population_size': 67, 'generations': 6, 'elite_fraction': 0.178264074604001, 'mutation_rate': 0.2655762726086655, 'crossover_rate': 0.8325639545512775}"
genetic,3,93,31.46316099993419,0,431.0,5.4,9,"{'horizon': 7, 'population_size': 67, 'generations': 6, 'elite_fraction': 0.178264074604001, 'mutation_rate': 0.2655762726086655, 'crossover_rate': 0.8325639545512775}"
genetic,3,94,4.468853499973193,0,291.0,3.6500000000000004,6,"{'horizon': 7, 'population_size': 67, 'generations': 6, 'elite_fraction': 0.178264074604001, 'mutation_rate': 0.2655762726086655, 'crossover_rate': 0.8325639545512775}"
genetic,3,95,2.0775132999988273,0,318.0,4.0,12,"{'horizon': 7, 'population_size': 67, 'generations': 6, 'elite_fraction': 0.178264074604001, 'mutation_rate': 0.2655762726086655, 'crossover_rate': 0.8325639545512775}"
genetic,3,96,17.693959000054747,0,403.0,5.050000000000001,18,"{'horizon': 7, 'population_size': 67, 'generations': 6, 'elite_fraction': 0.178264074604001, 'mutation_rate': 0.2655762726086655, 'crossover_rate': 0.8325639545512775}"
genetic,3,97,22.70373920002021,0,562.0,7.300000000000001,9,"{'horizon': 7, 'population_size': 67, 'generations': 6, 'elite_fraction': 0.178264074604001, 'mutation_rate': 0.2655762726086655, 'crossover_rate': 0.8325639545512775}"
genetic,3,98,2.700912900036201,0,267.0,3.35,7,"{'horizon': 7, 'population_size': 67, 'generations': 6, 'elite_fraction': 0.178264074604001, 'mutation_rate': 0.2655762726086655, 'crossover_rate': 0.8325639545512775}"
genetic,3,99,11.96118760004174,0,311.0,3.9000000000000004,21,"{'horizon': 7, 'population_size': 67, 'generations': 6, 'elite_fraction': 0.178264074604001, 'mutation_rate': 0.2655762726086655, 'crossover_rate': 0.8325639545512775}"
genetic,4,0,3.9039012000430375,0,315.0,3.95,8,"{'horizon': 8, 'population_size': 59, 'generations': 6, 'elite_fraction': 0.25324031750275916, 'mutation_rate': 0.1428533129653752, 'crossover_rate': 0.9640800654746671}"
genetic,4,1,8.241582400049083,0,271.0,3.4000000000000004,3,"{'horizon': 8, 'population_size': 59, 'generations': 6, 'elite_fraction': 0.25324031750275916, 'mutation_rate': 0.1428533129653752, 'crossover_rate': 0.9640800654746671}"
genetic,4,2,34.06298380007502,0,419.0,5.25,8,"{'horizon': 8, 'population_size': 59, 'generations': 6, 'elite_fraction': 0.25324031750275916, 'mutation_rate': 0.1428533129653752, 'crossover_rate': 0.9640800654746671}"
genetic,4,3,97.33592410001438,-1,1000000000.0,1000000000.0,0.0,"{'horizon': 8, 'population_size': 59, 'generations': 6, 'elite_fraction': 0.25324031750275916, 'mutation_rate': 0.1428533129653752, 'crossover_rate': 0.9640800654746671}"
genetic,4,4,31.359307400067337,0,335.0,4.2,10,"{'horizon': 8, 'population_size': 59, 'generations': 6, 'elite_fraction': 0.25324031750275916, 'mutation_rate': 0.1428533129653752, 'crossover_rate': 0.9640800654746671}"
genetic,4,5,0.20863210002426058,0,255.0,3.2,0,"{'horizon': 8, 'population_size': 59, 'generations': 6, 'elite_fraction': 0.25324031750275916, 'mutation_rate': 0.1428533129653752, 'crossover_rate': 0.9640800654746671}"
genetic,4,6,22.881523600080982,0,263.0,3.3000000000000003,15,"{'horizon': 8, 'population_size': 59, 'generations': 6, 'elite_fraction': 0.25324031750275916, 'mutation_rate': 0.1428533129653752, 'crossover_rate': 0.9640800654746671}"
genetic,4,7,4.304690200020559,0,291.0,3.6500000000000004,7,"{'horizon': 8, 'population_size': 59, 'generations': 6, 'elite_fraction': 0.25324031750275916, 'mutation_rate': 0.1428533129653752, 'crossover_rate': 0.9640800654746671}"
genetic,4,8,30.264297500019893,0,391.0,4.9,18,"{'horizon': 8, 'population_size': 59, 'generations': 6, 'elite_fraction': 0.25324031750275916, 'mutation_rate': 0.1428533129653752, 'crossover_rate': 0.9640800654746671}"
genetic,4,9,18.763281400082633,0,287.0,3.6,12,"{'horizon': 8, 'population_size': 59, 'generations': 6, 'elite_fraction': 0.25324031750275916, 'mutation_rate': 0.1428533129653752, 'crossover_rate': 0.9640800654746671}"
genetic,4,10,55.08689689997118,0,347.0,4.3500000000000005,16,"{'horizon': 8, 'population_size': 59, 'generations': 6, 'elite_fraction': 0.25324031750275916, 'mutation_rate': 0.1428533129653752, 'crossover_rate': 0.9640800654746671}"
genetic,4,11,53.10929609998129,0,299.0,3.75,11,"{'horizon': 8, 'population_size': 59, 'generations': 6, 'elite_fraction': 0.25324031750275916, 'mutation_rate': 0.1428533129653752, 'crossover_rate': 0.9640800654746671}"
genetic,4,12,157.12490689998958,-1,1000000000.0,1000000000.0,0.0,"{'horizon': 8, 'population_size': 59, 'generations': 6, 'elite_fraction': 0.25324031750275916, 'mutation_rate': 0.1428533129653752, 'crossover_rate': 0.9640800654746671}"
genetic,4,13,38.0509413999971,0,499.0,6.25,14,"{'horizon': 8, 'population_size': 59, 'generations': 6, 'elite_fraction': 0.25324031750275916, 'mutation_rate': 0.1428533129653752, 'crossover_rate': 0.9640800654746671}"
genetic,4,14,46.82261379994452,0,680.0,9.05,6,"{'horizon': 8, 'population_size': 59, 'generations': 6, 'elite_fraction': 0.25324031750275916, 'mutation_rate': 0.1428533129653752, 'crossover_rate': 0.9640800654746671}"
genetic,4,15,30.079950000043027,0,295.0,3.7,17,"{'horizon': 8, 'population_size': 59, 'generations': 6, 'elite_fraction': 0.25324031750275916, 'mutation_rate': 0.1428533129653752, 'crossover_rate': 0.9640800654746671}"
genetic,4,16,25.85186930000782,0,365.0,4.65,15,"{'horizon': 8, 'population_size': 59, 'generations': 6, 'elite_fraction': 0.25324031750275916, 'mutation_rate': 0.1428533129653752, 'crossover_rate': 0.9640800654746671}"
genetic,4,17,3.3108123999554664,0,323.0,4.05,3,"{'horizon': 8, 'population_size': 59, 'generations': 6, 'elite_fraction': 0.25324031750275916, 'mutation_rate': 0.1428533129653752, 'crossover_rate': 0.9640800654746671}"
genetic,4,18,38.149085300043225,0,339.0,4.25,10,"{'horizon': 8, 'population_size': 59, 'generations': 6, 'elite_fraction': 0.25324031750275916, 'mutation_rate': 0.1428533129653752, 'crossover_rate': 0.9640800654746671}"
genetic,4,19,1.2944537999574095,0,239.0,3.0,0,"{'horizon': 8, 'population_size': 59, 'generations': 6, 'elite_fraction': 0.25324031750275916, 'mutation_rate': 0.1428533129653752, 'crossover_rate': 0.9640800654746671}"
genetic,4,20,1.2556462000356987,0,219.0,2.75,2,"{'horizon': 8, 'population_size': 59, 'generations': 6, 'elite_fraction': 0.25324031750275916, 'mutation_rate': 0.1428533129653752, 'crossover_rate': 0.9640800654746671}"
genetic,4,21,16.82373110007029,0,295.0,3.7,14,"{'horizon': 8, 'population_size': 59, 'generations': 6, 'elite_fraction': 0.25324031750275916, 'mutation_rate': 0.1428533129653752, 'crossover_rate': 0.9640800654746671}"
genetic,4,22,3.7155475999461487,0,579.0,7.25,9,"{'horizon': 8, 'population_size': 59, 'generations': 6, 'elite_fraction': 0.25324031750275916, 'mutation_rate': 0.1428533129653752, 'crossover_rate': 0.9640800654746671}"
genetic,4,23,15.035642500035465,0,295.0,3.7,9,"{'horizon': 8, 'population_size': 59, 'generations': 6, 'elite_fraction': 0.25324031750275916, 'mutation_rate': 0.1428533129653752, 'crossover_rate': 0.9640800654746671}"
genetic,4,24,2.103207000065595,0,310.0,3.9000000000000004,2,"{'horizon': 8, 'population_size': 59, 'generations': 6, 'elite_fraction': 0.25324031750275916, 'mutation_rate': 0.1428533129653752, 'crossover_rate': 0.9640800654746671}"
genetic,4,25,3.2992279999889433,0,271.0,3.4000000000000004,2,"{'horizon': 8, 'population_size': 59, 'generations': 6, 'elite_fraction': 0.25324031750275916, 'mutation_rate': 0.1428533129653752, 'crossover_rate': 0.9640800654746671}"
genetic,4,26,19.637129899929278,0,243.0,3.0500000000000003,7,"{'horizon': 8, 'population_size': 59, 'generations': 6, 'elite_fraction': 0.25324031750275916, 'mutation_rate': 0.1428533129653752, 'crossover_rate': 0.9640800654746671}"
genetic,4,27,42.874476499971934,0,895.0,11.200000000000001,8,"{'horizon': 8, 'population_size': 59, 'generations': 6, 'elite_fraction': 0.25324031750275916, 'mutation_rate': 0.1428533129653752, 'crossover_rate': 0.9640800654746671}"
genetic,4,28,3.500621199957095,0,307.0,3.85,5,"{'horizon': 8, 'population_size': 59, 'generations': 6, 'elite_fraction': 0.25324031750275916, 'mutation_rate': 0.1428533129653752, 'crossover_rate': 0.9640800654746671}"
genetic,4,29,30.092085300013423,0,359.0,4.5,20,"{'horizon': 8, 'population_size': 59, 'generations': 6, 'elite_fraction': 0.25324031750275916, 'mutation_rate': 0.1428533129653752, 'crossover_rate': 0.9640800654746671}"
genetic,4,30,2.9292982999468222,0,267.0,3.35,4,"{'horizon': 8, 'population_size': 59, 'generations': 6, 'elite_fraction': 0.25324031750275916, 'mutation_rate': 0.1428533129653752, 'crossover_rate': 0.9640800654746671}"
genetic,4,31,107.20114220003597,-1,1000000000.0,1000000000.0,0.0,"{'horizon': 8, 'population_size': 59, 'generations': 6, 'elite_fraction': 0.25324031750275916, 'mutation_rate': 0.1428533129653752, 'crossover_rate': 0.9640800654746671}"
genetic,4,32,16.91843439999502,0,499.0,6.4,11,"{'horizon': 8, 'population_size': 59, 'generations': 6, 'elite_fraction': 0.25324031750275916, 'mutation_rate': 0.1428533129653752, 'crossover_rate': 0.9640800654746671}"
genetic,4,33,22.350115399924107,0,291.0,3.6500000000000004,12,"{'horizon': 8, 'population_size': 59, 'generations': 6, 'elite_fraction': 0.25324031750275916, 'mutation_rate': 0.1428533129653752, 'crossover_rate': 0.9640800654746671}"
genetic,4,34,14.673092000070028,0,299.0,3.75,15,"{'horizon': 8, 'population_size': 59, 'generations': 6, 'elite_fraction': 0.25324031750275916, 'mutation_rate': 0.1428533129653752, 'crossover_rate': 0.9640800654746671}"
genetic,4,35,3.6429317999863997,0,279.0,3.5,2,"{'horizon': 8, 'population_size': 59, 'generations': 6, 'elite_fraction': 0.25324031750275916, 'mutation_rate': 0.1428533129653752, 'crossover_rate': 0.9640800654746671}"
genetic,4,36,2.3166241000872105,0,247.0,3.1,5,"{'horizon': 8, 'population_size': 59, 'generations': 6, 'elite_fraction': 0.25324031750275916, 'mutation_rate': 0.1428533129653752, 'crossover_rate': 0.9640800654746671}"
genetic,4,37,10.13815999997314,0,307.0,3.85,11,"{'horizon': 8, 'population_size': 59, 'generations': 6, 'elite_fraction': 0.25324031750275916, 'mutation_rate': 0.1428533129653752, 'crossover_rate': 0.9640800654746671}"
genetic,4,38,3.972543500014581,0,343.0,4.3,8,"{'horizon': 8, 'population_size': 59, 'generations': 6, 'elite_fraction': 0.25324031750275916, 'mutation_rate': 0.1428533129653752, 'crossover_rate': 0.9640800654746671}"
genetic,4,39,20.409388699918054,0,469.0,6.050000000000001,16,"{'horizon': 8, 'population_size': 59, 'generations': 6, 'elite_fraction': 0.25324031750275916, 'mutation_rate': 0.1428533129653752, 'crossover_rate': 0.9640800654746671}"
genetic,4,40,1.552548800013028,0,259.0,3.25,4,"{'horizon': 8, 'population_size': 59, 'generations': 6, 'elite_fraction': 0.25324031750275916, 'mutation_rate': 0.1428533129653752, 'crossover_rate': 0.9640800654746671}"
genetic,4,41,2.581101799965836,0,267.0,3.35,2,"{'horizon': 8, 'population_size': 59, 'generations': 6, 'elite_fraction': 0.25324031750275916, 'mutation_rate': 0.1428533129653752, 'crossover_rate': 0.9640800654746671}"
genetic,4,42,2.4804999999469146,0,307.0,3.85,1,"{'horizon': 8, 'population_size': 59, 'generations': 6, 'elite_fraction': 0.25324031750275916, 'mutation_rate': 0.1428533129653752, 'crossover_rate': 0.9640800654746671}"
genetic,4,43,6.67394480004441,0,319.0,4.0,4,"{'horizon': 8, 'population_size': 59, 'generations': 6, 'elite_fraction': 0.25324031750275916, 'mutation_rate': 0.1428533129653752, 'crossover_rate': 0.9640800654746671}"
genetic,4,44,48.335370899992995,0,1139.0,14.25,11,"{'horizon': 8, 'population_size': 59, 'generations': 6, 'elite_fraction': 0.25324031750275916, 'mutation_rate': 0.1428533129653752, 'crossover_rate': 0.9640800654746671}"
genetic,4,45,111.59649210004136,-1,1000000000.0,1000000000.0,0.0,"{'horizon': 8, 'population_size': 59, 'generations': 6, 'elite_fraction': 0.25324031750275916, 'mutation_rate': 0.1428533129653752, 'crossover_rate': 0.9640800654746671}"
genetic,4,46,32.793213200056925,0,395.0,4.95,10,"{'horizon': 8, 'population_size': 59, 'generations': 6, 'elite_fraction': 0.25324031750275916, 'mutation_rate': 0.1428533129653752, 'crossover_rate': 0.9640800654746671}"
genetic,4,47,13.575744500034489,0,267.0,3.35,13,"{'horizon': 8, 'population_size': 59, 'generations': 6, 'elite_fraction': 0.25324031750275916, 'mutation_rate': 0.1428533129653752, 'crossover_rate': 0.9640800654746671}"
genetic,4,48,10.080898600048386,0,311.0,3.9000000000000004,2,"{'horizon': 8, 'population_size': 59, 'generations': 6, 'elite_fraction': 0.25324031750275916, 'mutation_rate': 0.1428533129653752, 'crossover_rate': 0.9640800654746671}"
genetic,4,49,1.840048799989745,0,247.0,3.1,0,"{'horizon': 8, 'population_size': 59, 'generations': 6, 'elite_fraction': 0.25324031750275916, 'mutation_rate': 0.1428533129653752, 'crossover_rate': 0.9640800654746671}"
genetic,4,50,16.48489160009194,0,311.0,3.9000000000000004,18,"{'horizon': 8, 'population_size': 59, 'generations': 6, 'elite_fraction': 0.25324031750275916, 'mutation_rate': 0.1428533129653752, 'crossover_rate': 0.9640800654746671}"
genetic,4,51,21.86446509999223,0,451.0,5.65,7,"{'horizon': 8, 'population_size': 59, 'generations': 6, 'elite_fraction': 0.25324031750275916, 'mutation_rate': 0.1428533129653752, 'crossover_rate': 0.9640800654746671}"
genetic,4,52,8.072926900000311,0,315.0,3.95,2,"{'horizon': 8, 'population_size': 59, 'generations': 6, 'elite_fraction': 0.25324031750275916, 'mutation_rate': 0.1428533129653752, 'crossover_rate': 0.9640800654746671}"
genetic,4,53,4.720707000000402,0,271.0,3.4000000000000004,1,"{'horizon': 8, 'population_size': 59, 'generations': 6, 'elite_fraction': 0.25324031750275916, 'mutation_rate': 0.1428533129653752, 'crossover_rate': 0.9640800654746671}"
genetic,4,54,11.879862700006925,0,332.0,4.2,10,"{'horizon': 8, 'population_size': 59, 'generations': 6, 'elite_fraction': 0.25324031750275916, 'mutation_rate': 0.1428533129653752, 'crossover_rate': 0.9640800654746671}"
genetic,4,55,2.691636799951084,0,287.0,3.6,6,"{'horizon': 8, 'population_size': 59, 'generations': 6, 'elite_fraction': 0.25324031750275916, 'mutation_rate': 0.1428533129653752, 'crossover_rate': 0.9640800654746671}"
genetic,4,56,4.635382700012997,0,339.0,4.25,8,"{'horizon': 8, 'population_size': 59, 'generations': 6, 'elite_fraction': 0.25324031750275916, 'mutation_rate': 0.1428533129653752, 'crossover_rate': 0.9640800654746671}"
genetic,4,57,5.1375045999884605,0,279.0,3.5,12,"{'horizon': 8, 'population_size': 59, 'generations': 6, 'elite_fraction': 0.25324031750275916, 'mutation_rate': 0.1428533129653752, 'crossover_rate': 0.9640800654746671}"
genetic,4,58,13.592024600016885,0,351.0,4.4,11,"{'horizon': 8, 'population_size': 59, 'generations': 6, 'elite_fraction': 0.25324031750275916, 'mutation_rate': 0.1428533129653752, 'crossover_rate': 0.9640800654746671}"
genetic,4,59,77.30306310008746,-1,1000000000.0,1000000000.0,0.0,"{'horizon': 8, 'population_size': 59, 'generations': 6, 'elite_fraction': 0.25324031750275916, 'mutation_rate': 0.1428533129653752, 'crossover_rate': 0.9640800654746671}"
genetic,4,60,3.3142600000137463,0,223.0,2.8000000000000003,11,"{'horizon': 8, 'population_size': 59, 'generations': 6, 'elite_fraction': 0.25324031750275916, 'mutation_rate': 0.1428533129653752, 'crossover_rate': 0.9640800654746671}"
genetic,4,61,34.58644510002341,0,323.0,4.05,10,"{'horizon': 8, 'population_size': 59, 'generations': 6, 'elite_fraction': 0.25324031750275916, 'mutation_rate': 0.1428533129653752, 'crossover_rate': 0.9640800654746671}"
genetic,4,62,35.13786329992581,0,283.0,3.5500000000000003,11,"{'horizon': 8, 'population_size': 59, 'generations': 6, 'elite_fraction': 0.25324031750275916, 'mutation_rate': 0.1428533129653752, 'crossover_rate': 0.9640800654746671}"
genetic,4,63,22.524779699975625,0,291.0,3.6500000000000004,9,"{'horizon': 8, 'population_size': 59, 'generations': 6, 'elite_fraction': 0.25324031750275916, 'mutation_rate': 0.1428533129653752, 'crossover_rate': 0.9640800654746671}"
genetic,4,64,21.68141540000215,0,303.0,3.8000000000000003,12,"{'horizon': 8, 'population_size': 59, 'generations': 6, 'elite_fraction': 0.25324031750275916, 'mutation_rate': 0.1428533129653752, 'crossover_rate': 0.9640800654746671}"
genetic,4,65,35.46766640001442,0,500.0,6.4,13,"{'horizon': 8, 'population_size': 59, 'generations': 6, 'elite_fraction': 0.25324031750275916, 'mutation_rate': 0.1428533129653752, 'crossover_rate': 0.9640800654746671}"
genetic,4,66,32.29747310001403,0,283.0,3.5500000000000003,14,"{'horizon': 8, 'population_size': 59, 'generations': 6, 'elite_fraction': 0.25324031750275916, 'mutation_rate': 0.1428533129653752, 'crossover_rate': 0.9640800654746671}"
genetic,4,67,40.11337490007281,0,363.0,4.55,8,"{'horizon': 8, 'population_size': 59, 'generations': 6, 'elite_fraction': 0.25324031750275916, 'mutation_rate': 0.1428533129653752, 'crossover_rate': 0.9640800654746671}"
genetic,4,68,35.12494900007732,0,323.0,4.05,7,"{'horizon': 8, 'population_size': 59, 'generations': 6, 'elite_fraction': 0.25324031750275916, 'mutation_rate': 0.1428533129653752, 'crossover_rate': 0.9640800654746671}"
genetic,4,69,11.861435999977402,0,303.0,3.85,9,"{'horizon': 8, 'population_size': 59, 'generations': 6, 'elite_fraction': 0.25324031750275916, 'mutation_rate': 0.1428533129653752, 'crossover_rate': 0.9640800654746671}"
genetic,4,70,2.1748733000131324,0,251.0,3.1500000000000004,3,"{'horizon': 8, 'population_size': 59, 'generations': 6, 'elite_fraction': 0.25324031750275916, 'mutation_rate': 0.1428533129653752, 'crossover_rate': 0.9640800654746671}"
genetic,4,71,45.041739300009795,0,627.0,7.8500000000000005,9,"{'horizon': 8, 'population_size': 59, 'generations': 6, 'elite_fraction': 0.25324031750275916, 'mutation_rate': 0.1428533129653752, 'crossover_rate': 0.9640800654746671}"
genetic,4,72,15.973547099973075,0,327.0,4.1000000000000005,9,"{'horizon': 8, 'population_size': 59, 'generations': 6, 'elite_fraction': 0.25324031750275916, 'mutation_rate': 0.1428533129653752, 'crossover_rate': 0.9640800654746671}"
genetic,4,73,3.737293799989857,0,263.0,3.3000000000000003,6,"{'horizon': 8, 'population_size': 59, 'generations': 6, 'elite_fraction': 0.25324031750275916, 'mutation_rate': 0.1428533129653752, 'crossover_rate': 0.9640800654746671}"
genetic,4,74,15.855327200028114,0,303.0,3.8000000000000003,8,"{'horizon': 8, 'population_size': 59, 'generations': 6, 'elite_fraction': 0.25324031750275916, 'mutation_rate': 0.1428533129653752, 'crossover_rate': 0.9640800654746671}"
genetic,4,75,20.94954850000795,0,243.0,3.0500000000000003,9,"{'horizon': 8, 'population_size': 59, 'generations': 6, 'elite_fraction': 0.25324031750275916, 'mutation_rate': 0.1428533129653752, 'crossover_rate': 0.9640800654746671}"
genetic,4,76,60.549111300031655,-1,1000000000.0,1000000000.0,0.0,"{'horizon': 8, 'population_size': 59, 'generations': 6, 'elite_fraction': 0.25324031750275916, 'mutation_rate': 0.1428533129653752, 'crossover_rate': 0.9640800654746671}"
genetic,4,77,5.298114800010808,0,283.0,3.5500000000000003,11,"{'horizon': 8, 'population_size': 59, 'generations': 6, 'elite_fraction': 0.25324031750275916, 'mutation_rate': 0.1428533129653752, 'crossover_rate': 0.9640800654746671}"
genetic,4,78,14.197763000032865,0,311.0,3.9000000000000004,5,"{'horizon': 8, 'population_size': 59, 'generations': 6, 'elite_fraction': 0.25324031750275916, 'mutation_rate': 0.1428533129653752, 'crossover_rate': 0.9640800654746671}"
genetic,4,79,116.22519029991236,0,1971.0,26.700000000000003,12,"{'horizon': 8, 'population_size': 59, 'generations': 6, 'elite_fraction': 0.25324031750275916, 'mutation_rate': 0.1428533129653752, 'crossover_rate': 0.9640800654746671}"
genetic,4,80,1.1849672999233007,0,251.0,3.1500000000000004,4,"{'horizon': 8, 'population_size': 59, 'generations': 6, 'elite_fraction': 0.25324031750275916, 'mutation_rate': 0.1428533129653752, 'crossover_rate': 0.9640800654746671}"
genetic,4,81,14.549752100021578,0,259.0,3.25,11,"{'horizon': 8, 'population_size': 59, 'generations': 6, 'elite_fraction': 0.25324031750275916, 'mutation_rate': 0.1428533129653752, 'crossover_rate': 0.9640800654746671}"
genetic,4,82,30.02260110003408,0,279.0,3.5,13,"{'horizon': 8, 'population_size': 59, 'generations': 6, 'elite_fraction': 0.25324031750275916, 'mutation_rate': 0.1428533129653752, 'crossover_rate': 0.9640800654746671}"
genetic,4,83,179.00799890002236,-1,1000000000.0,1000000000.0,0.0,"{'horizon': 8, 'population_size': 59, 'generations': 6, 'elite_fraction': 0.25324031750275916, 'mutation_rate': 0.1428533129653752, 'crossover_rate': 0.9640800654746671}"
genetic,4,84,3.323083799914457,0,235.0,2.95,11,"{'horizon': 8, 'population_size': 59, 'generations': 6, 'elite_fraction': 0.25324031750275916, 'mutation_rate': 0.1428533129653752, 'crossover_rate': 0.9640800654746671}"
genetic,4,85,8.981573099968955,0,299.0,3.75,4,"{'horizon': 8, 'population_size': 59, 'generations': 6, 'elite_fraction': 0.25324031750275916, 'mutation_rate': 0.1428533129653752, 'crossover_rate': 0.9640800654746671}"
genetic,4,86,23.516969399992377,0,363.0,4.55,10,"{'horizon': 8, 'population_size': 59, 'generations': 6, 'elite_fraction': 0.25324031750275916, 'mutation_rate': 0.1428533129653752, 'crossover_rate': 0.9640800654746671}"
genetic,4,87,1.5787406999152154,0,259.0,3.25,8,"{'horizon': 8, 'population_size': 59, 'generations': 6, 'elite_fraction': 0.25324031750275916, 'mutation_rate': 0.1428533129653752, 'crossover_rate': 0.9640800654746671}"
genetic,4,88,20.5473767000949,0,430.0,5.45,8,"{'horizon': 8, 'population_size': 59, 'generations': 6, 'elite_fraction': 0.25324031750275916, 'mutation_rate': 0.1428533129653752, 'crossover_rate': 0.9640800654746671}"
genetic,4,89,35.86710139992647,0,482.0,6.300000000000001,8,"{'horizon': 8, 'population_size': 59, 'generations': 6, 'elite_fraction': 0.25324031750275916, 'mutation_rate': 0.1428533129653752, 'crossover_rate': 0.9640800654746671}"
genetic,4,90,1.0536718000657856,0,247.0,3.1,4,"{'horizon': 8, 'population_size': 59, 'generations': 6, 'elite_fraction': 0.25324031750275916, 'mutation_rate': 0.1428533129653752, 'crossover_rate': 0.9640800654746671}"
genetic,4,91,187.36066430003848,1,5000.0,62.5,4,"{'horizon': 8, 'population_size': 59, 'generations': 6, 'elite_fraction': 0.25324031750275916, 'mutation_rate': 0.1428533129653752, 'crossover_rate': 0.9640800654746671}"
genetic,4,92,14.148024900001474,0,419.0,5.25,12,"{'horizon': 8, 'population_size': 59, 'generations': 6, 'elite_fraction': 0.25324031750275916, 'mutation_rate': 0.1428533129653752, 'crossover_rate': 0.9640800654746671}"
genetic,4,93,244.14007510000374,1,5000.0,62.5,10,"{'horizon': 8, 'population_size': 59, 'generations': 6, 'elite_fraction': 0.25324031750275916, 'mutation_rate': 0.1428533129653752, 'crossover_rate': 0.9640800654746671}"
genetic,4,94,2.889083500020206,0,271.0,3.4000000000000004,9,"{'horizon': 8, 'population_size': 59, 'generations': 6, 'elite_fraction': 0.25324031750275916, 'mutation_rate': 0.1428533129653752, 'crossover_rate': 0.9640800654746671}"
genetic,4,95,29.64426079997793,3,1804.0,22.55,10,"{'horizon': 8, 'population_size': 59, 'generations': 6, 'elite_fraction': 0.25324031750275916, 'mutation_rate': 0.1428533129653752, 'crossover_rate': 0.9640800654746671}"
genetic,4,96,16.132406300050206,0,483.0,6.050000000000001,6,"{'horizon': 8, 'population_size': 59, 'generations': 6, 'elite_fraction': 0.25324031750275916, 'mutation_rate': 0.1428533129653752, 'crossover_rate': 0.9640800654746671}"
genetic,4,97,23.117581699974835,0,599.0,7.800000000000001,9,"{'horizon': 8, 'population_size': 59, 'generations': 6, 'elite_fraction': 0.25324031750275916, 'mutation_rate': 0.1428533129653752, 'crossover_rate': 0.9640800654746671}"
genetic,4,98,3.2607353000203148,0,302.0,3.8000000000000003,11,"{'horizon': 8, 'population_size': 59, 'generations': 6, 'elite_fraction': 0.25324031750275916, 'mutation_rate': 0.1428533129653752, 'crossover_rate': 0.9640800654746671}"
genetic,4,99,90.85631730000023,-1,1000000000.0,1000000000.0,0.0,"{'horizon': 8, 'population_size': 59, 'generations': 6, 'elite_fraction': 0.25324031750275916, 'mutation_rate': 0.1428533129653752, 'crossover_rate': 0.9640800654746671}"
genetic,5,0,4.137791599961929,0,319.0,4.0,13,"{'horizon': 5, 'population_size': 39, 'generations': 10, 'elite_fraction': 0.19157784449276655, 'mutation_rate': 0.3129641325911167, 'crossover_rate': 0.9105570692605076}"
genetic,5,1,58.02297010004986,0,863.0,11.3,16,"{'horizon': 5, 'population_size': 39, 'generations': 10, 'elite_fraction': 0.19157784449276655, 'mutation_rate': 0.3129641325911167, 'crossover_rate': 0.9105570692605076}"
genetic,5,2,10.118697800091468,0,259.0,3.25,6,"{'horizon': 5, 'population_size': 39, 'generations': 10, 'elite_fraction': 0.19157784449276655, 'mutation_rate': 0.3129641325911167, 'crossover_rate': 0.9105570692605076}"
genetic,5,3,2.038366600056179,0,291.0,3.6500000000000004,2,"{'horizon': 5, 'population_size': 39, 'generations': 10, 'elite_fraction': 0.19157784449276655, 'mutation_rate': 0.3129641325911167, 'crossover_rate': 0.9105570692605076}"
genetic,5,4,17.19881059997715,0,259.0,3.25,13,"{'horizon': 5, 'population_size': 39, 'generations': 10, 'elite_fraction': 0.19157784449276655, 'mutation_rate': 0.3129641325911167, 'crossover_rate': 0.9105570692605076}"
genetic,5,5,0.18240399996284395,0,255.0,3.2,0,"{'horizon': 5, 'population_size': 39, 'generations': 10, 'elite_fraction': 0.19157784449276655, 'mutation_rate': 0.3129641325911167, 'crossover_rate': 0.9105570692605076}"
genetic,5,6,5.940589500009082,0,259.0,3.25,8,"{'horizon': 5, 'population_size': 39, 'generations': 10, 'elite_fraction': 0.19157784449276655, 'mutation_rate': 0.3129641325911167, 'crossover_rate': 0.9105570692605076}"
genetic,5,7,121.15013129997533,-1,1000000000.0,1000000000.0,0.0,"{'horizon': 5, 'population_size': 39, 'generations': 10, 'elite_fraction': 0.19157784449276655, 'mutation_rate': 0.3129641325911167, 'crossover_rate': 0.9105570692605076}"
genetic,5,8,20.739244000054896,0,311.0,3.9000000000000004,18,"{'horizon': 5, 'population_size': 39, 'generations': 10, 'elite_fraction': 0.19157784449276655, 'mutation_rate': 0.3129641325911167, 'crossover_rate': 0.9105570692605076}"
genetic,5,9,12.293379699927755,0,343.0,4.3,7,"{'horizon': 5, 'population_size': 39, 'generations': 10, 'elite_fraction': 0.19157784449276655, 'mutation_rate': 0.3129641325911167, 'crossover_rate': 0.9105570692605076}"
genetic,5,10,94.79948389995843,0,915.0,11.450000000000001,10,"{'horizon': 5, 'population_size': 39, 'generations': 10, 'elite_fraction': 0.19157784449276655, 'mutation_rate': 0.3129641325911167, 'crossover_rate': 0.9105570692605076}"
genetic,5,11,38.858314600074664,0,307.0,3.85,14,"{'horizon': 5, 'population_size': 39, 'generations': 10, 'elite_fraction': 0.19157784449276655, 'mutation_rate': 0.3129641325911167, 'crossover_rate': 0.9105570692605076}"
genetic,5,12,4.340595900081098,0,291.0,3.6500000000000004,11,"{'horizon': 5, 'population_size': 39, 'generations': 10, 'elite_fraction': 0.19157784449276655, 'mutation_rate': 0.3129641325911167, 'crossover_rate': 0.9105570692605076}"
genetic,5,13,41.51849750010297,0,535.0,6.7,17,"{'horizon': 5, 'population_size': 39, 'generations': 10, 'elite_fraction': 0.19157784449276655, 'mutation_rate': 0.3129641325911167, 'crossover_rate': 0.9105570692605076}"
genetic,5,14,7.391649099998176,0,307.0,3.85,5,"{'horizon': 5, 'population_size': 39, 'generations': 10, 'elite_fraction': 0.19157784449276655, 'mutation_rate': 0.3129641325911167, 'crossover_rate': 0.9105570692605076}"
genetic,5,15,5.045254900003783,0,251.0,3.1500000000000004,9,"{'horizon': 5, 'population_size': 39, 'generations': 10, 'elite_fraction': 0.19157784449276655, 'mutation_rate': 0.3129641325911167, 'crossover_rate': 0.9105570692605076}"
genetic,5,16,180.8969302000478,-1,1000000000.0,1000000000.0,0.0,"{'horizon': 5, 'population_size': 39, 'generations': 10, 'elite_fraction': 0.19157784449276655, 'mutation_rate': 0.3129641325911167, 'crossover_rate': 0.9105570692605076}"
genetic,5,17,2.835639499942772,0,323.0,4.05,1,"{'horizon': 5, 'population_size': 39, 'generations': 10, 'elite_fraction': 0.19157784449276655, 'mutation_rate': 0.3129641325911167, 'crossover_rate': 0.9105570692605076}"
genetic,5,18,15.357488800073043,0,327.0,4.1000000000000005,4,"{'horizon': 5, 'population_size': 39, 'generations': 10, 'elite_fraction': 0.19157784449276655, 'mutation_rate': 0.3129641325911167, 'crossover_rate': 0.9105570692605076}"
genetic,5,19,1.138559399987571,0,239.0,3.0,0,"{'horizon': 5, 'population_size': 39, 'generations': 10, 'elite_fraction': 0.19157784449276655, 'mutation_rate': 0.3129641325911167, 'crossover_rate': 0.9105570692605076}"
genetic,5,20,3.3589963000267744,0,254.0,3.2,3,"{'horizon': 5, 'population_size': 39, 'generations': 10, 'elite_fraction': 0.19157784449276655, 'mutation_rate': 0.3129641325911167, 'crossover_rate': 0.9105570692605076}"
genetic,5,21,14.169216400012374,0,295.0,3.7,15,"{'horizon': 5, 'population_size': 39, 'generations': 10, 'elite_fraction': 0.19157784449276655, 'mutation_rate': 0.3129641325911167, 'crossover_rate': 0.9105570692605076}"
genetic,5,22,4.237607099930756,0,587.0,7.3500000000000005,9,"{'horizon': 5, 'population_size': 39, 'generations': 10, 'elite_fraction': 0.19157784449276655, 'mutation_rate': 0.3129641325911167, 'crossover_rate': 0.9105570692605076}"
genetic,5,23,3.8712906000437215,0,254.0,3.2,9,"{'horizon': 5, 'population_size': 39, 'generations': 10, 'elite_fraction': 0.19157784449276655, 'mutation_rate': 0.3129641325911167, 'crossover_rate': 0.9105570692605076}"
genetic,5,24,2.285440700012259,0,306.0,3.85,2,"{'horizon': 5, 'population_size': 39, 'generations': 10, 'elite_fraction': 0.19157784449276655, 'mutation_rate': 0.3129641325911167, 'crossover_rate': 0.9105570692605076}"
genetic,5,25,6.334033699939027,0,279.0,3.5,4,"{'horizon': 5, 'population_size': 39, 'generations': 10, 'elite_fraction': 0.19157784449276655, 'mutation_rate': 0.3129641325911167, 'crossover_rate': 0.9105570692605076}"
genetic,5,26,22.980531899956986,0,303.0,3.8000000000000003,7,"{'horizon': 5, 'population_size': 39, 'generations': 10, 'elite_fraction': 0.19157784449276655, 'mutation_rate': 0.3129641325911167, 'crossover_rate': 0.9105570692605076}"
genetic,5,27,19.414181199972518,0,387.0,4.8500000000000005,10,"{'horizon': 5, 'population_size': 39, 'generations': 10, 'elite_fraction': 0.19157784449276655, 'mutation_rate': 0.3129641325911167, 'crossover_rate': 0.9105570692605076}"
genetic,5,28,2.8061483000637963,0,291.0,3.6500000000000004,4,"{'horizon': 5, 'population_size': 39, 'generations': 10, 'elite_fraction': 0.19157784449276655, 'mutation_rate': 0.3129641325911167, 'crossover_rate': 0.9105570692605076}"
genetic,5,29,25.76417440001387,0,351.0,4.4,16,"{'horizon': 5, 'population_size': 39, 'generations': 10, 'elite_fraction': 0.19157784449276655, 'mutation_rate': 0.3129641325911167, 'crossover_rate': 0.9105570692605076}"
genetic,5,30,3.6307306999806315,0,271.0,3.4000000000000004,2,"{'horizon': 5, 'population_size': 39, 'generations': 10, 'elite_fraction': 0.19157784449276655, 'mutation_rate': 0.3129641325911167, 'crossover_rate': 0.9105570692605076}"
genetic,5,31,89.07696169998962,-1,1000000000.0,1000000000.0,0.0,"{'horizon': 5, 'population_size': 39, 'generations': 10, 'elite_fraction': 0.19157784449276655, 'mutation_rate': 0.3129641325911167, 'crossover_rate': 0.9105570692605076}"
genetic,5,32,3.849835000000894,0,351.0,4.4,11,"{'horizon': 5, 'population_size': 39, 'generations': 10, 'elite_fraction': 0.19157784449276655, 'mutation_rate': 0.3129641325911167, 'crossover_rate': 0.9105570692605076}"
genetic,5,33,13.219229699927382,0,291.0,3.6500000000000004,10,"{'horizon': 5, 'population_size': 39, 'generations': 10, 'elite_fraction': 0.19157784449276655, 'mutation_rate': 0.3129641325911167, 'crossover_rate': 0.9105570692605076}"
genetic,5,34,4.594782800064422,0,271.0,3.4000000000000004,8,"{'horizon': 5, 'population_size': 39, 'generations': 10, 'elite_fraction': 0.19157784449276655, 'mutation_rate': 0.3129641325911167, 'crossover_rate': 0.9105570692605076}"
genetic,5,35,4.1644047000445426,0,251.0,3.1500000000000004,6,"{'horizon': 5, 'population_size': 39, 'generations': 10, 'elite_fraction': 0.19157784449276655, 'mutation_rate': 0.3129641325911167, 'crossover_rate': 0.9105570692605076}"
genetic,5,36,2.5637053999817,0,231.0,2.9000000000000004,2,"{'horizon': 5, 'population_size': 39, 'generations': 10, 'elite_fraction': 0.19157784449276655, 'mutation_rate': 0.3129641325911167, 'crossover_rate': 0.9105570692605076}"
genetic,5,37,9.598355699912645,0,307.0,3.85,14,"{'horizon': 5, 'population_size': 39, 'generations': 10, 'elite_fraction': 0.19157784449276655, 'mutation_rate': 0.3129641325911167, 'crossover_rate': 0.9105570692605076}"
genetic,5,38,9.90665599994827,0,383.0,4.800000000000001,12,"{'horizon': 5, 'population_size': 39, 'generations': 10, 'elite_fraction': 0.19157784449276655, 'mutation_rate': 0.3129641325911167, 'crossover_rate': 0.9105570692605076}"
genetic,5,39,17.11139460001141,0,342.0,4.3,10,"{'horizon': 5, 'population_size': 39, 'generations': 10, 'elite_fraction': 0.19157784449276655, 'mutation_rate': 0.3129641325911167, 'crossover_rate': 0.9105570692605076}"
genetic,5,40,3.473540100036189,0,299.0,3.75,1,"{'horizon': 5, 'population_size': 39, 'generations': 10, 'elite_fraction': 0.19157784449276655, 'mutation_rate': 0.3129641325911167, 'crossover_rate': 0.9105570692605076}"
genetic,5,41,2.7447136999107897,0,267.0,3.35,2,"{'horizon': 5, 'population_size': 39, 'generations': 10, 'elite_fraction': 0.19157784449276655, 'mutation_rate': 0.3129641325911167, 'crossover_rate': 0.9105570692605076}"
genetic,5,42,3.3496238000225276,0,307.0,3.85,1,"{'horizon': 5, 'population_size': 39, 'generations': 10, 'elite_fraction': 0.19157784449276655, 'mutation_rate': 0.3129641325911167, 'crossover_rate': 0.9105570692605076}"
genetic,5,43,13.470147600048222,0,303.0,3.8000000000000003,4,"{'horizon': 5, 'population_size': 39, 'generations': 10, 'elite_fraction': 0.19157784449276655, 'mutation_rate': 0.3129641325911167, 'crossover_rate': 0.9105570692605076}"
genetic,5,44,17.533321299939416,0,271.0,3.4000000000000004,11,"{'horizon': 5, 'population_size': 39, 'generations': 10, 'elite_fraction': 0.19157784449276655, 'mutation_rate': 0.3129641325911167, 'crossover_rate': 0.9105570692605076}"
genetic,5,45,34.35699820006266,0,634.0,7.95,17,"{'horizon': 5, 'population_size': 39, 'generations': 10, 'elite_fraction': 0.19157784449276655, 'mutation_rate': 0.3129641325911167, 'crossover_rate': 0.9105570692605076}"
genetic,5,46,33.29065149999224,0,315.0,3.95,6,"{'horizon': 5, 'population_size': 39, 'generations': 10, 'elite_fraction': 0.19157784449276655, 'mutation_rate': 0.3129641325911167, 'crossover_rate': 0.9105570692605076}"
genetic,5,47,18.823238600045443,0,263.0,3.3000000000000003,13,"{'horizon': 5, 'population_size': 39, 'generations': 10, 'elite_fraction': 0.19157784449276655, 'mutation_rate': 0.3129641325911167, 'crossover_rate': 0.9105570692605076}"
genetic,5,48,12.364513000007719,0,303.0,3.8000000000000003,5,"{'horizon': 5, 'population_size': 39, 'generations': 10, 'elite_fraction': 0.19157784449276655, 'mutation_rate': 0.3129641325911167, 'crossover_rate': 0.9105570692605076}"
genetic,5,49,4.5759864000137895,0,271.0,3.4000000000000004,11,"{'horizon': 5, 'population_size': 39, 'generations': 10, 'elite_fraction': 0.19157784449276655, 'mutation_rate': 0.3129641325911167, 'crossover_rate': 0.9105570692605076}"
genetic,5,50,20.713404300040565,0,319.0,4.0,18,"{'horizon': 5, 'population_size': 39, 'generations': 10, 'elite_fraction': 0.19157784449276655, 'mutation_rate': 0.3129641325911167, 'crossover_rate': 0.9105570692605076}"
genetic,5,51,2.6481827000388876,0,259.0,3.25,3,"{'horizon': 5, 'population_size': 39, 'generations': 10, 'elite_fraction': 0.19157784449276655, 'mutation_rate': 0.3129641325911167, 'crossover_rate': 0.9105570692605076}"
genetic,5,52,4.556208499940112,0,303.0,3.8000000000000003,2,"{'horizon': 5, 'population_size': 39, 'generations': 10, 'elite_fraction': 0.19157784449276655, 'mutation_rate': 0.3129641325911167, 'crossover_rate': 0.9105570692605076}"
genetic,5,53,2.684921099920757,0,255.0,3.2,3,"{'horizon': 5, 'population_size': 39, 'generations': 10, 'elite_fraction': 0.19157784449276655, 'mutation_rate': 0.3129641325911167, 'crossover_rate': 0.9105570692605076}"
genetic,5,54,12.086040199967101,0,329.0,4.15,11,"{'horizon': 5, 'population_size': 39, 'generations': 10, 'elite_fraction': 0.19157784449276655, 'mutation_rate': 0.3129641325911167, 'crossover_rate': 0.9105570692605076}"
genetic,5,55,2.521703299949877,0,263.0,3.3000000000000003,6,"{'horizon': 5, 'population_size': 39, 'generations': 10, 'elite_fraction': 0.19157784449276655, 'mutation_rate': 0.3129641325911167, 'crossover_rate': 0.9105570692605076}"
genetic,5,56,3.960387400002219,0,291.0,3.6500000000000004,5,"{'horizon': 5, 'population_size': 39, 'generations': 10, 'elite_fraction': 0.19157784449276655, 'mutation_rate': 0.3129641325911167, 'crossover_rate': 0.9105570692605076}"
genetic,5,57,4.967040900024585,0,263.0,3.3000000000000003,11,"{'horizon': 5, 'population_size': 39, 'generations': 10, 'elite_fraction': 0.19157784449276655, 'mutation_rate': 0.3129641325911167, 'crossover_rate': 0.9105570692605076}"
genetic,5,58,6.208536499994807,0,315.0,3.95,14,"{'horizon': 5, 'population_size': 39, 'generations': 10, 'elite_fraction': 0.19157784449276655, 'mutation_rate': 0.3129641325911167, 'crossover_rate': 0.9105570692605076}"
genetic,5,59,13.222651500022039,0,327.0,4.1000000000000005,1,"{'horizon': 5, 'population_size': 39, 'generations': 10, 'elite_fraction': 0.19157784449276655, 'mutation_rate': 0.3129641325911167, 'crossover_rate': 0.9105570692605076}"
genetic,5,60,3.9850951000116765,0,235.0,2.95,8,"{'horizon': 5, 'population_size': 39, 'generations': 10, 'elite_fraction': 0.19157784449276655, 'mutation_rate': 0.3129641325911167, 'crossover_rate': 0.9105570692605076}"
genetic,5,61,36.01820429996587,0,291.0,3.6500000000000004,9,"{'horizon': 5, 'population_size': 39, 'generations': 10, 'elite_fraction': 0.19157784449276655, 'mutation_rate': 0.3129641325911167, 'crossover_rate': 0.9105570692605076}"
genetic,5,62,35.295662999968044,0,275.0,3.45,8,"{'horizon': 5, 'population_size': 39, 'generations': 10, 'elite_fraction': 0.19157784449276655, 'mutation_rate': 0.3129641325911167, 'crossover_rate': 0.9105570692605076}"
genetic,5,63,56.64051160006784,0,507.0,6.3500000000000005,12,"{'horizon': 5, 'population_size': 39, 'generations': 10, 'elite_fraction': 0.19157784449276655, 'mutation_rate': 0.3129641325911167, 'crossover_rate': 0.9105570692605076}"
genetic,5,64,27.797214800026268,0,319.0,4.0,14,"{'horizon': 5, 'population_size': 39, 'generations': 10, 'elite_fraction': 0.19157784449276655, 'mutation_rate': 0.3129641325911167, 'crossover_rate': 0.9105570692605076}"
genetic,5,65,41.50639690004755,0,428.0,5.4,12,"{'horizon': 5, 'population_size': 39, 'generations': 10, 'elite_fraction': 0.19157784449276655, 'mutation_rate': 0.3129641325911167, 'crossover_rate': 0.9105570692605076}"
genetic,5,66,30.665126799955033,0,251.0,3.1500000000000004,12,"{'horizon': 5, 'population_size': 39, 'generations': 10, 'elite_fraction': 0.19157784449276655, 'mutation_rate': 0.3129641325911167, 'crossover_rate': 0.9105570692605076}"
genetic,5,67,126.37363609997556,-1,1000000000.0,1000000000.0,0.0,"{'horizon': 5, 'population_size': 39, 'generations': 10, 'elite_fraction': 0.19157784449276655, 'mutation_rate': 0.3129641325911167, 'crossover_rate': 0.9105570692605076}"
genetic,5,68,50.93714210006874,0,323.0,4.05,10,"{'horizon': 5, 'population_size': 39, 'generations': 10, 'elite_fraction': 0.19157784449276655, 'mutation_rate': 0.3129641325911167, 'crossover_rate': 0.9105570692605076}"
genetic,5,69,3.084629600052722,0,239.0,3.0,4,"{'horizon': 5, 'population_size': 39, 'generations': 10, 'elite_fraction': 0.19157784449276655, 'mutation_rate': 0.3129641325911167, 'crossover_rate': 0.9105570692605076}"
genetic,5,70,2.1334214999806136,0,247.0,3.1,3,"{'horizon': 5, 'population_size': 39, 'generations': 10, 'elite_fraction': 0.19157784449276655, 'mutation_rate': 0.3129641325911167, 'crossover_rate': 0.9105570692605076}"
genetic,5,71,12.874101000023074,0,247.0,3.1,5,"{'horizon': 5, 'population_size': 39, 'generations': 10, 'elite_fraction': 0.19157784449276655, 'mutation_rate': 0.3129641325911167, 'crossover_rate': 0.9105570692605076}"
genetic,5,72,186.120736700017,-1,1000000000.0,1000000000.0,0.0,"{'horizon': 5, 'population_size': 39, 'generations': 10, 'elite_fraction': 0.19157784449276655, 'mutation_rate': 0.3129641325911167, 'crossover_rate': 0.9105570692605076}"
genetic,5,73,246.11182569991797,-1,1000000000.0,1000000000.0,0.0,"{'horizon': 5, 'population_size': 39, 'generations': 10, 'elite_fraction': 0.19157784449276655, 'mutation_rate': 0.3129641325911167, 'crossover_rate': 0.9105570692605076}"
genetic,5,74,9.799407699960284,0,263.0,3.3000000000000003,4,"{'horizon': 5, 'population_size': 39, 'generations': 10, 'elite_fraction': 0.19157784449276655, 'mutation_rate': 0.3129641325911167, 'crossover_rate': 0.9105570692605076}"
genetic,5,75,18.699774299981073,0,243.0,3.0500000000000003,9,"{'horizon': 5, 'population_size': 39, 'generations': 10, 'elite_fraction': 0.19157784449276655, 'mutation_rate': 0.3129641325911167, 'crossover_rate': 0.9105570692605076}"
genetic,5,76,60.53544160001911,-1,1000000000.0,1000000000.0,0.0,"{'horizon': 5, 'population_size': 39, 'generations': 10, 'elite_fraction': 0.19157784449276655, 'mutation_rate': 0.3129641325911167, 'crossover_rate': 0.9105570692605076}"
genetic,5,77,4.013935999944806,0,271.0,3.4000000000000004,3,"{'horizon': 5, 'population_size': 39, 'generations': 10, 'elite_fraction': 0.19157784449276655, 'mutation_rate': 0.3129641325911167, 'crossover_rate': 0.9105570692605076}"
genetic,5,78,12.724658799939789,0,307.0,3.85,3,"{'horizon': 5, 'population_size': 39, 'generations': 10, 'elite_fraction': 0.19157784449276655, 'mutation_rate': 0.3129641325911167, 'crossover_rate': 0.9105570692605076}"
genetic,5,79,32.974471000023186,0,546.0,7.2,12,"{'horizon': 5, 'population_size': 39, 'generations': 10, 'elite_fraction': 0.19157784449276655, 'mutation_rate': 0.3129641325911167, 'crossover_rate': 0.9105570692605076}"
genetic,5,80,1.1878585999365896,0,243.0,3.0500000000000003,4,"{'horizon': 5, 'population_size': 39, 'generations': 10, 'elite_fraction': 0.19157784449276655, 'mutation_rate': 0.3129641325911167, 'crossover_rate': 0.9105570692605076}"
genetic,5,81,5.013849499984644,0,247.0,3.1,9,"{'horizon': 5, 'population_size': 39, 'generations': 10, 'elite_fraction': 0.19157784449276655, 'mutation_rate': 0.3129641325911167, 'crossover_rate': 0.9105570692605076}"
genetic,5,82,23.852708299993537,0,383.0,4.800000000000001,10,"{'horizon': 5, 'population_size': 39, 'generations': 10, 'elite_fraction': 0.19157784449276655, 'mutation_rate': 0.3129641325911167, 'crossover_rate': 0.9105570692605076}"
genetic,5,83,120.4260101999389,-1,1000000000.0,1000000000.0,0.0,"{'horizon': 5, 'population_size': 39, 'generations': 10, 'elite_fraction': 0.19157784449276655, 'mutation_rate': 0.3129641325911167, 'crossover_rate': 0.9105570692605076}"
genetic,5,84,9.47823090001475,0,293.0,3.7,8,"{'horizon': 5, 'population_size': 39, 'generations': 10, 'elite_fraction': 0.19157784449276655, 'mutation_rate': 0.3129641325911167, 'crossover_rate': 0.9105570692605076}"
genetic,5,85,7.886200199951418,0,285.0,3.6,6,"{'horizon': 5, 'population_size': 39, 'generations': 10, 'elite_fraction': 0.19157784449276655, 'mutation_rate': 0.3129641325911167, 'crossover_rate': 0.9105570692605076}"
genetic,5,86,154.61433490004856,0,2330.0,32.6,19,"{'horizon': 5, 'population_size': 39, 'generations': 10, 'elite_fraction': 0.19157784449276655, 'mutation_rate': 0.3129641325911167, 'crossover_rate': 0.9105570692605076}"
genetic,5,87,1.6976477999705821,0,271.0,3.4000000000000004,3,"{'horizon': 5, 'population_size': 39, 'generations': 10, 'elite_fraction': 0.19157784449276655, 'mutation_rate': 0.3129641325911167, 'crossover_rate': 0.9105570692605076}"
genetic,5,88,22.35143949999474,0,404.0,5.15,9,"{'horizon': 5, 'population_size': 39, 'generations': 10, 'elite_fraction': 0.19157784449276655, 'mutation_rate': 0.3129641325911167, 'crossover_rate': 0.9105570692605076}"
genetic,5,89,8.780634699971415,0,255.0,3.2,7,"{'horizon': 5, 'population_size': 39, 'generations': 10, 'elite_fraction': 0.19157784449276655, 'mutation_rate': 0.3129641325911167, 'crossover_rate': 0.9105570692605076}"
genetic,5,90,218.0890038999496,-1,1000000000.0,1000000000.0,0.0,"{'horizon': 5, 'population_size': 39, 'generations': 10, 'elite_fraction': 0.19157784449276655, 'mutation_rate': 0.3129641325911167, 'crossover_rate': 0.9105570692605076}"
genetic,5,91,192.0256266000215,1,5000.0,62.5,12,"{'horizon': 5, 'population_size': 39, 'generations': 10, 'elite_fraction': 0.19157784449276655, 'mutation_rate': 0.3129641325911167, 'crossover_rate': 0.9105570692605076}"
genetic,5,92,1.0467572000343353,0,219.0,2.75,2,"{'horizon': 5, 'population_size': 39, 'generations': 10, 'elite_fraction': 0.19157784449276655, 'mutation_rate': 0.3129641325911167, 'crossover_rate': 0.9105570692605076}"
genetic,5,93,32.17169400001876,0,443.0,5.550000000000001,19,"{'horizon': 5, 'population_size': 39, 'generations': 10, 'elite_fraction': 0.19157784449276655, 'mutation_rate': 0.3129641325911167, 'crossover_rate': 0.9105570692605076}"
genetic,5,94,7.470222199917771,0,343.0,4.3,6,"{'horizon': 5, 'population_size': 39, 'generations': 10, 'elite_fraction': 0.19157784449276655, 'mutation_rate': 0.3129641325911167, 'crossover_rate': 0.9105570692605076}"
genetic,5,95,1.7612790999701247,0,283.0,3.5500000000000003,12,"{'horizon': 5, 'population_size': 39, 'generations': 10, 'elite_fraction': 0.19157784449276655, 'mutation_rate': 0.3129641325911167, 'crossover_rate': 0.9105570692605076}"
genetic,5,96,9.362098600016907,0,468.0,5.9,13,"{'horizon': 5, 'population_size': 39, 'generations': 10, 'elite_fraction': 0.19157784449276655, 'mutation_rate': 0.3129641325911167, 'crossover_rate': 0.9105570692605076}"
genetic,5,97,27.202668700017966,0,481.0,6.15,11,"{'horizon': 5, 'population_size': 39, 'generations': 10, 'elite_fraction': 0.19157784449276655, 'mutation_rate': 0.3129641325911167, 'crossover_rate': 0.9105570692605076}"
genetic,5,98,2.5966506000841036,0,267.0,3.35,7,"{'horizon': 5, 'population_size': 39, 'generations': 10, 'elite_fraction': 0.19157784449276655, 'mutation_rate': 0.3129641325911167, 'crossover_rate': 0.9105570692605076}"
genetic,5,99,8.257306899991818,0,307.0,3.85,0,"{'horizon': 5, 'population_size': 39, 'generations': 10, 'elite_fraction': 0.19157784449276655, 'mutation_rate': 0.3129641325911167, 'crossover_rate': 0.9105570692605076}"
simulated_annealing,6,0,0.8907879999605939,0,279.0,3.5,0,"{'horizon': 14, 'iterations': 73, 'initial_temp': 16.218465147493283, 'cooling': 0.9059805360401357}"
simulated_annealing,6,1,14.368720000027679,0,907.0,11.350000000000001,1,"{'horizon': 14, 'iterations': 73, 'initial_temp': 16.218465147493283, 'cooling': 0.9059805360401357}"
simulated_annealing,6,2,4.014845099998638,0,331.0,4.15,10,"{'horizon': 14, 'iterations': 73, 'initial_temp': 16.218465147493283, 'cooling': 0.9059805360401357}"
simulated_annealing,6,3,1.794133699964732,0,315.0,3.95,0,"{'horizon': 14, 'iterations': 73, 'initial_temp': 16.218465147493283, 'cooling': 0.9059805360401357}"
simulated_annealing,6,4,4.701976299984381,0,367.0,4.6000000000000005,4,"{'horizon': 14, 'iterations': 73, 'initial_temp': 16.218465147493283, 'cooling': 0.9059805360401357}"
simulated_annealing,6,5,0.17660549993161112,0,255.0,3.2,0,"{'horizon': 14, 'iterations': 73, 'initial_temp': 16.218465147493283, 'cooling': 0.9059805360401357}"
simulated_annealing,6,6,3.6584039999870583,0,271.0,3.4000000000000004,11,"{'horizon': 14, 'iterations': 73, 'initial_temp': 16.218465147493283, 'cooling': 0.9059805360401357}"
simulated_annealing,6,7,0.6911275000311434,0,263.0,3.3000000000000003,0,"{'horizon': 14, 'iterations': 73, 'initial_temp': 16.218465147493283, 'cooling': 0.9059805360401357}"
simulated_annealing,6,8,7.083467800053768,0,419.0,5.25,8,"{'horizon': 14, 'iterations': 73, 'initial_temp': 16.218465147493283, 'cooling': 0.9059805360401357}"
simulated_annealing,6,9,5.401025000028312,0,345.0,4.3500000000000005,4,"{'horizon': 14, 'iterations': 73, 'initial_temp': 16.218465147493283, 'cooling': 0.9059805360401357}"
simulated_annealing,6,10,24.93981790007092,0,487.0,6.1000000000000005,8,"{'horizon': 14, 'iterations': 73, 'initial_temp': 16.218465147493283, 'cooling': 0.9059805360401357}"
simulated_annealing,6,11,65.00907190004364,0,625.0,7.8500000000000005,11,"{'horizon': 14, 'iterations': 73, 'initial_temp': 16.218465147493283, 'cooling': 0.9059805360401357}"
simulated_annealing,6,12,2.1460125000448897,0,339.0,4.25,11,"{'horizon': 14, 'iterations': 73, 'initial_temp': 16.218465147493283, 'cooling': 0.9059805360401357}"
simulated_annealing,6,13,40.40227119997144,0,1119.0,14.0,21,"{'horizon': 14, 'iterations': 73, 'initial_temp': 16.218465147493283, 'cooling': 0.9059805360401357}"
simulated_annealing,6,14,3.0951051000738516,0,311.0,3.9000000000000004,1,"{'horizon': 14, 'iterations': 73, 'initial_temp': 16.218465147493283, 'cooling': 0.9059805360401357}"
simulated_annealing,6,15,1.923223500023596,0,255.0,3.2,9,"{'horizon': 14, 'iterations': 73, 'initial_temp': 16.218465147493283, 'cooling': 0.9059805360401357}"
simulated_annealing,6,16,9.994569099973887,0,969.0,12.850000000000001,10,"{'horizon': 14, 'iterations': 73, 'initial_temp': 16.218465147493283, 'cooling': 0.9059805360401357}"
simulated_annealing,6,17,1.7017291999654844,0,339.0,4.25,3,"{'horizon': 14, 'iterations': 73, 'initial_temp': 16.218465147493283, 'cooling': 0.9059805360401357}"
simulated_annealing,6,18,20.589504100033082,0,475.0,5.95,10,"{'horizon': 14, 'iterations': 73, 'initial_temp': 16.218465147493283, 'cooling': 0.9059805360401357}"
simulated_annealing,6,19,2.183677199995145,0,287.0,3.6,4,"{'horizon': 14, 'iterations': 73, 'initial_temp': 16.218465147493283, 'cooling': 0.9059805360401357}"
simulated_annealing,6,20,2.4895006999140605,0,438.0,5.6000000000000005,3,"{'horizon': 14, 'iterations': 73, 'initial_temp': 16.218465147493283, 'cooling': 0.9059805360401357}"
simulated_annealing,6,21,3.9968080000253394,0,315.0,3.95,16,"{'horizon': 14, 'iterations': 73, 'initial_temp': 16.218465147493283, 'cooling': 0.9059805360401357}"
simulated_annealing,6,22,2.0189046000596136,0,587.0,7.3500000000000005,0,"{'horizon': 14, 'iterations': 73, 'initial_temp': 16.218465147493283, 'cooling': 0.9059805360401357}"
simulated_annealing,6,23,51.82829720003065,1,5000.0,62.5,13,"{'horizon': 14, 'iterations': 73, 'initial_temp': 16.218465147493283, 'cooling': 0.9059805360401357}"
simulated_annealing,6,24,18.1556512999814,0,2238.0,31.3,2,"{'horizon': 14, 'iterations': 73, 'initial_temp': 16.218465147493283, 'cooling': 0.9059805360401357}"
simulated_annealing,6,25,3.1451457999646664,0,363.0,4.55,4,"{'horizon': 14, 'iterations': 73, 'initial_temp': 16.218465147493283, 'cooling': 0.9059805360401357}"
simulated_annealing,6,26,10.19153839990031,0,387.0,4.8500000000000005,1,"{'horizon': 14, 'iterations': 73, 'initial_temp': 16.218465147493283, 'cooling': 0.9059805360401357}"
simulated_annealing,6,27,5.392426699982025,0,372.0,4.7,3,"{'horizon': 14, 'iterations': 73, 'initial_temp': 16.218465147493283, 'cooling': 0.9059805360401357}"
simulated_annealing,6,28,1.4952110999729484,0,379.0,4.75,4,"{'horizon': 14, 'iterations': 73, 'initial_temp': 16.218465147493283, 'cooling': 0.9059805360401357}"
simulated_annealing,6,29,5.8696402999339625,0,343.0,4.3,11,"{'horizon': 14, 'iterations': 73, 'initial_temp': 16.218465147493283, 'cooling': 0.9059805360401357}"
simulated_annealing,6,30,3.1929192999377847,0,327.0,4.1000000000000005,1,"{'horizon': 14, 'iterations': 73, 'initial_temp': 16.218465147493283, 'cooling': 0.9059805360401357}"
simulated_annealing,6,31,4.733309100032784,0,318.0,4.0,0,"{'horizon': 14, 'iterations': 73, 'initial_temp': 16.218465147493283, 'cooling': 0.9059805360401357}"
simulated_annealing,6,32,2.0220297999912873,0,363.0,4.55,3,"{'horizon': 14, 'iterations': 73, 'initial_temp': 16.218465147493283, 'cooling': 0.9059805360401357}"
simulated_annealing,6,33,6.9802969000302255,0,375.0,4.7,5,"{'horizon': 14, 'iterations': 73, 'initial_temp': 16.218465147493283, 'cooling': 0.9059805360401357}"
simulated_annealing,6,34,4.097543200012296,0,347.0,4.3500000000000005,4,"{'horizon': 14, 'iterations': 73, 'initial_temp': 16.218465147493283, 'cooling': 0.9059805360401357}"
simulated_annealing,6,35,1.963154900004156,0,277.0,3.5,2,"{'horizon': 14, 'iterations': 73, 'initial_temp': 16.218465147493283, 'cooling': 0.9059805360401357}"
simulated_annealing,6,36,1.1363011000212282,0,235.0,2.95,0,"{'horizon': 14, 'iterations': 73, 'initial_temp': 16.218465147493283, 'cooling': 0.9059805360401357}"
simulated_annealing,6,37,3.3469629999017343,0,327.0,4.1000000000000005,0,"{'horizon': 14, 'iterations': 73, 'initial_temp': 16.218465147493283, 'cooling': 0.9059805360401357}"
simulated_annealing,6,38,7.372627300093882,0,893.0,11.850000000000001,22,"{'horizon': 14, 'iterations': 73, 'initial_temp': 16.218465147493283, 'cooling': 0.9059805360401357}"
simulated_annealing,6,39,4.042461599921808,0,514.0,6.550000000000001,1,"{'horizon': 14, 'iterations': 73, 'initial_temp': 16.218465147493283, 'cooling': 0.9059805360401357}"
simulated_annealing,6,40,4.772545499959961,0,780.0,10.100000000000001,6,"{'horizon': 14, 'iterations': 73, 'initial_temp': 16.218465147493283, 'cooling': 0.9059805360401357}"
simulated_annealing,6,41,0.9537915999535471,0,263.0,3.3000000000000003,1,"{'horizon': 14, 'iterations': 73, 'initial_temp': 16.218465147493283, 'cooling': 0.9059805360401357}"
simulated_annealing,6,42,1.3846908999839798,0,315.0,3.95,1,"{'horizon': 14, 'iterations': 73, 'initial_temp': 16.218465147493283, 'cooling': 0.9059805360401357}"
simulated_annealing,6,43,1.1891470999689773,0,263.0,3.3000000000000003,0,"{'horizon': 14, 'iterations': 73, 'initial_temp': 16.218465147493283, 'cooling': 0.9059805360401357}"
simulated_annealing,6,44,3.9824266000650823,0,410.0,5.3500000000000005,7,"{'horizon': 14, 'iterations': 73, 'initial_temp': 16.218465147493283, 'cooling': 0.9059805360401357}"
simulated_annealing,6,45,15.734766200068407,0,1167.0,14.65,6,"{'horizon': 14, 'iterations': 73, 'initial_temp': 16.218465147493283, 'cooling': 0.9059805360401357}"
simulated_annealing,6,46,12.293894000002183,0,331.0,4.15,4,"{'horizon': 14, 'iterations': 73, 'initial_temp': 16.218465147493283, 'cooling': 0.9059805360401357}"
simulated_annealing,6,47,3.686513499938883,0,295.0,3.7,10,"{'horizon': 14, 'iterations': 73, 'initial_temp': 16.218465147493283, 'cooling': 0.9059805360401357}"
simulated_annealing,6,48,2.5111133999889717,0,343.0,4.3,4,"{'horizon': 14, 'iterations': 73, 'initial_temp': 16.218465147493283, 'cooling': 0.9059805360401357}"
simulated_annealing,6,49,0.9908345000585541,0,251.0,3.1500000000000004,0,"{'horizon': 14, 'iterations': 73, 'initial_temp': 16.218465147493283, 'cooling': 0.9059805360401357}"
simulated_annealing,6,50,1.3419051000382751,0,267.0,3.35,0,"{'horizon': 14, 'iterations': 73, 'initial_temp': 16.218465147493283, 'cooling': 0.9059805360401357}"
simulated_annealing,6,51,1.5013037000317127,0,311.0,3.9000000000000004,5,"{'horizon': 14, 'iterations': 73, 'initial_temp': 16.218465147493283, 'cooling': 0.9059805360401357}"
simulated_annealing,6,52,2.7010653000324965,0,303.0,3.8000000000000003,0,"{'horizon': 14, 'iterations': 73, 'initial_temp': 16.218465147493283, 'cooling': 0.9059805360401357}"
simulated_annealing,6,53,3.594534100033343,0,339.0,4.25,0,"{'horizon': 14, 'iterations': 73, 'initial_temp': 16.218465147493283, 'cooling': 0.9059805360401357}"
simulated_annealing,6,54,3.412492400035262,0,541.0,7.15,4,"{'horizon': 14, 'iterations': 73, 'initial_temp': 16.218465147493283, 'cooling': 0.9059805360401357}"
simulated_annealing,6,55,1.7501691000070423,0,307.0,3.85,0,"{'horizon': 14, 'iterations': 73, 'initial_temp': 16.218465147493283, 'cooling': 0.9059805360401357}"
simulated_annealing,6,56,9.425515800016,0,679.0,8.5,5,"{'horizon': 14, 'iterations': 73, 'initial_temp': 16.218465147493283, 'cooling': 0.9059805360401357}"
simulated_annealing,6,57,1.670617299969308,0,271.0,3.4000000000000004,3,"{'horizon': 14, 'iterations': 73, 'initial_temp': 16.218465147493283, 'cooling': 0.9059805360401357}"
simulated_annealing,6,58,5.141669700038619,0,623.0,7.800000000000001,1,"{'horizon': 14, 'iterations': 73, 'initial_temp': 16.218465147493283, 'cooling': 0.9059805360401357}"
simulated_annealing,6,59,2.1069955999264494,0,287.0,3.6,4,"{'horizon': 14, 'iterations': 73, 'initial_temp': 16.218465147493283, 'cooling': 0.9059805360401357}"
simulated_annealing,6,60,1.839039200101979,0,243.0,3.0500000000000003,0,"{'horizon': 14, 'iterations': 73, 'initial_temp': 16.218465147493283, 'cooling': 0.9059805360401357}"
simulated_annealing,6,61,2.4018217000411823,0,243.0,3.0500000000000003,0,"{'horizon': 14, 'iterations': 73, 'initial_temp': 16.218465147493283, 'cooling': 0.9059805360401357}"
simulated_annealing,6,62,13.734102600021288,0,267.0,3.35,11,"{'horizon': 14, 'iterations': 73, 'initial_temp': 16.218465147493283, 'cooling': 0.9059805360401357}"
simulated_annealing,6,63,3.042043499997817,0,302.0,3.8000000000000003,7,"{'horizon': 14, 'iterations': 73, 'initial_temp': 16.218465147493283, 'cooling': 0.9059805360401357}"
simulated_annealing,6,64,4.038964500068687,0,415.0,5.2,6,"{'horizon': 14, 'iterations': 73, 'initial_temp': 16.218465147493283, 'cooling': 0.9059805360401357}"
simulated_annealing,6,65,3.507072899956256,0,409.0,5.25,10,"{'horizon': 14, 'iterations': 73, 'initial_temp': 16.218465147493283, 'cooling': 0.9059805360401357}"
simulated_annealing,6,66,76.9223736000713,-1,1000000000.0,1000000000.0,0.0,"{'horizon': 14, 'iterations': 73, 'initial_temp': 16.218465147493283, 'cooling': 0.9059805360401357}"
simulated_annealing,6,67,21.954819799982943,0,643.0,8.05,6,"{'horizon': 14, 'iterations': 73, 'initial_temp': 16.218465147493283, 'cooling': 0.9059805360401357}"
simulated_annealing,6,68,4.699185800040141,0,299.0,3.75,10,"{'horizon': 14, 'iterations': 73, 'initial_temp': 16.218465147493283, 'cooling': 0.9059805360401357}"
simulated_annealing,6,69,4.237262599985115,0,431.0,5.550000000000001,8,"{'horizon': 14, 'iterations': 73, 'initial_temp': 16.218465147493283, 'cooling': 0.9059805360401357}"
simulated_annealing,6,70,0.9770188999827951,0,255.0,3.2,0,"{'horizon': 14, 'iterations': 73, 'initial_temp': 16.218465147493283, 'cooling': 0.9059805360401357}"
simulated_annealing,6,71,12.44605180004146,0,379.0,4.75,2,"{'horizon': 14, 'iterations': 73, 'initial_temp': 16.218465147493283, 'cooling': 0.9059805360401357}"
simulated_annealing,6,72,3.7255851000081748,0,415.0,5.2,0,"{'horizon': 14, 'iterations': 73, 'initial_temp': 16.218465147493283, 'cooling': 0.9059805360401357}"
simulated_annealing,6,73,2.159895599936135,0,271.0,3.4000000000000004,6,"{'horizon': 14, 'iterations': 73, 'initial_temp': 16.218465147493283, 'cooling': 0.9059805360401357}"
simulated_annealing,6,74,4.171929899952374,0,379.0,4.75,0,"{'horizon': 14, 'iterations': 73, 'initial_temp': 16.218465147493283, 'cooling': 0.9059805360401357}"
simulated_annealing,6,75,6.829620499978773,0,291.0,3.6500000000000004,6,"{'horizon': 14, 'iterations': 73, 'initial_temp': 16.218465147493283, 'cooling': 0.9059805360401357}"
simulated_annealing,6,76,60.57969430007506,-1,1000000000.0,1000000000.0,0.0,"{'horizon': 14, 'iterations': 73, 'initial_temp': 16.218465147493283, 'cooling': 0.9059805360401357}"
simulated_annealing,6,77,2.679759499966167,0,270.0,3.4000000000000004,2,"{'horizon': 14, 'iterations': 73, 'initial_temp': 16.218465147493283, 'cooling': 0.9059805360401357}"
simulated_annealing,6,78,25.60900469997432,0,1367.0,17.1,7,"{'horizon': 14, 'iterations': 73, 'initial_temp': 16.218465147493283, 'cooling': 0.9059805360401357}"
simulated_annealing,6,79,2.2155541999964043,0,303.0,3.8000000000000003,8,"{'horizon': 14, 'iterations': 73, 'initial_temp': 16.218465147493283, 'cooling': 0.9059805360401357}"
simulated_annealing,6,80,0.6227300999453291,0,263.0,3.3000000000000003,4,"{'horizon': 14, 'iterations': 73, 'initial_temp': 16.218465147493283, 'cooling': 0.9059805360401357}"
simulated_annealing,6,81,3.7872380999615416,0,263.0,3.3000000000000003,9,"{'horizon': 14, 'iterations': 73, 'initial_temp': 16.218465147493283, 'cooling': 0.9059805360401357}"
simulated_annealing,6,82,52.64262490009423,0,1911.0,23.900000000000002,11,"{'horizon': 14, 'iterations': 73, 'initial_temp': 16.218465147493283, 'cooling': 0.9059805360401357}"
simulated_annealing,6,83,120.42137440002989,-1,1000000000.0,1000000000.0,0.0,"{'horizon': 14, 'iterations': 73, 'initial_temp': 16.218465147493283, 'cooling': 0.9059805360401357}"
simulated_annealing,6,84,4.195822699926794,0,664.0,8.55,4,"{'horizon': 14, 'iterations': 73, 'initial_temp': 16.218465147493283, 'cooling': 0.9059805360401357}"
simulated_annealing,6,85,3.6499696999089792,0,375.0,4.7,4,"{'horizon': 14, 'iterations': 73, 'initial_temp': 16.218465147493283, 'cooling': 0.9059805360401357}"
simulated_annealing,6,86,3.845367499976419,0,371.0,4.65,11,"{'horizon': 14, 'iterations': 73, 'initial_temp': 16.218465147493283, 'cooling': 0.9059805360401357}"
simulated_annealing,6,87,0.6621621999656782,0,259.0,3.25,5,"{'horizon': 14, 'iterations': 73, 'initial_temp': 16.218465147493283, 'cooling': 0.9059805360401357}"
simulated_annealing,6,88,2.9946880999486893,0,430.0,5.45,8,"{'horizon': 14, 'iterations': 73, 'initial_temp': 16.218465147493283, 'cooling': 0.9059805360401357}"
simulated_annealing,6,89,1.457342299981974,0,271.0,3.4000000000000004,4,"{'horizon': 14, 'iterations': 73, 'initial_temp': 16.218465147493283, 'cooling': 0.9059805360401357}"
simulated_annealing,6,90,1.0631486000493169,0,287.0,3.6,4,"{'horizon': 14, 'iterations': 73, 'initial_temp': 16.218465147493283, 'cooling': 0.9059805360401357}"
simulated_annealing,6,91,9.121651699999347,0,635.0,7.95,6,"{'horizon': 14, 'iterations': 73, 'initial_temp': 16.218465147493283, 'cooling': 0.9059805360401357}"
simulated_annealing,6,92,0.22027299995534122,0,219.0,2.75,0,"{'horizon': 14, 'iterations': 73, 'initial_temp': 16.218465147493283, 'cooling': 0.9059805360401357}"
simulated_annealing,6,93,4.165753000066616,0,491.0,6.15,9,"{'horizon': 14, 'iterations': 73, 'initial_temp': 16.218465147493283, 'cooling': 0.9059805360401357}"
simulated_annealing,6,94,1.2589068000670522,0,287.0,3.6,0,"{'horizon': 14, 'iterations': 73, 'initial_temp': 16.218465147493283, 'cooling': 0.9059805360401357}"
simulated_annealing,6,95,0.8789804000407457,0,344.0,4.3500000000000005,4,"{'horizon': 14, 'iterations': 73, 'initial_temp': 16.218465147493283, 'cooling': 0.9059805360401357}"
simulated_annealing,6,96,6.1007019999669865,0,499.0,6.25,18,"{'horizon': 14, 'iterations': 73, 'initial_temp': 16.218465147493283, 'cooling': 0.9059805360401357}"
simulated_annealing,6,97,5.229099699994549,0,404.0,5.1000000000000005,10,"{'horizon': 14, 'iterations': 73, 'initial_temp': 16.218465147493283, 'cooling': 0.9059805360401357}"
simulated_annealing,6,98,0.9032585000386462,0,311.0,3.9000000000000004,8,"{'horizon': 14, 'iterations': 73, 'initial_temp': 16.218465147493283, 'cooling': 0.9059805360401357}"
simulated_annealing,6,99,17.87973599997349,0,1459.0,18.25,15,"{'horizon': 14, 'iterations': 73, 'initial_temp': 16.218465147493283, 'cooling': 0.9059805360401357}"
simulated_annealing,7,0,1.2395725999958813,0,335.0,4.2,8,"{'horizon': 14, 'iterations': 65, 'initial_temp': 9.59193166541839, 'cooling': 0.8731373714688203}"
simulated_annealing,7,1,2.162613199907355,0,251.0,3.1500000000000004,3,"{'horizon': 14, 'iterations': 65, 'initial_temp': 9.59193166541839, 'cooling': 0.8731373714688203}"
simulated_annealing,7,2,8.112830500002019,0,395.0,4.95,4,"{'horizon': 14, 'iterations': 65, 'initial_temp': 9.59193166541839, 'cooling': 0.8731373714688203}"
simulated_annealing,7,3,1.8504621000029147,0,307.0,3.85,2,"{'horizon': 14, 'iterations': 65, 'initial_temp': 9.59193166541839, 'cooling': 0.8731373714688203}"
simulated_annealing,7,4,3.3672947000013664,0,283.0,3.5500000000000003,8,"{'horizon': 14, 'iterations': 65, 'initial_temp': 9.59193166541839, 'cooling': 0.8731373714688203}"
simulated_annealing,7,5,0.19080700003542006,0,255.0,3.2,0,"{'horizon': 14, 'iterations': 65, 'initial_temp': 9.59193166541839, 'cooling': 0.8731373714688203}"
simulated_annealing,7,6,3.590760000050068,0,287.0,3.6,8,"{'horizon': 14, 'iterations': 65, 'initial_temp': 9.59193166541839, 'cooling': 0.8731373714688203}"
simulated_annealing,7,7,0.8224483999656513,0,271.0,3.4000000000000004,4,"{'horizon': 14, 'iterations': 65, 'initial_temp': 9.59193166541839, 'cooling': 0.8731373714688203}"
simulated_annealing,7,8,4.094059600029141,0,407.0,5.1000000000000005,9,"{'horizon': 14, 'iterations': 65, 'initial_temp': 9.59193166541839, 'cooling': 0.8731373714688203}"
simulated_annealing,7,9,4.5851020000409335,0,541.0,6.800000000000001,6,"{'horizon': 14, 'iterations': 65, 'initial_temp': 9.59193166541839, 'cooling': 0.8731373714688203}"
simulated_annealing,7,10,5.1732891000574455,0,571.0,7.15,1,"{'horizon': 14, 'iterations': 65, 'initial_temp': 9.59193166541839, 'cooling': 0.8731373714688203}"
simulated_annealing,7,11,19.591995700029656,0,339.0,4.25,14,"{'horizon': 14, 'iterations': 65, 'initial_temp': 9.59193166541839, 'cooling': 0.8731373714688203}"
simulated_annealing,7,12,3.1868742000078782,0,459.0,5.75,11,"{'horizon': 14, 'iterations': 65, 'initial_temp': 9.59193166541839, 'cooling': 0.8731373714688203}"
simulated_annealing,7,13,10.231890399940312,0,1215.0,15.200000000000001,10,"{'horizon': 14, 'iterations': 65, 'initial_temp': 9.59193166541839, 'cooling': 0.8731373714688203}"
simulated_annealing,7,14,2.0670740000205114,0,352.0,4.45,5,"{'horizon': 14, 'iterations': 65, 'initial_temp': 9.59193166541839, 'cooling': 0.8731373714688203}"
simulated_annealing,7,15,2.8573649999452755,0,271.0,3.4000000000000004,5,"{'horizon': 14, 'iterations': 65, 'initial_temp': 9.59193166541839, 'cooling': 0.8731373714688203}"
simulated_annealing,7,16,3.9606871999567375,0,556.0,7.25,7,"{'horizon': 14, 'iterations': 65, 'initial_temp': 9.59193166541839, 'cooling': 0.8731373714688203}"
simulated_annealing,7,17,1.4051937999902293,0,355.0,4.45,2,"{'horizon': 14, 'iterations': 65, 'initial_temp': 9.59193166541839, 'cooling': 0.8731373714688203}"
simulated_annealing,7,18,4.368750900030136,0,315.0,3.95,0,"{'horizon': 14, 'iterations': 65, 'initial_temp': 9.59193166541839, 'cooling': 0.8731373714688203}"
simulated_annealing,7,19,1.0211991999531165,0,267.0,3.35,0,"{'horizon': 14, 'iterations': 65, 'initial_temp': 9.59193166541839, 'cooling': 0.8731373714688203}"
simulated_annealing,7,20,1.2782829999923706,0,298.0,3.8000000000000003,2,"{'horizon': 14, 'iterations': 65, 'initial_temp': 9.59193166541839, 'cooling': 0.8731373714688203}"
simulated_annealing,7,21,4.170835900004022,0,327.0,4.1000000000000005,13,"{'horizon': 14, 'iterations': 65, 'initial_temp': 9.59193166541839, 'cooling': 0.8731373714688203}"
simulated_annealing,7,22,1.8364098001038656,0,587.0,7.3500000000000005,5,"{'horizon': 14, 'iterations': 65, 'initial_temp': 9.59193166541839, 'cooling': 0.8731373714688203}"
simulated_annealing,7,23,67.1867136999499,-1,1000000000.0,1000000000.0,0.0,"{'horizon': 14, 'iterations': 65, 'initial_temp': 9.59193166541839, 'cooling': 0.8731373714688203}"
simulated_annealing,7,24,127.19689819996711,-1,1000000000.0,1000000000.0,0.0,"{'horizon': 14, 'iterations': 65, 'initial_temp': 9.59193166541839, 'cooling': 0.8731373714688203}"
simulated_annealing,7,25,0.9641633999999613,0,291.0,3.6500000000000004,2,"{'horizon': 14, 'iterations': 65, 'initial_temp': 9.59193166541839, 'cooling': 0.8731373714688203}"
simulated_annealing,7,26,4.104197300039232,0,347.0,4.3500000000000005,6,"{'horizon': 14, 'iterations': 65, 'initial_temp': 9.59193166541839, 'cooling': 0.8731373714688203}"
simulated_annealing,7,27,3.615649300045334,0,323.0,4.05,2,"{'horizon': 14, 'iterations': 65, 'initial_temp': 9.59193166541839, 'cooling': 0.8731373714688203}"
simulated_annealing,7,28,4.391666199895553,0,687.0,8.6,1,"{'horizon': 14, 'iterations': 65, 'initial_temp': 9.59193166541839, 'cooling': 0.8731373714688203}"
simulated_annealing,7,29,4.369679700001143,0,287.0,3.6,6,"{'horizon': 14, 'iterations': 65, 'initial_temp': 9.59193166541839, 'cooling': 0.8731373714688203}"
simulated_annealing,7,30,2.0421310999663547,0,339.0,4.25,5,"{'horizon': 14, 'iterations': 65, 'initial_temp': 9.59193166541839, 'cooling': 0.8731373714688203}"
simulated_annealing,7,31,3.53963739995379,0,330.0,4.15,5,"{'horizon': 14, 'iterations': 65, 'initial_temp': 9.59193166541839, 'cooling': 0.8731373714688203}"
simulated_annealing,7,32,20.13031590008177,0,2168.0,30.05,0,"{'horizon': 14, 'iterations': 65, 'initial_temp': 9.59193166541839, 'cooling': 0.8731373714688203}"
simulated_annealing,7,33,4.248455099994317,0,299.0,3.75,3,"{'horizon': 14, 'iterations': 65, 'initial_temp': 9.59193166541839, 'cooling': 0.8731373714688203}"
simulated_annealing,7,34,3.1066121000330895,0,319.0,4.0,9,"{'horizon': 14, 'iterations': 65, 'initial_temp': 9.59193166541839, 'cooling': 0.8731373714688203}"
simulated_annealing,7,35,2.0998274999437854,0,267.0,3.35,4,"{'horizon': 14, 'iterations': 65, 'initial_temp': 9.59193166541839, 'cooling': 0.8731373714688203}"
simulated_annealing,7,36,1.897586700040847,0,331.0,4.15,5,"{'horizon': 14, 'iterations': 65, 'initial_temp': 9.59193166541839, 'cooling': 0.8731373714688203}"
simulated_annealing,7,37,2.608404799946584,0,315.0,3.95,7,"{'horizon': 14, 'iterations': 65, 'initial_temp': 9.59193166541839, 'cooling': 0.8731373714688203}"
simulated_annealing,7,38,2.072746600024402,0,407.0,5.1000000000000005,5,"{'horizon': 14, 'iterations': 65, 'initial_temp': 9.59193166541839, 'cooling': 0.8731373714688203}"
simulated_annealing,7,39,3.1270829000277445,0,397.0,5.0,1,"{'horizon': 14, 'iterations': 65, 'initial_temp': 9.59193166541839, 'cooling': 0.8731373714688203}"
simulated_annealing,7,40,1.8626789998961613,0,367.0,4.6000000000000005,1,"{'horizon': 14, 'iterations': 65, 'initial_temp': 9.59193166541839, 'cooling': 0.8731373714688203}"
simulated_annealing,7,41,34.03503869997803,1,5000.0,62.5,10,"{'horizon': 14, 'iterations': 65, 'initial_temp': 9.59193166541839, 'cooling': 0.8731373714688203}"
simulated_annealing,7,42,0.8251029000384733,0,295.0,3.7,0,"{'horizon': 14, 'iterations': 65, 'initial_temp': 9.59193166541839, 'cooling': 0.8731373714688203}"
simulated_annealing,7,43,0.9500954999821261,0,263.0,3.3000000000000003,0,"{'horizon': 14, 'iterations': 65, 'initial_temp': 9.59193166541839, 'cooling': 0.8731373714688203}"
simulated_annealing,7,44,2.326941700070165,0,287.0,3.6,8,"{'horizon': 14, 'iterations': 65, 'initial_temp': 9.59193166541839, 'cooling': 0.8731373714688203}"
simulated_annealing,7,45,67.62412329996005,1,5000.0,62.5,9,"{'horizon': 14, 'iterations': 65, 'initial_temp': 9.59193166541839, 'cooling': 0.8731373714688203}"
simulated_annealing,7,46,11.919893000042066,0,371.0,4.65,8,"{'horizon': 14, 'iterations': 65, 'initial_temp': 9.59193166541839, 'cooling': 0.8731373714688203}"
simulated_annealing,7,47,3.812002000049688,0,311.0,3.9000000000000004,5,"{'horizon': 14, 'iterations': 65, 'initial_temp': 9.59193166541839, 'cooling': 0.8731373714688203}"
simulated_annealing,7,48,2.9585057999938726,0,339.0,4.25,4,"{'horizon': 14, 'iterations': 65, 'initial_temp': 9.59193166541839, 'cooling': 0.8731373714688203}"
simulated_annealing,7,49,1.3367219999199733,0,263.0,3.3000000000000003,0,"{'horizon': 14, 'iterations': 65, 'initial_temp': 9.59193166541839, 'cooling': 0.8731373714688203}"
simulated_annealing,7,50,1.802726099966094,0,299.0,3.75,12,"{'horizon': 14, 'iterations': 65, 'initial_temp': 9.59193166541839, 'cooling': 0.8731373714688203}"
simulated_annealing,7,51,0.7562241000123322,0,259.0,3.25,1,"{'horizon': 14, 'iterations': 65, 'initial_temp': 9.59193166541839, 'cooling': 0.8731373714688203}"
simulated_annealing,7,52,3.3154448000714183,0,295.0,3.7,0,"{'horizon': 14, 'iterations': 65, 'initial_temp': 9.59193166541839, 'cooling': 0.8731373714688203}"
simulated_annealing,7,53,6.070232599973679,0,463.0,5.800000000000001,4,"{'horizon': 14, 'iterations': 65, 'initial_temp': 9.59193166541839, 'cooling': 0.8731373714688203}"
simulated_annealing,7,54,4.392306399997324,0,513.0,6.6000000000000005,7,"{'horizon': 14, 'iterations': 65, 'initial_temp': 9.59193166541839, 'cooling': 0.8731373714688203}"
simulated_annealing,7,55,1.4133097999729216,0,327.0,4.1000000000000005,6,"{'horizon': 14, 'iterations': 65, 'initial_temp': 9.59193166541839, 'cooling': 0.8731373714688203}"
simulated_annealing,7,56,3.2667405999964103,0,427.0,5.3500000000000005,5,"{'horizon': 14, 'iterations': 65, 'initial_temp': 9.59193166541839, 'cooling': 0.8731373714688203}"
simulated_annealing,7,57,1.8027116999728605,0,271.0,3.4000000000000004,3,"{'horizon': 14, 'iterations': 65, 'initial_temp': 9.59193166541839, 'cooling': 0.8731373714688203}"
simulated_annealing,7,58,2.7745274000335485,0,347.0,4.3500000000000005,11,"{'horizon': 14, 'iterations': 65, 'initial_temp': 9.59193166541839, 'cooling': 0.8731373714688203}"
simulated_annealing,7,59,2.7456323000369594,0,319.0,4.0,0,"{'horizon': 14, 'iterations': 65, 'initial_temp': 9.59193166541839, 'cooling': 0.8731373714688203}"
simulated_annealing,7,60,1.3910761999431998,0,247.0,3.1,8,"{'horizon': 14, 'iterations': 65, 'initial_temp': 9.59193166541839, 'cooling': 0.8731373714688203}"
simulated_annealing,7,61,5.155346699990332,0,323.0,4.05,7,"{'horizon': 14, 'iterations': 65, 'initial_temp': 9.59193166541839, 'cooling': 0.8731373714688203}"
simulated_annealing,7,62,13.93798709998373,0,347.0,4.3500000000000005,8,"{'horizon': 14, 'iterations': 65, 'initial_temp': 9.59193166541839, 'cooling': 0.8731373714688203}"
simulated_annealing,7,63,3.37838439992629,0,347.0,4.3500000000000005,1,"{'horizon': 14, 'iterations': 65, 'initial_temp': 9.59193166541839, 'cooling': 0.8731373714688203}"
simulated_annealing,7,64,5.932303100009449,0,491.0,6.15,8,"{'horizon': 14, 'iterations': 65, 'initial_temp': 9.59193166541839, 'cooling': 0.8731373714688203}"
simulated_annealing,7,65,3.1990898000076413,0,359.0,4.5,5,"{'horizon': 14, 'iterations': 65, 'initial_temp': 9.59193166541839, 'cooling': 0.8731373714688203}"
simulated_annealing,7,66,3.974109699949622,0,311.0,3.9000000000000004,0,"{'horizon': 14, 'iterations': 65, 'initial_temp': 9.59193166541839, 'cooling': 0.8731373714688203}"
simulated_annealing,7,67,7.889816600014456,0,463.0,5.800000000000001,10,"{'horizon': 14, 'iterations': 65, 'initial_temp': 9.59193166541839, 'cooling': 0.8731373714688203}"
simulated_annealing,7,68,7.666194000048563,0,407.0,5.1000000000000005,0,"{'horizon': 14, 'iterations': 65, 'initial_temp': 9.59193166541839, 'cooling': 0.8731373714688203}"
simulated_annealing,7,69,77.0758059999207,-1,1000000000.0,1000000000.0,0.0,"{'horizon': 14, 'iterations': 65, 'initial_temp': 9.59193166541839, 'cooling': 0.8731373714688203}"
simulated_annealing,7,70,1.1706968999933451,0,271.0,3.4000000000000004,1,"{'horizon': 14, 'iterations': 65, 'initial_temp': 9.59193166541839, 'cooling': 0.8731373714688203}"
simulated_annealing,7,71,4.754213899956085,0,347.0,4.3500000000000005,2,"{'horizon': 14, 'iterations': 65, 'initial_temp': 9.59193166541839, 'cooling': 0.8731373714688203}"
simulated_annealing,7,72,3.6597666000016034,0,431.0,5.4,5,"{'horizon': 14, 'iterations': 65, 'initial_temp': 9.59193166541839, 'cooling': 0.8731373714688203}"
simulated_annealing,7,73,2.6536403000354767,0,319.0,4.0,6,"{'horizon': 14, 'iterations': 65, 'initial_temp': 9.59193166541839, 'cooling': 0.8731373714688203}"
simulated_annealing,7,74,4.496280100080185,0,475.0,5.95,10,"{'horizon': 14, 'iterations': 65, 'initial_temp': 9.59193166541839, 'cooling': 0.8731373714688203}"
simulated_annealing,7,75,5.041113800019957,0,303.0,3.8000000000000003,5,"{'horizon': 14, 'iterations': 65, 'initial_temp': 9.59193166541839, 'cooling': 0.8731373714688203}"
simulated_annealing,7,76,60.572502100025304,-1,1000000000.0,1000000000.0,0.0,"{'horizon': 14, 'iterations': 65, 'initial_temp': 9.59193166541839, 'cooling': 0.8731373714688203}"
simulated_annealing,7,77,6.291389299905859,0,315.0,3.95,7,"{'horizon': 14, 'iterations': 65, 'initial_temp': 9.59193166541839, 'cooling': 0.8731373714688203}"
simulated_annealing,7,78,2.89529669994954,0,327.0,4.1000000000000005,5,"{'horizon': 14, 'iterations': 65, 'initial_temp': 9.59193166541839, 'cooling': 0.8731373714688203}"
simulated_annealing,7,79,1.9507013999391347,0,303.0,3.8000000000000003,8,"{'horizon': 14, 'iterations': 65, 'initial_temp': 9.59193166541839, 'cooling': 0.8731373714688203}"
simulated_annealing,7,80,0.3274106999160722,0,243.0,3.0500000000000003,4,"{'horizon': 14, 'iterations': 65, 'initial_temp': 9.59193166541839, 'cooling': 0.8731373714688203}"
simulated_annealing,7,81,3.161035900004208,0,275.0,3.45,0,"{'horizon': 14, 'iterations': 65, 'initial_temp': 9.59193166541839, 'cooling': 0.8731373714688203}"
simulated_annealing,7,82,31.521256999927573,0,883.0,11.05,9,"{'horizon': 14, 'iterations': 65, 'initial_temp': 9.59193166541839, 'cooling': 0.8731373714688203}"
simulated_annealing,7,83,42.82826089998707,0,1151.0,14.4,28,"{'horizon': 14, 'iterations': 65, 'initial_temp': 9.59193166541839, 'cooling': 0.8731373714688203}"
simulated_annealing,7,84,3.2383779999800026,0,279.0,3.5,10,"{'horizon': 14, 'iterations': 65, 'initial_temp': 9.59193166541839, 'cooling': 0.8731373714688203}"
simulated_annealing,7,85,21.12391269998625,0,1003.0,12.55,4,"{'horizon': 14, 'iterations': 65, 'initial_temp': 9.59193166541839, 'cooling': 0.8731373714688203}"
simulated_annealing,7,86,120.35225780005567,-1,1000000000.0,1000000000.0,0.0,"{'horizon': 14, 'iterations': 65, 'initial_temp': 9.59193166541839, 'cooling': 0.8731373714688203}"
simulated_annealing,7,87,1.2242165000643581,0,347.0,4.3500000000000005,0,"{'horizon': 14, 'iterations': 65, 'initial_temp': 9.59193166541839, 'cooling': 0.8731373714688203}"
simulated_annealing,7,88,2.044544899952598,0,311.0,3.9000000000000004,8,"{'horizon': 14, 'iterations': 65, 'initial_temp': 9.59193166541839, 'cooling': 0.8731373714688203}"
simulated_annealing,7,89,2.6972581000300124,0,295.0,3.7,0,"{'horizon': 14, 'iterations': 65, 'initial_temp': 9.59193166541839, 'cooling': 0.8731373714688203}"
simulated_annealing,7,90,1.3172674999805167,0,331.0,4.15,0,"{'horizon': 14, 'iterations': 65, 'initial_temp': 9.59193166541839, 'cooling': 0.8731373714688203}"
simulated_annealing,7,91,6.557657900033519,0,347.0,4.3500000000000005,8,"{'horizon': 14, 'iterations': 65, 'initial_temp': 9.59193166541839, 'cooling': 0.8731373714688203}"
simulated_annealing,7,92,0.19207460002508014,0,219.0,2.75,0,"{'horizon': 14, 'iterations': 65, 'initial_temp': 9.59193166541839, 'cooling': 0.8731373714688203}"
simulated_annealing,7,93,9.96664600004442,0,475.0,5.95,10,"{'horizon': 14, 'iterations': 65, 'initial_temp': 9.59193166541839, 'cooling': 0.8731373714688203}"
simulated_annealing,7,94,0.5867500000167638,0,251.0,3.1500000000000004,0,"{'horizon': 14, 'iterations': 65, 'initial_temp': 9.59193166541839, 'cooling': 0.8731373714688203}"
simulated_annealing,7,95,60.10724499996286,-1,1000000000.0,1000000000.0,0.0,"{'horizon': 14, 'iterations': 65, 'initial_temp': 9.59193166541839, 'cooling': 0.8731373714688203}"
simulated_annealing,7,96,14.850719999987632,0,595.0,7.45,9,"{'horizon': 14, 'iterations': 65, 'initial_temp': 9.59193166541839, 'cooling': 0.8731373714688203}"
simulated_annealing,7,97,5.2017725999467075,0,369.0,4.65,4,"{'horizon': 14, 'iterations': 65, 'initial_temp': 9.59193166541839, 'cooling': 0.8731373714688203}"
simulated_annealing,7,98,98.3196120999055,0,343.0,4.4,1,"{'horizon': 14, 'iterations': 65, 'initial_temp': 9.59193166541839, 'cooling': 0.8731373714688203}"
simulated_annealing,7,99,9.375093899900094,0,431.0,5.4,16,"{'horizon': 14, 'iterations': 65, 'initial_temp': 9.59193166541839, 'cooling': 0.8731373714688203}"
simulated_annealing,8,0,2.3534065999556333,0,363.0,4.55,9,"{'horizon': 11, 'iterations': 95, 'initial_temp': 13.278642940484719, 'cooling': 0.9052834125445798}"
simulated_annealing,8,1,7.953078699996695,0,479.0,6.0,7,"{'horizon': 11, 'iterations': 95, 'initial_temp': 13.278642940484719, 'cooling': 0.9052834125445798}"
simulated_annealing,8,2,39.25745170004666,0,743.0,9.3,6,"{'horizon': 11, 'iterations': 95, 'initial_temp': 13.278642940484719, 'cooling': 0.9052834125445798}"
simulated_annealing,8,3,2.0981726000318304,0,299.0,3.75,0,"{'horizon': 11, 'iterations': 95, 'initial_temp': 13.278642940484719, 'cooling': 0.9052834125445798}"
simulated_annealing,8,4,7.121886900044046,0,331.0,4.15,18,"{'horizon': 11, 'iterations': 95, 'initial_temp': 13.278642940484719, 'cooling': 0.9052834125445798}"
simulated_annealing,8,5,0.16339999996125698,0,255.0,3.2,0,"{'horizon': 11, 'iterations': 95, 'initial_temp': 13.278642940484719, 'cooling': 0.9052834125445798}"
simulated_annealing,8,6,5.1119688000762835,0,279.0,3.5,12,"{'horizon': 11, 'iterations': 95, 'initial_temp': 13.278642940484719, 'cooling': 0.9052834125445798}"
simulated_annealing,8,7,1.6386522999964654,0,330.0,4.2,3,"{'horizon': 11, 'iterations': 95, 'initial_temp': 13.278642940484719, 'cooling': 0.9052834125445798}"
simulated_annealing,8,8,8.173539099982008,0,351.0,4.4,9,"{'horizon': 11, 'iterations': 95, 'initial_temp': 13.278642940484719, 'cooling': 0.9052834125445798}"
simulated_annealing,8,9,2.71725610003341,0,271.0,3.4000000000000004,2,"{'horizon': 11, 'iterations': 95, 'initial_temp': 13.278642940484719, 'cooling': 0.9052834125445798}"
simulated_annealing,8,10,6.706179199973121,0,351.0,4.4,2,"{'horizon': 11, 'iterations': 95, 'initial_temp': 13.278642940484719, 'cooling': 0.9052834125445798}"
simulated_annealing,8,11,4.889734100084752,0,283.0,3.5500000000000003,11,"{'horizon': 11, 'iterations': 95, 'initial_temp': 13.278642940484719, 'cooling': 0.9052834125445798}"
simulated_annealing,8,12,3.3999862000346184,0,387.0,4.8500000000000005,6,"{'horizon': 11, 'iterations': 95, 'initial_temp': 13.278642940484719, 'cooling': 0.9052834125445798}"
simulated_annealing,8,13,18.844897100003436,0,771.0,9.65,8,"{'horizon': 11, 'iterations': 95, 'initial_temp': 13.278642940484719, 'cooling': 0.9052834125445798}"
simulated_annealing,8,14,8.923183799954131,0,511.0,6.4,14,"{'horizon': 11, 'iterations': 95, 'initial_temp': 13.278642940484719, 'cooling': 0.9052834125445798}"
simulated_annealing,8,15,101.65026029990986,-1,1000000000.0,1000000000.0,0.0,"{'horizon': 11, 'iterations': 95, 'initial_temp': 13.278642940484719, 'cooling': 0.9052834125445798}"
simulated_annealing,8,16,2.078134800074622,0,278.0,3.5,7,"{'horizon': 11, 'iterations': 95, 'initial_temp': 13.278642940484719, 'cooling': 0.9052834125445798}"
simulated_annealing,8,17,1.8099720999598503,0,323.0,4.05,1,"{'horizon': 11, 'iterations': 95, 'initial_temp': 13.278642940484719, 'cooling': 0.9052834125445798}"
simulated_annealing,8,18,4.234709299984388,0,331.0,4.15,0,"{'horizon': 11, 'iterations': 95, 'initial_temp': 13.278642940484719, 'cooling': 0.9052834125445798}"
simulated_annealing,8,19,0.9499486000277102,0,255.0,3.2,0,"{'horizon': 11, 'iterations': 95, 'initial_temp': 13.278642940484719, 'cooling': 0.9052834125445798}"
simulated_annealing,8,20,1.446573800058104,0,283.0,3.6,3,"{'horizon': 11, 'iterations': 95, 'initial_temp': 13.278642940484719, 'cooling': 0.9052834125445798}"
simulated_annealing,8,21,4.129616099991836,0,299.0,3.75,15,"{'horizon': 11, 'iterations': 95, 'initial_temp': 13.278642940484719, 'cooling': 0.9052834125445798}"
simulated_annealing,8,22,2.5609732000157237,0,595.0,7.45,0,"{'horizon': 11, 'iterations': 95, 'initial_temp': 13.278642940484719, 'cooling': 0.9052834125445798}"
simulated_annealing,8,23,2.6535409999778494,0,314.0,3.95,0,"{'horizon': 11, 'iterations': 95, 'initial_temp': 13.278642940484719, 'cooling': 0.9052834125445798}"
simulated_annealing,8,24,67.12223209999502,-1,1000000000.0,1000000000.0,0.0,"{'horizon': 11, 'iterations': 95, 'initial_temp': 13.278642940484719, 'cooling': 0.9052834125445798}"
simulated_annealing,8,25,2.345630700001493,0,307.0,3.85,4,"{'horizon': 11, 'iterations': 95, 'initial_temp': 13.278642940484719, 'cooling': 0.9052834125445798}"
simulated_annealing,8,26,9.636436800006777,0,299.0,3.75,6,"{'horizon': 11, 'iterations': 95, 'initial_temp': 13.278642940484719, 'cooling': 0.9052834125445798}"
simulated_annealing,8,27,4.4927996000042185,0,355.0,4.45,5,"{'horizon': 11, 'iterations': 95, 'initial_temp': 13.278642940484719, 'cooling': 0.9052834125445798}"
simulated_annealing,8,28,1.382735599996522,0,311.0,3.9000000000000004,5,"{'horizon': 11, 'iterations': 95, 'initial_temp': 13.278642940484719, 'cooling': 0.9052834125445798}"
simulated_annealing,8,29,11.130152800003998,0,367.0,4.6000000000000005,7,"{'horizon': 11, 'iterations': 95, 'initial_temp': 13.278642940484719, 'cooling': 0.9052834125445798}"
simulated_annealing,8,30,1.4947960999561474,0,323.0,4.05,4,"{'horizon': 11, 'iterations': 95, 'initial_temp': 13.278642940484719, 'cooling': 0.9052834125445798}"
simulated_annealing,8,31,9.196752000018023,0,419.0,5.25,0,"{'horizon': 11, 'iterations': 95, 'initial_temp': 13.278642940484719, 'cooling': 0.9052834125445798}"
simulated_annealing,8,32,1.9718488999642432,0,403.0,5.1000000000000005,7,"{'horizon': 11, 'iterations': 95, 'initial_temp': 13.278642940484719, 'cooling': 0.9052834125445798}"
simulated_annealing,8,33,2.793508499977179,0,275.0,3.45,13,"{'horizon': 11, 'iterations': 95, 'initial_temp': 13.278642940484719, 'cooling': 0.9052834125445798}"
simulated_annealing,8,34,3.8273843999486417,0,315.0,3.95,9,"{'horizon': 11, 'iterations': 95, 'initial_temp': 13.278642940484719, 'cooling': 0.9052834125445798}"
simulated_annealing,8,35,1.7570652000140399,0,243.0,3.0500000000000003,0,"{'horizon': 11, 'iterations': 95, 'initial_temp': 13.278642940484719, 'cooling': 0.9052834125445798}"
simulated_annealing,8,36,1.091083100065589,0,247.0,3.1,0,"{'horizon': 11, 'iterations': 95, 'initial_temp': 13.278642940484719, 'cooling': 0.9052834125445798}"
simulated_annealing,8,37,1.9063980999635532,0,299.0,3.75,12,"{'horizon': 11, 'iterations': 95, 'initial_temp': 13.278642940484719, 'cooling': 0.9052834125445798}"
simulated_annealing,8,38,1.8491562000708655,0,359.0,4.5,5,"{'horizon': 11, 'iterations': 95, 'initial_temp': 13.278642940484719, 'cooling': 0.9052834125445798}"
simulated_annealing,8,39,4.799446500022896,0,417.0,5.300000000000001,6,"{'horizon': 11, 'iterations': 95, 'initial_temp': 13.278642940484719, 'cooling': 0.9052834125445798}"
simulated_annealing,8,40,2.1452039999421686,0,343.0,4.3,2,"{'horizon': 11, 'iterations': 95, 'initial_temp': 13.278642940484719, 'cooling': 0.9052834125445798}"
simulated_annealing,8,41,1.1236892000306398,0,263.0,3.3000000000000003,2,"{'horizon': 11, 'iterations': 95, 'initial_temp': 13.278642940484719, 'cooling': 0.9052834125445798}"
simulated_annealing,8,42,0.6528385999845341,0,283.0,3.5500000000000003,0,"{'horizon': 11, 'iterations': 95, 'initial_temp': 13.278642940484719, 'cooling': 0.9052834125445798}"
simulated_annealing,8,43,1.3812081000069156,0,259.0,3.25,0,"{'horizon': 11, 'iterations': 95, 'initial_temp': 13.278642940484719, 'cooling': 0.9052834125445798}"
simulated_annealing,8,44,4.418173500103876,0,299.0,3.75,8,"{'horizon': 11, 'iterations': 95, 'initial_temp': 13.278642940484719, 'cooling': 0.9052834125445798}"
simulated_annealing,8,45,17.00971849996131,0,1455.0,18.2,5,"{'horizon': 11, 'iterations': 95, 'initial_temp': 13.278642940484719, 'cooling': 0.9052834125445798}"
simulated_annealing,8,46,18.487017999985255,0,415.0,5.2,2,"{'horizon': 11, 'iterations': 95, 'initial_temp': 13.278642940484719, 'cooling': 0.9052834125445798}"
simulated_annealing,8,47,3.0214847000315785,0,259.0,3.25,3,"{'horizon': 11, 'iterations': 95, 'initial_temp': 13.278642940484719, 'cooling': 0.9052834125445798}"
simulated_annealing,8,48,3.534248000010848,0,323.0,4.05,0,"{'horizon': 11, 'iterations': 95, 'initial_temp': 13.278642940484719, 'cooling': 0.9052834125445798}"
simulated_annealing,8,49,0.9929746000561863,0,251.0,3.1500000000000004,0,"{'horizon': 11, 'iterations': 95, 'initial_temp': 13.278642940484719, 'cooling': 0.9052834125445798}"
simulated_annealing,8,50,3.1948231999995187,0,279.0,3.5,7,"{'horizon': 11, 'iterations': 95, 'initial_temp': 13.278642940484719, 'cooling': 0.9052834125445798}"
simulated_annealing,8,51,2.873579500010237,0,335.0,4.2,3,"{'horizon': 11, 'iterations': 95, 'initial_temp': 13.278642940484719, 'cooling': 0.9052834125445798}"
simulated_annealing,8,52,2.2578859999775887,0,287.0,3.6,0,"{'horizon': 11, 'iterations': 95, 'initial_temp': 13.278642940484719, 'cooling': 0.9052834125445798}"
simulated_annealing,8,53,81.61446319997776,-1,1000000000.0,1000000000.0,0.0,"{'horizon': 11, 'iterations': 95, 'initial_temp': 13.278642940484719, 'cooling': 0.9052834125445798}"
simulated_annealing,8,54,8.109628399950452,0,470.0,5.95,5,"{'horizon': 11, 'iterations': 95, 'initial_temp': 13.278642940484719, 'cooling': 0.9052834125445798}"
simulated_annealing,8,55,1.2585495999082923,0,291.0,3.6500000000000004,1,"{'horizon': 11, 'iterations': 95, 'initial_temp': 13.278642940484719, 'cooling': 0.9052834125445798}"
simulated_annealing,8,56,4.268880999996327,0,363.0,4.55,0,"{'horizon': 11, 'iterations': 95, 'initial_temp': 13.278642940484719, 'cooling': 0.9052834125445798}"
simulated_annealing,8,57,2.702951900078915,0,279.0,3.5,4,"{'horizon': 11, 'iterations': 95, 'initial_temp': 13.278642940484719, 'cooling': 0.9052834125445798}"
simulated_annealing,8,58,2.815905300085433,0,307.0,3.85,8,"{'horizon': 11, 'iterations': 95, 'initial_temp': 13.278642940484719, 'cooling': 0.9052834125445798}"
simulated_annealing,8,59,7.937827900052071,0,523.0,6.550000000000001,1,"{'horizon': 11, 'iterations': 95, 'initial_temp': 13.278642940484719, 'cooling': 0.9052834125445798}"
simulated_annealing,8,60,3.2426304999971762,0,279.0,3.5,8,"{'horizon': 11, 'iterations': 95, 'initial_temp': 13.278642940484719, 'cooling': 0.9052834125445798}"
simulated_annealing,8,61,14.614394400035962,0,319.0,4.0,9,"{'horizon': 11, 'iterations': 95, 'initial_temp': 13.278642940484719, 'cooling': 0.9052834125445798}"
simulated_annealing,8,62,16.416916600079276,0,283.0,3.5500000000000003,0,"{'horizon': 11, 'iterations': 95, 'initial_temp': 13.278642940484719, 'cooling': 0.9052834125445798}"
simulated_annealing,8,63,12.816203300026245,0,331.0,4.15,5,"{'horizon': 11, 'iterations': 95, 'initial_temp': 13.278642940484719, 'cooling': 0.9052834125445798}"
simulated_annealing,8,64,12.17986340005882,0,436.0,5.5,11,"{'horizon': 11, 'iterations': 95, 'initial_temp': 13.278642940484719, 'cooling': 0.9052834125445798}"
simulated_annealing,8,65,2.8349945000372827,0,424.0,5.45,1,"{'horizon': 11, 'iterations': 95, 'initial_temp': 13.278642940484719, 'cooling': 0.9052834125445798}"
simulated_annealing,8,66,16.878936600056477,0,582.0,7.550000000000001,14,"{'horizon': 11, 'iterations': 95, 'initial_temp': 13.278642940484719, 'cooling': 0.9052834125445798}"
simulated_annealing,8,67,42.07157570007257,0,1519.0,19.0,13,"{'horizon': 11, 'iterations': 95, 'initial_temp': 13.278642940484719, 'cooling': 0.9052834125445798}"
simulated_annealing,8,68,14.296549499966204,0,327.0,4.1000000000000005,7,"{'horizon': 11, 'iterations': 95, 'initial_temp': 13.278642940484719, 'cooling': 0.9052834125445798}"
simulated_annealing,8,69,4.567256200010888,0,552.0,7.2,9,"{'horizon': 11, 'iterations': 95, 'initial_temp': 13.278642940484719, 'cooling': 0.9052834125445798}"
simulated_annealing,8,70,1.7496347000123933,0,295.0,3.7,0,"{'horizon': 11, 'iterations': 95, 'initial_temp': 13.278642940484719, 'cooling': 0.9052834125445798}"
simulated_annealing,8,71,105.26162160001695,-1,1000000000.0,1000000000.0,0.0,"{'horizon': 11, 'iterations': 95, 'initial_temp': 13.278642940484719, 'cooling': 0.9052834125445798}"
simulated_annealing,8,72,12.632627799990587,0,579.0,7.25,6,"{'horizon': 11, 'iterations': 95, 'initial_temp': 13.278642940484719, 'cooling': 0.9052834125445798}"
simulated_annealing,8,73,1.9189772000536323,0,263.0,3.3000000000000003,2,"{'horizon': 11, 'iterations': 95, 'initial_temp': 13.278642940484719, 'cooling': 0.9052834125445798}"
simulated_annealing,8,74,3.4856165999080986,0,287.0,3.6,5,"{'horizon': 11, 'iterations': 95, 'initial_temp': 13.278642940484719, 'cooling': 0.9052834125445798}"
simulated_annealing,8,75,4.663049899972975,0,279.0,3.5,2,"{'horizon': 11, 'iterations': 95, 'initial_temp': 13.278642940484719, 'cooling': 0.9052834125445798}"
simulated_annealing,8,76,60.43973060010467,-1,1000000000.0,1000000000.0,0.0,"{'horizon': 11, 'iterations': 95, 'initial_temp': 13.278642940484719, 'cooling': 0.9052834125445798}"
simulated_annealing,8,77,39.6804391000187,0,347.0,4.3500000000000005,2,"{'horizon': 11, 'iterations': 95, 'initial_temp': 13.278642940484719, 'cooling': 0.9052834125445798}"
simulated_annealing,8,78,26.87808589998167,0,391.0,4.9,9,"{'horizon': 11, 'iterations': 95, 'initial_temp': 13.278642940484719, 'cooling': 0.9052834125445798}"
simulated_annealing,8,79,32.966907900059596,0,587.0,7.3500000000000005,10,"{'horizon': 11, 'iterations': 95, 'initial_temp': 13.278642940484719, 'cooling': 0.9052834125445798}"
simulated_annealing,8,80,2.0755754999117926,0,243.0,3.0500000000000003,0,"{'horizon': 11, 'iterations': 95, 'initial_temp': 13.278642940484719, 'cooling': 0.9052834125445798}"
simulated_annealing,8,81,24.979112500092015,0,267.0,3.35,0,"{'horizon': 11, 'iterations': 95, 'initial_temp': 13.278642940484719, 'cooling': 0.9052834125445798}"
simulated_annealing,8,82,120.37267339997925,-1,1000000000.0,1000000000.0,0.0,"{'horizon': 11, 'iterations': 95, 'initial_temp': 13.278642940484719, 'cooling': 0.9052834125445798}"
simulated_annealing,8,83,180.3864551000297,-1,1000000000.0,1000000000.0,0.0,"{'horizon': 11, 'iterations': 95, 'initial_temp': 13.278642940484719, 'cooling': 0.9052834125445798}"
simulated_annealing,8,84,9.080568500095978,0,247.0,3.1,11,"{'horizon': 11, 'iterations': 95, 'initial_temp': 13.278642940484719, 'cooling': 0.9052834125445798}"
simulated_annealing,8,85,14.078265700023621,0,283.0,3.5500000000000003,1,"{'horizon': 11, 'iterations': 95, 'initial_temp': 13.278642940484719, 'cooling': 0.9052834125445798}"
simulated_annealing,8,86,42.01865129999351,0,391.0,4.9,11,"{'horizon': 11, 'iterations': 95, 'initial_temp': 13.278642940484719, 'cooling': 0.9052834125445798}"
simulated_annealing,8,87,4.137782200006768,0,259.0,3.25,5,"{'horizon': 11, 'iterations': 95, 'initial_temp': 13.278642940484719, 'cooling': 0.9052834125445798}"
simulated_annealing,8,88,240.31292409996968,-1,1000000000.0,1000000000.0,0.0,"{'horizon': 11, 'iterations': 95, 'initial_temp': 13.278642940484719, 'cooling': 0.9052834125445798}"
simulated_annealing,8,89,15.176921800011769,0,271.0,3.4000000000000004,0,"{'horizon': 11, 'iterations': 95, 'initial_temp': 13.278642940484719, 'cooling': 0.9052834125445798}"
simulated_annealing,8,90,6.41541470005177,0,275.0,3.45,4,"{'horizon': 11, 'iterations': 95, 'initial_temp': 13.278642940484719, 'cooling': 0.9052834125445798}"
simulated_annealing,8,91,48.779856299981475,0,379.0,4.75,3,"{'horizon': 11, 'iterations': 95, 'initial_temp': 13.278642940484719, 'cooling': 0.9052834125445798}"
simulated_annealing,8,92,1.3823129000375047,0,223.0,2.8000000000000003,0,"{'horizon': 11, 'iterations': 95, 'initial_temp': 13.278642940484719, 'cooling': 0.9052834125445798}"
simulated_annealing,8,93,45.79255979997106,0,511.0,6.4,13,"{'horizon': 11, 'iterations': 95, 'initial_temp': 13.278642940484719, 'cooling': 0.9052834125445798}"
simulated_annealing,8,94,4.5109955000225455,0,255.0,3.2,0,"{'horizon': 11, 'iterations': 95, 'initial_temp': 13.278642940484719, 'cooling': 0.9052834125445798}"
simulated_annealing,8,95,60.132208599941805,-1,1000000000.0,1000000000.0,0.0,"{'horizon': 11, 'iterations': 95, 'initial_temp': 13.278642940484719, 'cooling': 0.9052834125445798}"
simulated_annealing,8,96,6.290546999895014,0,411.0,5.15,11,"{'horizon': 11, 'iterations': 95, 'initial_temp': 13.278642940484719, 'cooling': 0.9052834125445798}"
simulated_annealing,8,97,25.289758599945344,0,739.0,9.25,12,"{'horizon': 11, 'iterations': 95, 'initial_temp': 13.278642940484719, 'cooling': 0.9052834125445798}"
simulated_annealing,8,98,1.6989530000137165,0,327.0,4.1000000000000005,11,"{'horizon': 11, 'iterations': 95, 'initial_temp': 13.278642940484719, 'cooling': 0.9052834125445798}"
simulated_annealing,8,99,50.55042419990059,0,409.0,5.15,9,"{'horizon': 11, 'iterations': 95, 'initial_temp': 13.278642940484719, 'cooling': 0.9052834125445798}"
